longest punt return, name, punt return yards, punt returns
8,M Stovall,9,2
1,J Thomas,-1,1
8,F Swain,19,3
1,B Aiyuk,1,2
20,K Price,25,4
11,J Rogers,13,3
0,T Anderson,7,2
40,B Covey,46,3
49,O Anderson,79,6
0,M Williams,0,1
25,R Montgomery,25,1
8,W Swinney,8,1
0,J Thomas,0,1
14,K Pimpleton,14,2
0,D McDonald,-3,1
19,Q Skanes,31,3
15,J Lorick,22,3
8,D Douglas,8,1
25,B Ezell,25,1
0,J Ison,0,1
12,R Paul,13,2
5,H White,5,1
15,M Mitchell,24,2
8,J Hill,18,1
10,K Crabb,10,1
7,T Hudson,7,1
19,B Turner,19,1
16,S Rogers,16,1
0,N Lyon,-2,2
0,A Miranda,0,1
17,A Trammell,23,2
6,K Nixon,6,1
13,D Wright,19,2
10,J Nailor,17,2
7,C White,13,2
9,D Long,9,1
11,K Stokes,22,4
6,R Doubs,6,1
28,R Moore,28,3
0,A Horvath,-2,1
5,D Stoner,4,3
17,K Sails,17,1
41,J Dunn,62,4
1,K Hinton,1,1
0,B Peterson,0,1
4,A Daramy Swaray,4,1
9,B Edmonds,13,1
1,J Proche,1,1
33,M Williams,33,1
14,T Hennigan,15,2
0,J Saylors,0,1
11,T Burks,16,2
0,B Kelly,0,1
0,J Hall,0,1
11,W Philyor,11,1
13,G Arnold,17,2
1,R Sneed,1,1
17,R Bentley,17,1
12,T Levy,23,4
7,H Grimsley,9,2
22,D Matthews,22,1
28,N Remigio,42,3
22,J White,22,1
9,I Thomas,9,1
30,K Tyler,42,2
3,J Blackwell,3,1
13,D Navarro,13,1
6,K Cumby,6,1
5,J Holmes,5,1
15,J Knight,23,2
11,N Ragaini,16,2
11,K Lassiter II,11,1
7,D Hendrix,11,2
4,D Caton,4,1
9,P Brooks,9,1
6,J Ali,6,1
0,L Bowden Jr,-1,1
5,D McKinley Lewis,6,3
1,D Stubbs,2,3
31,S Riley,41,3
40,M Dear,40,2
0,T Dixon,0,1
32,D Stingley Jr,52,4
40,D Turner,52,2
0,S Savoy,0,1
0,R Lewis,-1,2
21,P Williams,27,3
1,E Moore,2,2
27,R Bell,41,3
0,L Hill,-1,3
7,T Lee,7,1
67,T Keaton,109,5
0,J Springer,-7,1
0,J Roberts,-1,1
15,D Newsome,15,1
38,B Edwards,66,3
16,T Thomas,26,3
12,T Snead,12,1
76,J Spielman,80,4
0,T Minter,0,1
8,C Tucker,12,2
14,T Grimes,13,2
23,D Rogers,47,5
6,K Murray,6,1
3,R Humphries,3,1
26,J Darden,25,3
35,D McCall,40,2
16,K Hill,13,2
5,D Cousart,5,2
0,M Dotson,0,1
9,J Buckner,15,3
1,J Herslow,-2,2
81,J Holland,131,3
41,C Tutt,64,5
0,M Ffrench,0,1
12,C Davis,12,1
7,H Dubois,7,0
2,N Taylor,2,1
25,K Hamler,28,4
7,M Hippenhammer,13,2
8,J Byrd,25,4
3,T Thompson,3,1
10,R Shaheed,13,3
80,J Adams,93,2
0,M Wilson,-1,2
20,R Lees,20,1
26,J Reagor,62,6
18,I Wright,40,5
1,J Jennings,1,1
4,J Cooper,8,3
30,M Callaway,35,1
0,M Sam,0,1
6,K Geiger,7,2
2,R Todd,2,2
0,K Prewitt,-2,1
10,A Frye,21,3
8,J Gasser,9,4
15,J Cockett,40,4
3,T Vaughns,3,1
3,J Garrett,3,1
0,W Dawn Jr,0,1
3,K Willie,3,1
10,K Johnson Jr,11,3
27,T Simmons,55,3
6,K Jackson,6,1
6,C McClatcher,6,1
0,T Weed,-1,1
21,K Mixon Jr,21,1
4,A Sinkfield,4,1
2,D Amos,4,3
17,A Conway,37,3
43,R Floyd,50,2
27,C Lamb,26,3
0,C Finke,-2,1
38,B Aiyuk,38,1
0,J Jones,-2,1
0,P Williams,0,1
0,A Williams,0,2
34,A Trammell,34,1
13,S Surratt,13,1
22,B Kemp,51,4
0,C Davis,-12,1
1,N Stewart,1,1
1,J Knight,-3,2
4,J Haden,4,1
0,M Mitchell,-3,1
23,J Waddle,28,3
1,O Clark,1,1
0,D Jackson,16,0
14,T Hennigan,14,1
10,S Jolly,10,1
42,B Casteel,42,1
22,C Tutt,50,3
36,A Jones,48,2
22,J Hall,20,3
24,N Mayfield,24,1
73,G Arnold,83,3
0,K Johnson Jr,2,1
4,C Fessler,4,1
9,D Kendrick,8,2
4,K Nixon,4,1
5,D Navarro,7,2
20,D Wright,35,4
0,M Cameron,-3,1
7,J Hall,7,1
26,J Blackwell,26,2
0,R Shelton II,10,1
3,S Bracey,3,1
3,K Banks,3,1
5,T Snead,-3,3
3,O Anderson,3,1
18,M Alexander,29,3
0,C Bush,-6,3
1,F Swain,3,3
0,T Williams,0,1
26,D Matthews,32,2
5,B Batiste,5,1
0,D Douglas,0,1
0,C McCoy,0,1
42,T Simmons,65,3
11,D Blaylock,11,1
9,R Castille,9,1
22,J Liptrot,25,2
23,A Brown,23,5
8,B Sanders,8,3
14,M Stovall,10,3
12,J Irish,12,1
13,B Smith,13,1
8,K Corbin,8,1
25,D Tucker,25,1
0,T Mullins,0,1
9,D Ellis,9,1
5,W Philyor,4,2
16,N Ragaini,11,2
12,A Young,10,2
7,K Lassiter II,7,2
12,J Heiligh,12,1
8,S Porter,8,1
52,P Brooks,0,2
29,L Bowden Jr,29,1
5,E Garror,-29,3
33,C Atwell,36,2
1,R Burns,1,1
0,J Smith Jr,0,1
27,M Sam,27,1
15,S Riley,15,1
9,I Rodgers,9,1
7,D Davis,7,2
10,C White,10,1
27,K Brown Jr,27,1
10,A Hall,10,1
3,P Williams,5,2
17,M Thomas,33,2
4,T Carter,4,1
12,A Miranda,12,1
15,T Burks,28,2
8,M Dear,8,1
2,J Adams,2,1
0,D Newsome,0,1
16,T Thomas,15,2
9,T Hines,9,1
0,N Mullen,-2,1
9,K Hill,25,3
3,D McCall,3,1
26,C Lamb,23,2
0,C Sutton,0,1
8,J Holland,8,1
0,H Woods Jr,0,1
0,K Moore,0,1
18,M Ffrench,25,7
14,J Buckner,14,1
1,I Cox,1,1
22,K Hamler,22,1
11,R Cook Jr,11,1
8,R Moore,8,2
1,T Minter,1,1
22,J Vann,24,2
0,A Hifo,0,1
2,J Smith,2,1
11,D Stingley Jr,11,1
11,H White,11,1
7,A Conway,7,1
0,A Frye,0,1
5,J Garrett,5,1
30,K Phillips,43,2
17,J Byrd,17,1
10,J Gasser,10,1
21,B Edmonds,47,3
14,T Vaughns,14,1
15,M Wilson,15,1
1,B Covey,1,1
45,D Thompkins,45,1
21,J Nathan,27,2
19,J Constant,19,1
1,D Crawford,1,1
19,A Fuller,21,3
16,T Harris,16,1
16,J Dunn,51,5
13,A Cruickshank,14,2
10,S Surratt,3,3
9,D Newsome,9,1
7,T Burks,8,3
40,R Miller,40,1
0,D Cousart,-1,1
28,A Williams,33,3
11,J Rogers,11,1
7,C Powell,9,2
4,T Vaughns,4,1
32,N Remigio,32,1
19,N Harvey,19,1
2,J Darden,4,2
2,O Anderson,4,2
21,M Wilson,21,1
17,N Lyon,17,1
42,I Rodgers,62,3
16,R Montgomery,57,5
11,J Walker,11,2
3,M Thomas,3,1
1,K Pimpleton,1,2
6,A Davis Jr,6,1
6,B Peterson,4,2
13,J Heiligh,16,2
14,J Williams,14,1
34,T Gaiter IV,34,1
10,D Prophete,10,0
3,M Alexander,3,1
0,P Lacey,-3,1
17,T Simmons,17,1
8,B Edmonds,8,1
3,A Brown,0,2
1,L Botkin,1,1
6,T Sidney,6,1
14,D Drummond,32,4
0,W Philyor,-1,1
18,C Olave,18,1
1,D McCall,1,1
0,D Young,0,1
15,N Ragaini,15,1
6,R Cook Jr,6,1
20,E Garror,37,3
7,J Wilson,7,1
0,C Smith,-3,1
54,T Palmer,54,1
26,D Stingley Jr,54,3
8,C White,11,2
0,B Aiyuk,-3,1
4,K Osborn,4,1
0,J Thomas,0,2
19,D Douglas,19,1
0,E Moore,-15,2
25,D Williams,33,2
0,A Mitchell,0,1
71,R Floyd,95,5
13,Z Smith,27,3
19,J Buckner,32,2
1,M Dear,1,1
25,P Brooks,45,2
0,J Brown,0,1
0,S Porter,-1,1
11,C Williams,16,2
0,D Taylor,-1,1
0,T Snead,0,1
8,J Spielman,11,2
9,I Stalbird,9,1
4,C Tucker,5,2
8,K Fossum,7,2
5,R Johnson,5,1
2,J Christensen,2,1
1,R Shaheed,1,1
9,R Lees,17,2
4,J Gasser,7,2
17,C Finke,17,1
0,J Wilkins,0,1
2,D Rogers,2,2
10,J Irish,27,4
5,K Hamler,5,1
8,M Ffrench,8,2
8,J Reagor,8,1
1,J Smith,1,3
0,B Jones,-2,1
3,T Minter,3,1
7,P Williams,12,2
0,C Austin III,-1,1
18,J Waddle,18,1
34,K Sails,39,2
9,J Moody,9,1
6,B Johnson,6,1
5,D Anthony,5,1
2,D Burroughs,2,1
20,J Proche,40,3
6,T Page,6,1
1,H White,1,1
3,A Rodgers,3,2
0,F Johnson,-2,1
55,D Turner,55,1
24,B Johnson,24,0
16,T Byrd,16,1
2,B Dowdell,2,1
19,A Jones,21,2
0,Z Sanders,-1,1
5,K Stokes,10,2
16,D Stoner,48,4
16,D Maddox,30,3
5,J Adams,5,1
41,R Paul,107,4
0,C Lamb,0,1
0,D Stoops,-1,1
10,B Covey,22,5
0,M Dean,2,1
3,S Jones,3,1
6,A Miranda,6,1
0,B Kemp,0,2
1,H Grimsley,1,1
1,A Fuller,1,1
9,M Stovall,9,1
12,R Burns,22,3
2,K Mixon Jr,2,1
0,S Moore,0,1
11,C McCoy,11,1
0,L Thimons,16,1
7,A Sinkfield,8,2
45,A Conway,49,3
9,C Haywood,14,2
11,J Robertson Jr,11,1
3,A Jones,3,1
12,B Smith,12,2
0,B Bowling,-1,1
14,J Williams Jr,35,3
41,J Waddle,41,1
1,J Adams,1,1
6,A Miranda,10,2
9,D Stanley,9,1
7,I Wright,7,1
88,A Fuller,86,2
20,A Rodgers,20,1
13,W Brown,13,1
0,W Swinney,0,1
1,T Snead,-4,2
8,J Lowery,8,1
30,M Sexton,50,1
4,D Cousart,5,3
4,J Lorick,4,1
10,F Swain,10,1
0,M Callaway,0,1
11,D Matthews,14,3
10,J Hawkins,10,1
0,T Simmons,-3,1
5,T Sidney,5,1
0,K Noa,-1,1
0,J Spielman,-3,2
7,W Philyor,15,3
12,Q Skanes,12,1
7,T Milton,13,2
16,A Sinkfield,16,1
10,R James,10,1
8,D Stubbs,18,3
1,S Louis,1,1
0,K Clark,-20,1
0,K Catlett,1,1
0,I Rodgers,-1,1
16,J Thomas,16,1
11,K Pimpleton,16,3
11,E Moore,11,1
25,R Floyd,35,3
25,L Bowden Jr,25,1
5,D Newsome,5,1
76,T Thomas,80,2
24,M Fisher,24,1
8,Z Knight,8,0
11,R Miller,11,2
5,D Rogers,5,1
19,J Jefferson,19,1
11,R Lees,11,1
14,B Sowards,26,2
5,C White,6,2
13,J Darden,13,1
9,S Jones,11,2
52,G Wilson,52,1
7,D McCall,7,1
0,S Banks,5,1
0,D Knock,0,1
4,J Buckner,-3,2
3,E Garror,4,4
18,W Davis,18,0
12,M Ffrench,9,2
0,A Mathews,9,1
87,O Anderson,87,1
9,A Young,15,3
6,T Levy,6,1
13,J Matthews,13,1
0,T Thompson,0,1
6,M Williams,9,2
0,J Holland,0,1
12,S Riley,12,1
2,K Mixon Jr,2,1
23,J Reagor,23,1
7,T Moehrig,7,1
3,J Proche,3,1
0,J Smith,0,1
0,B Jones,0,1
0,B Vaughns,-6,1
11,K Stokes,11,1
8,J Anderson,8,1
1,A Conway,1,1
7,R Paul,0,3
30,C Tutt,52,2
0,M Mitchell,-3,3
10,T Minter,10,1
5,Y Ross,5,1
0,J Garrett,-2,1
1,K Fossum,1,1
11,J Shelton Mosley,11,1
23,M Baskerville,23,1
1,T Palmer,1,1
1,D Stingley Jr,1,2
7,B Kemp,10,2
25,S Surratt,60,4
25,J Taylor,25,2
13,B Daughtry,13,1
3,T Jones,3,1
45,E Winston Jr,45,1
0,T Harris,0,1
69,K Phillips,69,1
14,J Dunn,39,4
12,R Bell,20,3
5,T Samuel,5,2
17,G Winn,28,3
13,B Aiyuk,30,3
31,K Hamler,31,3
30,T Castro Fields,30,1
30,J Dotson,30,1
25,H Grimsley,25,1
20,J Blackwell,20,1
29,J Waddle,52,3
0,A Kaho,20,1
25,T Hennigan,37,2
32,T Burks,35,2
9,A Smith,9,1
0,K Phillips,7,1
18,C Tutt,34,3
3,G Arnold,3,2
9,D Jones,9,1
19,T Levy,29,2
17,S Surratt,17,2
7,N Lyon,7,1
1,D Cousart,1,1
9,D Matthews,24,4
6,T Thomas,10,2
12,J Bell,12,1
0,E Garror,-1,2
13,D Stubbs,14,2
2,D Rogers,2,1
7,B Batiste,7,1
0,T Minter,-7,2
10,I Rodgers,10,2
22,B Sowards,22,1
10,W Philyor,12,2
26,M Thomas,68,3
13,R Cook Jr,20,2
10,D Peoples Jones,18,3
11,R Bell,11,1
0,M Sainristil,0,1
0,A Young,0,1
5,T Keaton,5,1
8,R Montgomery,14,2
1,C Finke,1,1
9,B Kemp,17,2
15,J Darden,15,1
60,B Smith,63,2
9,C Lamb,9,2
27,Z McPhearson,27,1
4,D Stoner,5,2
20,D Brown,20,1
4,W Saba,19,1
3,T Snead,3,2
27,M Wilson,27,1
7,M Ffrench,7,2
9,J Townsend,17,2
16,A Trammell,31,3
2,C Powell,2,1
0,D Rush,-2,1
9,J Ali,9,1
5,K Sails,5,1
12,J Proche,29,3
21,C Sanders,22,3
0,J Mitchell,24,1
2,J Adams,2,2
8,J Garrett,8,2
34,S Riley,37,3
0,N Johnson,-2,1
5,J Roberts,5,1
73,J Reagor,139,4
15,I Wright,16,2
15,D Maddox,12,2
45,A Hifo,70,2
0,J Nathan,-2,1
0,T Golden,10,1
5,D Wright,5,1
22,J Shelton Mosley,24,2
0,C Tucker,-6,2
12,A Fuller,26,3
6,A St Brown,6,1
0,M Pittman Jr,0,1
3,J Dunn,3,3
13,J Jefferson,20,2
17,R Lees,15,3
4,C Bush,4,1
31,K Pimpleton,35,3
0,T Snead,-1,1
14,I Wright,14,1
5,T Minter,7,2
8,W Kennedy III,8,1
3,R Montgomery,3,1
6,O Anderson,6,2
4,B Ezell,4,3
0,D Rogers,-2,2
3,D Knock,3,1
0,K Pimpleton,-2,1
3,D Drummond,3,1
15,D Stanley,15,2
0,B Casteel,2,2
17,Q Skanes,17,1
0,K Sails,-2,1
11,J Blackwell,32,3
50,M Ffrench,48,2
0,P Ford,-1,1
90,M Alexander,140,2
15,I Rodgers,15,1
0,S Emilus,-10,0
10,Q White,10,1
28,B Edmonds,46,3
8,J Blancato,16,3
12,D Newsome,20,2
46,C Lamb,46,2
3,X Brown,3,1
8,R Burns,11,3
20,T Levy,20,2
10,T Palmer,10,1
29,J Thomas,29,1
3,H Grimsley,3,1
36,D Peoples Jones,36,1
17,N Ragaini,54,4
5,K Cumby,5,1
5,E Moore,6,2
9,J Shelton Mosley,9,2
2,R Floyd,2,1
8,T Keaton,0,2
0,G Winn,1,1
0,B Peterson,0,1
3,J Spielman,3,1
3,R Lees,3,2
5,C Tucker,9,2
0,R Miller,-1,1
72,O Clark,79,2
1,D Stubbs,1,1
25,C Finke,34,3
2,J Wilkins,2,1
2,J Rogers,4,2
7,D Wade,7,1
24,J Holland,24,1
3,N Remigio,3,1
26,K Hamler,37,6
0,J Sutherland,0,1
0,J Anthrop,-7,1
0,R Lewis,0,1
3,M Wilson,3,1
6,D Blaylock,6,1
27,D McKinley Lewis,27,1
21,D Maddox,21,1
16,K Mixon Jr,16,2
0,Z McPhearson,-2,1
9,D Stoner,9,1
15,K Phillips,15,1
1,J Gasser,1,1
15,A Williams,58,8
8,J Garrett,8,1
12,S Jones,10,2
12,J Dunn,20,3
0,A Sinkfield,-2,2
14,C Smith,14,1
7,E Garror,12,2
0,T Hennigan,-1,1
0,H White,0,1
19,B Kemp,18,3
0,D Wright,0,1
18,J Holland,24,2
9,D Stanley,9,1
4,A Davis Jr,4,1
13,A Fuller,18,4
12,L Onwuzurike,12,1
7,J Jones,7,1
12,G Arnold,12,1
4,A Williams,4,1
0,J Bozeman,9,1
0,J Rogers,-1,1
0,D McKinley Lewis,-1,1
9,D Matthews,9,1
40,K Pimpleton,68,3
0,A McCoy,0,1
25,O Clark,25,1
9,K Tyler,10,1
0,Q White,-2,1
32,J Blackwell,50,3
14,J Jackson,14,0
0,X Gagnon,11,1
0,J Howard Jr,9,1
29,D Drummond,29,1
0,D Cousart,0,1
1,T Lee,1,1
0,N Lyon,-4,1
3,B Smith,3,2
9,R Montgomery,9,1
2,T Tucker,2,1
3,D Peoples Jones,3,1
8,W Philyor,8,2
5,K Hamler,5,1
18,J Ali,18,2
0,L Bowden Jr,0,1
26,T Burks,26,1
0,S Harris,0,1
4,D Douglas,4,1
10,J Spielman,7,2
9,C Musser,9,1
1,J Johnson,1,1
11,W Johnson,11,1
10,T Keaton,10,1
13,D Brown,21,4
8,R Doubs,8,1
7,K Fossum,7,1
10,B Ezell,17,3
10,A St Brown,10,1
6,T Vaughns,6,1
17,D Knock,17,1
0,C Lersch,20,1
3,A Buirge,3,0
0,D Simpkins,-1,2
5,J Anthrop,5,1
9,J Byrd,21,3
11,A Conway,28,3
16,K Sails,22,2
15,A Hifo,26,2
0,Q Watkins,0,1
2,J Adams,-3,2
13,M Callaway,13,1
5,C Lamb,6,3
25,A Jones,35,2
0,J Robertson Jr,-1,1
11,G Winn,26,3
10,A Smith,10,1
43,J Waddle,128,4
22,A Kaho,22,1
2,T Shavers,2,0
0,S Jones,0,1
15,M Mitchell,19,2
14,J Shelton Mosley,14,1
50,C Atwell,50,1
5,J Dunn,5,1
2,D Davis III,4,2
0,B Sowards,-1,1
6,C Bush,7,2
5,E Riley,5,2
7,D Bussell,7,1
1,M Thomas,1,1
2,B Edmonds,2,1
0,S Jorgensen,21,1
1,M Wilson,0,2
4,K Phillips,4,1
2,D Cousart,2,1
12,T Keaton,12,1
19,R Rivers,19,1
0,J Gasser,0,1
6,R Lees,12,2
4,G Wilson,3,2
0,D McCall,-1,1
11,S Riley,22,3
0,M Ffrench,2,2
22,J Waddle,35,2
22,M Callaway,22,1
14,T Hennigan,14,2
14,R Miller,39,4
22,D Maddox,28,2
16,T Levy,21,2
8,K White,8,1
18,T Thomas,18,1
1,J Rogers,1,1
12,K Pimpleton,12,1
11,N Remigio,24,4
9,J Irish,9,3
0,K Taylor,0,1
10,O Anderson,10,1
19,L Henley,19,1
16,T Snead,16,1
6,J Hatfield,6,0
20,R Montgomery,46,4
4,K Stokes,4,1
0,Q Skanes,-3,1
1,B Smith,1,2
16,D Drummond,16,1
0,K Mixon Jr,1,1
7,D Blaylock,7,1
19,J Ali,13,2
0,W Kennedy III,-1,1
5,J Holmes,5,1
21,D Davis III,33,2
8,G Stone,8,1
2,M Cooper,2,1
0,J Anthrop,-3,1
0,J Alexander,28,1
0,J Youngblood,-2,1
18,A Rodgers,19,2
0,D Kendrick,-9,2
7,W Philyor,7,1
1,A Jones,1,1
52,K Osborn,68,2
10,M Thomas,15,2
4,C Tucker,4,1
6,E Moore,6,1
34,A Smith,65,4
7,M Dear,3,2
2,D Stingley Jr,2,1
17,G Winn,35,4
20,D Harrison,20,0
11,J Darden,18,3
9,D Gaddie,9,1
1,T Lee,1,1
4,I Cox,4,1
0,B Willis,9,1
10,C Lamb,6,3
0,A Stogner,0,0
5,A Sinkfield,5,1
0,D Wade,0,1
22,D Stoner,22,1
7,K Hamler,7,3
14,D Peoples Jones,12,5
6,F Swain,6,1
8,B Ezell,8,1
11,J Byrd,11,1
0,J Matthews,0,1
19,J Proche,28,3
0,C Sanders,-6,2
0,I Wright,-9,1
14,K Logan Jr,14,1
0,K Terry,0,1
0,Z McPhearson,0,1
6,D Jones,6,1
9,M Mitchell,3,2
7,D Brown,7,1
10,T Vaughns,19,3
2,S Berryhill III,-1,2
13,D Simpkins,14,3
6,J Jones,13,2
20,J Nathan,20,1
31,J Shelton Mosley,50,4
6,C Musser,7,3
2,B Kemp,2,1
6,J Blackwell,6,1
5,K Hinton,7,2
0,S Claude,4,1
8,D Matthews,8,1
0,C McClatcher,0,1
7,D Stanley,7,1
17,A Brathwaite Jr,17,1
8,R Cray,8,1
6,N Lyon,6,1
14,D Rogers,17,2
0,M Stevenson,13,1
3,B Smith,3,1
20,J Proche,20,1
0,D Stanley,-1,1
4,A St Brown,2,2
34,B Edmonds,35,3
2,J Jones,2,1
12,H White,12,1
2,D Knock,2,2
16,A Nunn,16,1
15,R Cook Jr,15,1
0,D Governor,0,1
0,N Lyon,-1,1
4,M Lawrence,4,1
0,J Darden,-4,1
12,A Rodgers,18,3
0,J Ross,-6,1
30,A Strader,39,2
0,K White,0,1
13,T Snead,13,1
24,K Sails,24,2
4,S Riley,4,1
18,R Rivers,27,2
2,D Wright,2,1
5,Q White,5,1
5,K Geiger,5,1
67,W Kennedy III,70,2
0,O Clark,1,1
25,D Stoner,41,3
5,C Nwabuko III,5,2
11,C Lamb,22,2
35,R James,45,2
0,M Thomas,-1,1
18,J Ali,29,3
0,R Floyd,0,1
34,R Burns,34,1
4,B Kemp,3,2
7,D Stingley Jr,7,2
3,C Tutt,3,1
0,I Rodgers,-5,1
1,Q Skanes,1,1
6,B Sowards,7,4
9,J Dotson,9,1
6,K Hamler,6,1
16,D Peoples Jones,24,4
9,T Keaton,17,2
14,R Cray,17,2
9,M Alexander,9,1
10,A Jones,16,2
0,R Groves,0,1
0,D Newsome,-6,2
14,J Bobo,21,2
13,C Tucker,23,2
9,A Davis Jr,9,1
19,D Rogers,27,2
12,C Byrd II,12,2
7,R Lees,12,2
23,G Wilson,23,1
0,D Brown,0,1
30,D Cousart,41,2
8,J Holland,8,1
7,T Harris,7,2
1,M Ffrench,1,3
17,J Anthrop,31,2
7,A Anderson Jr,7,1
0,J Holmes,3,1
8,A Trammell,13,2
2,J Adams,2,1
4,T Minter,4,1
20,T Hennigan,39,2
0,M Wilson,-1,1
11,J Joiner,23,3
0,J Smith,-7,1
0,O Anderson,4,2
65,M Callaway,65,1
29,D Bituli,29,1
7,E Gray,7,1
6,B Edwards,6,1
11,T Samuel,19,2
6,D Maddox,6,1
10,A Smith,10,1
0,I Zuber,2,1
38,K Phillips,38,1
31,B Aiyuk,31,1
8,D Simpkins,8,1
11,J Garrett,11,1
0,J Rogers,0,1
16,A Conway,57,5
4,R Doubs,1,2
1,T Hennigan,-4,3
15,W Kennedy III,15,1
0,R Sneed,-16,2
0,A Sinkfield,0,1
6,G Winn,6,1
2,B Peterson,2,1
0,M Dear,0,1
14,J Joiner,24,2
11,J Irish,11,1
1,C Tutt,1,1
55,E Moore,55,1
14,J Rogers,29,4
0,J Knight,0,1
26,O Anderson,26,1
11,M Williams,11,1
0,E Benoit,-11,1
23,N Lyon,45,3
16,A Rodgers,23,3
3,W Brown,3,1
9,K Pimpleton,10,2
4,B Brown,4,1
27,D Wright,61,4
8,J Gasser,12,2
13,K Tyler,13,1
3,K Geiger,3,1
1,L Whittemore,1,1
0,D Drummond,-2,1
15,R Cook Jr,15,1
3,M Alexander,6,3
7,D Blaylock,7,1
7,I Bolden,7,1
23,K Osborn,44,3
17,J Howard Jr,17,1
0,A Brown,0,1
24,M Ffrench,57,5
11,C Byrd II,11,1
15,J Holmes,33,4
5,A Young,2,4
9,J Youngblood,10,3
13,E Garror,29,3
2,H White,2,1
20,B Edmonds,27,4
2,R Lewis,2,1
13,D Peoples Jones,15,5
19,I Rodgers,19,1
7,D Stubbs,13,3
0,C Austin III,0,1
11,J Proche,11,1
20,D Newsome,20,1
8,B Kemp,8,1
24,R Doubs,24,1
15,D Rogers,33,3
16,C Finke,24,4
1,J Darden,1,1
18,J Garrett,18,1
11,D Stoner,17,2
7,J Reagor,7,1
7,E Lee Jr,7,1
4,J Spielman,4,1
4,A Trammell,4,2
8,W Johnson,8,1
0,T Keaton,0,1
35,B Edwards,53,3
66,A Williams,66,1
5,K Shakir,5,1
5,S Riley,5,1
3,T Levy,3,1
10,M Callaway,10,1
0,J Anderson,-2,1
18,A Smith,25,2
4,K Johnson Jr,3,3
5,A St Brown,5,1
0,J Nathan,0,1
1,A Hifo,-1,2
15,K Hinton,30,3
11,T Hines,11,1
2,A Fuller,2,1
0,D Simpkins,0,1
7,D Cousart,21,4
0,D Maddox,-3,1
0,K Hall,-1,1
10,K Mixon Jr,4,2
0,I Wright,1,1
0,A Miranda,-8,2
24,A St Brown,26,3
0,D Matthews,-10,1
0,A Williams,0,2
19,A Conway,20,3
0,A Hifo,-2,1
14,A Davis,14,1
12,R Rivers,12,1
8,J Nathan,8,1
11,B Sowards,12,2
17,J Holmes,27,3
0,N Bernat,-4,1
38,K Osborn,36,2
4,R Burns,4,1
0,C Atwell,-2,1
1,D Douglas,-1,2
0,K Hamler,-15,1
0,T Hines,0,1
8,A Rodgers,8,2
8,R Lees,8,1
0,G Wilson,-5,2
15,C Lamb,28,3
2,T Milton,2,1
6,C Hendrick Jr,6,2
4,S Jones,8,2
9,J Matthews,17,3
23,R Doubs,47,3
8,J Adams,8,2
0,G Arnold,-4,1
53,B Jones,53,1
7,J Garrett,7,1
2,N Lyon,2,1
10,B Kemp,9,3
33,T Robinson,44,2
2,H Grimsley,4,2
7,K Hinton,12,2
0,M Cooper,0,1
7,C Nwabuko III,13,2
0,D Knock,0,2
14,M Thomas,14,1
17,J Rogers,25,2
21,J Salaam,21,1
16,J Parker,18,2
2,R Cook Jr,-7,2
7,J Vardzel,7,1
28,T Keaton,27,2
1,J Matthews,0,2
24,C Tutt,44,3
0,D Blaylock,0,2
20,K Pimpleton,20,1
23,A Williams,23,1
3,K Shakir,3,1
1,D Rogers,1,2
31,D Milne,57,5
0,K Griffitts,6,1
14,M Rango,16,2
19,A Davis,19,1
13,A St Brown,20,2
53,A Rodgers,57,2
4,D Kendrick,4,1
2,D Wright,2,1
3,S Riley,3,1
0,Q White,0,1
17,T Hennigan,34,4
18,A Brown,18,1
16,T Robinson,34,3
11,D Douglas,11,1
5,B Jones,5,1
0,P Brooks,0,1
7,A Sinkfield,7,1
50,D Peoples Jones,58,2
0,K Hudson,18,1
0,B Sowards,0,1
7,R Floyd,8,2
0,F Swain,0,1
0,D Thomas,0,1
26,J Waddle,28,2
2,T Lee,2,1
0,A Trammell,0,1
21,R Burns,21,1
1,D Davis III,1,1
77,O Clark,96,6
6,T Nicholson,4,2
0,R Lees,-1,1
7,C Finke,9,2
8,D Stoner,7,2
3,K Logan Jr,6,2
2,J Holland,2,1
4,J Joiner,4,1
63,B Aiyuk,76,3
0,W Philyor,-3,1
72,E Garror,72,1
12,K Sails,12,2
15,R Montgomery,26,3
0,J Robertson Jr,1,1
29,A Smith,53,4
22,C Nwabuko III,22,1
2,J Garrett,2,1
3,J Gasser,3,1
10,C Byrd II,21,4
2,S Jones,3,4
15,J Nathan,15,1
22,A Conway,49,4
8,D Matthews,8,3
0,K Crabb,0,1
2,R Marlow III,2,1
13,I Cox,13,1
12,J Buckner,12,1
17,D Drummond,18,2
4,R Cook Jr,4,1
10,M Thomas,19,2
13,J Knight,13,1
2,T Thomas,2,1
7,A Conway,4,2
49,J Waddle,67,2
6,T Hennigan,5,2
15,H White,23,2
0,G Jensen,4,1
39,D Simpkins,56,2
15,C Tutt,15,1
30,B Aiyuk,53,3
7,J Holland,7,1
3,N Lyon,3,1
16,J Early,16,1
1,W Johnson,1,1
8,D Stanley,8,1
52,A Fuller,52,1
38,Q Skanes,38,1
19,T Gaiter IV,19,1
2,K Osborn,2,1
24,B Putman,27,2
18,D Blaylock,18,1
20,Q Davis,20,1
0,A Smith,-6,1
7,D Peoples Jones,7,1
16,M Cooper,16,1
2,D Navarro,2,1
24,T Milton,24,1
8,K Logan Jr,8,1
0,R James,0,1
0,J Ali,-3,1
42,T Williams,42,1
0,E Garror,-2,1
0,P Carter Jr,0,1
72,K Tyler,72,1
0,S Riley,0,1
1,D Stingley Jr,1,1
10,J Spielman,10,1
0,I Rodgers,11,1
0,G Romney,-2,1
16,R Floyd,16,1
14,M Callaway,14,2
0,D Thomas,-6,1
0,D Brown,-1,1
1,G Winn,1,1
12,T Cannon,9,2
2,O Clark,2,1
17,J Garrett,18,3
2,D Douglas,2,2
21,C Finke,47,4
6,L Keys III,6,1
7,G Wilson,7,2
7,K Hamler,7,1
13,C Lamb,12,2
19,A Trammell,19,1
15,J Darden,36,4
0,A Young,0,1
6,B Sowards,9,2
0,K Sails,0,1
21,T Samuel,77,6
15,N Remigio,15,1
11,J Robertson Jr,11,1
36,O Anderson,36,1
3,K Stokes,2,2
40,D Williams,40,2
6,C Nwabuko III,2,2
0,S Harris,0,1
4,J Gasser,4,1
10,B Gaither,10,1
0,A St Brown,-3,2
0,S Jones,0,1
74,A Williams,74,1
17,J Shelton Mosley,22,4
13,C Johnson,13,1
1,M McGue,1,1
20,T Robinson,34,4
6,H Grimsley,5,2
0,J Vardzel,0,1
2,K Hinton,5,3
21,M Hudzick,21,1
0,K Taylor,-1,1
7,D Davis III,7,1
7,D Stoner,11,2
10,I Cox,22,6
13,C Tucker,13,3
0,K Mixon Jr,-7,1
8,E Moore,12,3
30,N Parodi,30,2
6,R Miller,6,1
0,H Littles,-3,1
32,L Phelps,53,1
10,M Rugamba,10,1
2,M Thomas,2,1
3,R Cook Jr,3,1
1,R Marlow III,1,1
10,O Anderson,9,3
6,K Pimpleton,6,2
11,D Maddox,12,1
0,D McKinley Lewis,0,1
14,D Wright,14,1
14,L Latu,20,2
6,T Samuel,6,1
18,R Montgomery,18,1
0,J Spielman,0,1
70,J Reagor,73,2
1,D Wade,1,1
6,B Jones,7,2
9,B Kemp,19,3
35,T Robinson,62,3
12,A Fuller,12,2
11,A Conway,11,1
37,C Tutt,47,2
0,J Heiligh,-1,1
0,K Tyler,-1,1
27,H White,36,3
7,M Hudzick,9,2
43,K Osborn,54,4
0,T Snead,-1,1
0,K Stokes,0,1
12,K Toney,12,1
0,A Brown,-7,1
32,D Blaylock,45,3
0,C Byrd II,0,1
12,A Miranda,12,1
21,R Lees,21,1
13,B Holman,17,2
0,K Lassiter II,0,1
0,K Logan Jr,0,1
0,P Brooks,0,1
36,T Milton,36,1
7,J Ali,7,2
0,D Stubbs,-3,1
0,S Louis,-6,1
0,S Lomax,30,1
7,C Gibson,7,0
4,T Nicholson,4,1
0,E Garror,-7,2
22,P Carter Jr,37,2
21,A Smith,21,1
0,A Robertson,-6,2
1,S Jones,1,4
15,T Desue,15,1
2,D Peoples Jones,2,1
0,G Wilson,0,1
10,B Thompson,10,1
5,D Newsome,2,2
22,B Putman,48,4
6,D Rogers,15,4
13,J Nathan,25,3
48,D Brown,49,2
2,N Lyon,2,1
25,J Holland,26,2
8,T Bradford,14,2
3,J Vardzel,0,3
6,T Levy,10,3
24,K Hamler,24,1
1,A Young,1,1
10,R Taylor,10,1
7,D Kendrick,8,2
0,W Swinney,0,1
19,A Hifo,18,2
17,J Proche,17,1
10,J Robertson Jr,10,1
0,S Huderson,-5,1
0,M Wilson,-1,1
23,I Foskey,23,1
0,M Callaway,-5,1
18,J Shelton Mosley,15,2
3,N Remigio,3,1
66,D Simpkins,62,3
35,J Blackmon,35,1
0,D Stanley,0,1
4,J Garrett,5,2
8,J Myers,8,1
3,A Trammell,3,1
2,R Cray,3,2
4,D Simpkins,5,3
14,K Thibodeaux,14,1
2,J Holland,2,1
1,E Garror,0,3
6,A Williams,6,1
3,K Shakir,3,1
11,J Ward,10,2
0,D Kendrick,4,1
31,K Pimpleton,33,2
15,M Thomas,41,3
0,T Tisdale,21,1
7,E Williams,7,0
4,D Cousart,7,2
0,S Brown,0,1
0,T Samuel,0,1
9,R Montgomery,15,3
1,G Wilson,1,1
3,C Lamb,1,2
6,G Arnold,12,1
7,G Winn,7,1
7,A Miranda,9,2
22,N Lyon,31,2
4,A Nunn,4,1
0,J Nathan,0,1
4,T Hennigan,4,1
29,A Williams,29,1
3,A Fuller,2,2
3,D Cousart,5,2
0,D Stubbs,-10,3
0,J Matthews,0,1
1,K Pimpleton,-5,2
13,O Anderson,13,1
8,M Williams,11,2
22,T Keaton,22,1
0,J Ward,-9,1
52,A Hifo,97,3
8,D Drummond,14,2
9,M Ffrench,9,1
22,S Harris,38,4
33,K Osborn,47,3
29,E Winston Jr,29,1
0,M Cooper,-1,2
16,D Newsome,16,1
3,A Smith,3,1
36,K Hinton,36,1
11,B Sowards,26,3
1,C Finke,-1,2
4,T Milton,6,2
2,G Wilson,3,2
2,A Rodgers,3,2
1,D Kendrick,1,1
0,T Samuel,-1,1
11,N Remigio,19,2
3,N Hobbs,3,1
3,D Navarro,3,1
2,F Swain,2,1
0,R Burns,0,1
10,J Pearson,10,1
0,C Bush,-2,1
3,K Mixon Jr,5,2
3,J Jones,3,1
9,D Matthews,18,3
66,P Brooks,66,1
1,D Simpkins,1,1
71,D Jamison,102,4
11,T Robinson,11,1
0,H Grimsley,0,1
10,J Ali,10,1
13,J Waddle,13,1
0,D Peoples Jones,-2,1
3,C Tutt,4,2
1,D Douglas,1,1
9,T Simmons,9,1
17,G Arnold,26,2
4,J Holland,4,1
9,J Dunn,20,4