kickoff return yards, kickoff returns, longest kickoff return, name
144,3,90,J Smith
11,1,11,S Brunner
5,1,5,C Ryan
42,2,23,J Burch
16,1,16,M Coprich
16,1,16,M Meyers
5,1,5,J Farmer
29,1,29,R Moore
66,3,25,T Watts
29,1,29,K Lucas
23,1,23,D Walker Jr
2,1,2,Z Langer
32,2,17,R Hall
53,3,15,D Phillips
25,1,25,M Freeman
61,3,26,D Foxx
49,3,20,S Phillips
64,3,30,D Joseph
181,7,56,D Root
113,2,100,J Grant
121,6,35,C Gant
10,1,10,A Wily
22,1,22,M Lee
43,2,28,T Coleman
63,3,24,T Riley
21,1,21,G Cheeseborough
9,1,9,T High
24,1,24,E Calhoun
24,1,24,D Abnar
14,1,14,K Fogg
134,3,98,M Jones
14,1,14,M Williams
103,5,29,A Smith
25,1,25,S Murray Lawrence
56,2,34,K Gilstrap
25,1,25,T Jefferson
12,1,9,C Pennycuff
58,3,22,S Hill
38,2,20,G Lewis
10,1,10,J Lorquet
43,1,43,T Glover
18,1,18,S Smith
39,2,23,G McNabb
11,1,11,F Moala
39,2,21,V Hampton
88,4,28,S Tapley
38,2,23,E Graham
30,1,30,D Breaux
17,1,17,D Boutte
22,2,12,J Moore
38,2,30,J Poole
18,1,18,C Johnson
27,1,27,T Glover Wright
34,1,34,D Sims
12,1,12,B Kimbrow
11,1,11,A Hal
14,1,14,J Walton
44,2,23,J Armstrong
120,5,35,L Mayes
39,2,22,J Crockett
21,1,21,L Dixon
63,3,24,C Flowers
18,1,18,T Taylor
34,2,18,M Alford
70,3,26,D Ayers
88,5,35,J Richardson
28,1,28,W Quinn
18,1,18,T Thompson
11,2,6,Z Nemecheck
3,1,3,L Dowling
58,2,30,M Williams
44,2,27,N Hill
37,2,19,D Chance
11,1,11,P Dorsett
34,2,20,L Whitehead
18,1,18,K Reaser
15,1,15,M Jackson
37,2,19,C Lancaster
13,1,13,K Pope
37,2,23,J Grant
60,3,25,A Wilson
31,2,19,K Hill
149,3,100,F Truss
0,1,0,J Gates
48,2,25,N Bellamy
29,2,21,A Mitchell
16,1,16,A Taylor
11,1,11,J Johnson
18,1,18,A Riles
141,3,100,T Mason
30,1,30,T West
46,2,29,D Jones
40,1,40,C Flowers
23,1,23,W Gay
15,1,15,O Harden
34,2,19,S Evans
30,1,30,D Dudeck
19,1,19,J Abdur Rahman
126,6,34,K Muhammad
18,1,18,D Lasco
59,3,24,S Buckley
22,1,22,R Abernathy IV
33,2,20,B Knauf
23,1,23,R Mostert
20,1,20,A Hunt
36,2,18,M Bryant
24,1,24,S Watkins
63,3,28,A Wilkins
35,2,18,T Dixon
23,1,23,L Ray
34,2,20,C Goodwyn
11,1,11,C Boyd
82,4,26,T Allen
59,4,17,R Tyson
41,2,23,R Aiyegoro
48,2,31,S Patton
58,3,23,B Reedy
9,1,9,R Adams
22,1,22,A Davis
17,1,17,K Brown
120,2,100,V Bentley
17,1,17,M Osei
-2,1,0,D Mosely
73,2,60,L McKinney
48,3,19,J Cotton
32,2,16,A Cox
0,1,0,R Hamilton
20,1,20,A Sebastiano
68,4,21,Q Bundrage
31,1,31,A Wimberly
32,2,22,L Cunningham
70,3,40,S Diggs
92,5,23,S Miller
18,1,18,S Oyegunle
106,4,39,D Norfleet
88,4,27,D Davis
20,1,20,S Lavallii
21,1,21,M Murphy
16,1,16,W Powell
42,2,33,S Butler
42,2,21,D Scott
15,1,15,R Williams
38,2,25,R Smith
20,1,20,L Fitte
18,1,18,D Banks
72,2,37,K Bell
10,1,10,C Zimmerer
35,2,18,J Claiborne
18,1,18,T Finley
38,2,23,C Clayton
40,2,21,G Atkinson III
88,3,39,J Fitzpatrick
28,1,28,B Chancellor
76,3,43,R Montgomery
51,1,51,D Wilson
17,1,17,J Hall
13,1,13,J Heuerman
75,6,16,D Campbell
45,2,24,J Gilbert
92,3,66,J Lewis
12,1,12,R Johnson
60,2,48,K Lowe
80,4,22,R Tyler
46,2,24,C Fortson
23,1,23,J Johnson
18,1,18,D Bolt
119,6,27,V Bolden
27,1,27,J Stevenson
16,1,16,C Smith
51,2,29,S Hill
16,1,16,T Lee III
43,3,28,D Pumphrey
21,2,13,C Young
15,1,15,E Beed
38,2,21,T Pendergrass
13,1,13,S Little
123,5,38,D Hopkins
15,1,15,M Pierre
71,3,26,D Spencer
91,3,35,E Johnson
23,1,23,J Sims
12,1,12,B Smith
1,1,1,T Gay
70,2,35,G Morris II
66,3,26,B Belton
159,4,100,B Catalon
10,1,12,B Carter
136,4,75,O Beckham Jr
58,1,58,D Young
50,2,36,M Carlton
40,2,20,T Phillips
28,1,28,L Chatman
15,1,15,K Johnson
23,1,23,D Santos
122,5,29,A Shapiro
15,1,15,J Matthews
50,2,33,C Worthy
168,4,97,J Nelson
37,2,21,J Jean
40,2,23,B Malena
25,1,25,T Williams
7,1,7,L Gonzalez
51,3,20,D Pollard
38,1,38,M Hull
103,5,25,S Manfro
49,3,18,K Brock
18,1,18,E Mitchell
56,3,25,T Mizzell
39,2,20,K Shepherd
66,3,27,A Hine
57,4,15,D Knowles
39,2,24,D Greene
109,2,94,C Jones
41,2,33,J Ross
91,4,26,S Williams Rhodes
19,1,19,C Bertoli
28,1,28,K Doe
104,4,28,T Dudley Giles
40,2,22,D Woods
41,2,21,A Andrews
74,3,26,D Robinson
26,1,26,W Smallwood
16,1,16,C Sims
79,3,31,T McBride
162,4,84,T Coffman
30,1,30,T Simmons
19,1,19,M Mosley
25,1,25,R Clark
20,1,20,C Lamb
124,5,41,D Bass
71,3,35,T Boyd
48,3,17,L Pitts
19,1,19,B Felder
56,3,26,L Joyner
20,1,20,R Smith
15,1,15,E Graham
104,2,85,L Ray
29,1,29,R Brown
24,1,24,D Smith
12,1,12,M Wright
30,2,16,S Evans
10,1,10,D Dudeck
18,1,18,J Wilhite
22,1,22,D Jasper
22,1,22,R Hall
15,1,15,A LaCoste
40,2,23,T Glover Wright
39,2,23,M Traylor Bennett
80,3,30,D Simmons
28,1,28,R Davis
10,1,10,D Smith
50,2,27,E Hawkins
31,1,31,F Truss
33,1,33,Q Bray
24,1,24,T Mason
36,2,25,J McKissic
25,1,25,J Jones
10,1,10,M Gordon
31,1,31,J Smith
0,1,0,J Williams
71,4,24,L Dixon
30,2,20,S Fraser
30,2,19,D Jones
30,2,15,D Campbell
18,1,18,O Houston
13,1,13,J Gordon
24,1,24,A Baltazar
3,1,3,C Bertoli
46,3,20,K Anderson
39,2,25,K Barfield
41,1,41,A Hine
24,1,24,P Lasike
33,2,17,D Thomas
16,1,16,K Sanders
43,2,23,D Ervin
21,1,21,K Muhammad
37,2,19,A Toureen
29,2,15,D Dunn
25,1,25,G Hopper
18,1,18,T Green
48,3,25,A Smith
72,3,35,J Harris
19,1,19,D Davis
34,2,20,J Allison
52,3,29,R Severson
88,1,88,D Winfrey
26,2,18,D Williams
14,1,14,J Love
15,1,15,J Norton
0,1,0,J McClendon
75,4,22,C Nicholls
21,1,21,K Ivory
39,2,24,J Scott Wesley
111,6,27,S Carson
10,1,10,D Young
71,3,25,R Abernathy IV
20,1,20,C Moore
59,3,24,T Coleman
38,2,20,I Roundtree
35,1,35,J Cotton
33,1,33,J Burton
28,1,28,L Stewart
34,2,27,T Cox
26,1,26,T Bouma
22,1,22,D Knox
21,1,21,J Roberts
94,1,94,T Thompson
64,3,25,T Lockett
113,2,100,D Surgent
23,1,23,J Johnson
16,1,16,A Riles
9,1,9,C Tillman
1,1,1,M Jackson
108,5,24,E Calhoun
22,1,22,D Polk
40,2,23,J Gates
29,1,29,R Moore
39,1,39,D Robinson
17,1,17,J Blue
80,3,33,D Scott
17,1,17,R Williams
101,2,89,C Davis
10,1,10,G Myers
9,2,6,J Stargell
23,1,23,R Clark
146,5,38,S Absanon
30,1,30,T Thomas
21,1,21,O Beckham Jr
9,1,9,J Nelson
39,1,39,L Fitte
23,1,23,J Greenwalt
4,1,4,D Banks
147,5,43,K Johnson
43,1,43,W Likely
19,1,19,D Lane
8,1,8,L Jacobs
97,6,22,A Evans
102,3,41,T Dudley Giles
13,1,13,D Woods
19,1,19,I Jones
9,1,9,D Aultman
14,1,14,D Harris
54,2,34,J Craig
42,2,24,M Warford
46,2,27,J Barnes
56,3,22,D Johnson
41,2,23,S Patton
78,3,32,D Norfleet
76,2,50,G Atkinson III
8,1,8,M Marry
5,1,5,J Walton
42,2,24,M Murphy
80,2,59,B Reedy
45,1,45,S Butler
80,4,23,J Hubbard
95,1,95,B Holloway
80,3,34,J McKenzie
17,1,17,J Price
26,1,26,T Thorpe
113,4,41,R Whatley
52,2,32,R Smith
5,1,2,S Thornton
89,2,63,K Bell
20,1,20,J Sims
2,1,2,A Walters
77,2,59,S Wright
13,1,13,J Laughrea
95,6,23,A Shapiro
15,2,15,M Jones
42,2,24,S Buckley
71,5,22,G Morris II
22,1,22,D McFarlane
1,1,1,J Parris
25,1,25,D Wilson
105,5,31,C Lockett
20,1,20,D Pumphrey
54,2,28,D Bass
20,1,20,D Patterson
54,3,29,J Jones
28,1,28,B Chancellor
9,1,9,J Roberts
20,1,20,B Clay
45,3,26,M Alford
59,3,25,V Bolden
13,1,13,J Stevenson
54,4,23,C Gant
44,2,25,E Lewis
101,4,32,T Allen
10,1,10,A Houston
123,2,99,A Hunt
104,4,38,T High
24,1,24,G Cheeseborough
5,1,5,Q Gause
68,4,22,C Frazer
12,1,12,K Johnson
12,1,12,A Killam
125,6,40,J Taylor
63,3,28,S Johnson
36,1,36,T Montgomery
57,3,24,D Ogburn Jr
51,1,51,W James
34,1,34,B Catalon
40,3,17,J Fitzpatrick
11,1,11,C Parthemore
54,2,39,D Ayers
90,3,36,V Dallas
78,4,26,A Wales
53,2,27,A Andrews
64,3,35,D Boutte
43,2,24,D Butler
26,1,26,D Breaux
20,1,20,D Monroe
12,1,12,T Glover
42,2,24,K Lucas
23,1,23,Z Langer
15,1,15,T Watts
33,2,18,T Coffman
61,2,39,C Worthy
122,5,45,D Daniels
40,3,20,S Heyward
67,3,28,L Gonzalez
9,1,9,B Malena
17,1,17,K Hill
33,1,33,A Erickson
22,1,22,B Smith
31,1,31,J Hebert
73,1,73,C Thompson
58,2,37,J Grant
16,1,16,Z Winbush
41,2,24,D Ward
87,4,35,K Whitely
12,2,1,A Smith
42,2,26,N Phillips
12,1,12,M Lee
16,1,16,R Galvin
52,2,30,D McClellon
109,5,29,B Bolen
10,1,10,B Corpus
3,1,3,E Hall
104,4,29,A Golden
31,1,31,L Dowell
77,2,49,C Wiggins
20,1,20,D Anaya
158,8,25,K Jones
0,1,0,B Guerrero
86,4,23,J Gilbert
15,1,15,B Sheperd
1,1,1,C Moore
2,2,2,D Sims
28,1,28,T Oliver
3,0,3,L Chatman
1,1,1,M Carlton
58,3,25,K Shepherd
26,2,23,T Mizzell
20,1,20,D Terrell
19,1,19,D Jennings
31,2,20,D Thomas
25,1,25,K Lowe
27,1,27,C Williams
6,1,6,C Mangus
53,3,25,A McKoy
22,2,17,S Hill
19,1,19,K Doe
83,5,24,L Vanlier
21,1,21,C Forbes
82,3,52,J Henry
16,1,16,D Chance
47,2,27,D Bolt
44,2,31,R Tyler
29,1,29,J Claiborne
63,3,23,D Epps
5,1,5,C Homme
40,2,23,J McKissic
15,1,15,M Gordon
94,5,35,W Van Hooser
18,1,18,D Butler
21,2,13,B Catalon
39,2,20,S Williams Rhodes
11,1,11,C Bertoli
33,1,33,A LaCoste
20,1,20,E Hawkins
34,2,18,J Sims
14,1,14,S Williams
13,1,13,J Noble
73,3,27,T Montgomery
15,1,15,N Phillips
45,2,28,K Jones
11,1,11,T Mason
64,3,23,M Grice
26,1,26,A Darby
64,3,27,K Doe
34,2,18,D Campbell
13,1,13,W Tye
107,4,42,K Muhammad
46,2,25,D Wilson
23,1,23,R Moore
19,1,19,S Washington
66,4,20,E Eagan
40,2,23,C Jones
51,2,39,S Phillips
35,2,23,D Foxx
21,1,21,L McCombs
110,3,45,W Likely
35,2,23,S Diggs
48,3,18,C Nicholls
99,5,28,J Barnes
44,2,27,J Golden
44,2,25,L Ray
22,1,22,D Webster
36,2,25,D Knowles
88,4,25,D Jasper
85,2,56,C Taylor
47,2,28,M Jones
22,1,22,D Baker
54,2,28,L Joyner
99,4,32,N Westbrooks
52,3,25,E Mitchell
57,2,44,R Montgomery
69,3,26,P Logan
105,4,27,V Bentley
30,1,30,M Barr
71,4,25,J Ross
32,1,32,K Smith
72,3,30,D Graham
30,2,30,R Moore
53,2,35,A Gary
41,2,31,A Wimberly
28,1,28,J Cotton
8,1,8,H Krieger Coble
38,2,19,D Woods
36,2,21,T Dudley Giles
1,1,1,J Wilson
134,5,43,J Blue
51,4,19,R Clark
22,1,22,D Surgent
12,1,12,M Carter
29,2,17,C Fortson
25,1,25,R Tyler
15,1,15,J Johnson
12,1,12,D Bolt
14,1,14,O Beckham Jr
43,2,23,E Calhoun
14,1,14,D Polk
43,2,24,N Hill
138,5,54,A Stubbs
7,1,0,M Wheary
30,2,23,D Dileo
19,1,19,J Chesson
15,1,15,D Norfleet
42,2,21,M Traylor Bennett
19,1,19,F Bickley
70,3,25,M Jones
24,2,22,A Ford
16,1,16,F Salomon
50,2,32,R Whatley
73,3,34,M Warford
14,1,14,B McCain
26,1,26,M Thomas
18,1,18,G Whiteside
114,5,37,M Johnson
26,1,26,S Clark
21,2,16,K Bell
14,1,14,T Newby
50,4,19,D Johnson
45,2,23,A Shapiro
42,2,25,A Golden
47,1,47,M Harris
6,1,6,A Scanlan
35,2,18,D Chance
13,1,13,A Guido
75,3,29,B Chancellor
28,1,28,J Jones
21,1,21,B Byrd
23,1,23,J Smith
18,1,18,K Mabon
23,1,23,D Bass
20,1,20,D Patterson
0,0,0,T Davis
77,3,33,D Reaves
45,3,26,S Butler
52,2,28,T Franks
29,1,29,T Watts
24,1,24,D Walker Jr
16,1,16,K Lucas
21,1,21,J Gilbert
73,5,20,K Johnson
17,1,17,M Handy
58,2,32,D Thomas
17,1,17,T Hill
111,5,27,V Dallas
32,2,19,J Toney
34,2,17,L Pitts
22,1,22,T Boyd
15,1,15,K Weatherspoon
134,4,74,C Wiggins
30,2,20,D Anaya
10,1,10,R Williams
106,4,44,E Lewis
56,3,23,V Walker
115,5,28,R Hall
68,2,39,B Knauf
119,4,47,G Atkinson III
131,2,99,Q Pratt
13,1,13,J Deering
40,3,17,T Allen
64,2,27,T Glover
38,2,21,A Andrews
30,1,30,A Wales
11,1,11,C Franks
9,2,8,S Johnson
3,1,3,M Henry
31,2,18,S Carson
128,5,34,D Sims
14,1,14,T McGaster
81,4,30,D Hopkins
83,3,33,R Brown
19,1,19,G Morris II
106,6,31,M McKinnon
28,2,16,B Peoples
21,1,21,N Williams
92,3,43,J Thomas
21,1,21,J Gilmore
18,1,18,R Anderson
0,1,0,C Parthemore
76,5,21,J Solano
92,3,51,K Sanders
24,1,24,K Moore
18,1,18,J Walton
30,2,20,B Reedy
5,1,5,R Bush
57,3,20,S Hill
90,4,40,L Gonzalez
16,2,16,B Williams
83,4,35,C Jones
65,3,26,K Whitely
97,4,28,J Harris
18,1,18,B Masztak
58,3,26,M Willis
23,1,23,D Dudeck
60,3,23,D McClellon
24,1,24,C Henderson
112,6,35,V Bolden
33,2,17,T Ward
44,1,44,K Williams
73,4,21,C Dixon
17,1,17,A Coney
15,1,15,B Bolen
-8,1,0,Z Smith
32,2,18,J Armstrong
63,3,31,C Davis
35,1,35,R Galvin
28,1,28,T Caldwell
27,2,19,C Morgan
9,1,9,J Allie
54,2,38,R Carswell
106,5,33,A Wilson
15,1,15,K Hill
23,1,23,E Hamilton
81,5,27,J Alston
124,6,31,D Root
155,5,58,D Burroughs
10,1,10,C Bertoli
42,1,42,D Rushing
20,1,21,A LaCoste
10,1,10,R Cannon
14,1,14,J Claiborne
68,3,26,F Bickley
33,2,17,M Traylor Bennett
31,1,31,D Surgent
14,1,14,M Carter
11,1,11,M Jackson
9,1,9,N Byrne
46,2,24,C Jones
14,1,14,D White
116,6,27,T Coffman
44,3,19,J Noble
24,1,24,J Armstrong
88,5,23,C Davis
18,1,18,D McNeal
19,1,19,R Moore
10,1,10,C Pohlman
43,2,26,W Powell
9,1,9,B Wicks
63,3,25,P Lasike
45,2,24,A Hine
39,2,25,D McClellon
0,1,0,J Harris
53,1,50,B Reedy
3,1,3,C McDowell
45,2,29,D Norfleet
61,3,27,S Powell
41,2,25,J Barnes
85,4,29,T Boyd
25,1,25,K Weatherspoon
15,1,15,L Pitts
79,4,31,T Allen
-4,1,0,D Gibson
14,1,14,J Smith
11,1,11,J Edwards
5,1,5,M Raby
81,3,46,C LeBlanc
15,2,7,R Brown
80,2,60,R Whatley
53,2,38,S Patton
21,1,21,L Purifoy
57,3,21,V Dallas
66,2,41,L Whitfield
20,1,20,K Shaw
37,2,19,M Jones
37,3,35,D Baker
15,1,15,D Dixon
15,1,15,J Davis
19,1,19,J Green
158,4,99,B Chancellor
15,1,15,D Miller
95,3,41,J Golden
115,4,42,S Tapley
22,1,22,D Ayers
40,2,21,M Hull
22,1,22,S Houston
18,1,18,M Murphy
36,1,36,M Plewa
29,1,29,J Cotton
104,5,31,D Chance
27,2,16,K Lark
17,1,17,B Bourbon
17,1,17,A Guillot
13,1,13,D Banks
93,1,93,C Gaines
47,3,19,C Taylor
19,1,19,O Beckham Jr
14,1,14,T Mason
31,1,31,W Likely
63,3,24,R Carswell
56,3,21,W Smallwood
36,2,18,T Dudley Giles
60,2,42,D Sims
44,2,22,J Craig
82,3,38,J McKissic
95,1,95,D Johnson
88,1,88,S Coley
58,3,32,D Daniels
46,3,24,C Frazier
15,1,15,D Scott
16,1,16,R Abernathy IV
21,1,21,M Jones
0,1,0,K Maye
83,5,25,D Ogburn Jr
13,1,13,T Crawley
21,1,19,J Lewis
29,2,20,W Van Hooser
23,2,13,C Worthy
21,1,21,B Burks
63,2,34,K Bell
5,1,5,C Zimmerer
24,1,24,D Wright
17,1,17,J Forsythe
12,1,12,N Westbrooks
42,2,23,C Gant
19,1,19,D King Jr
34,3,21,T Lewis
17,1,17,P Logan
16,1,16,G Bowers
4,1,4,R Sterling
93,5,29,T Pendergrass
21,1,21,N Beard
0,1,0,A Helms
72,3,28,M Harris
70,3,35,D Aultman
10,1,10,S Malone
67,3,27,G Atkinson III
16,1,16,M Kings Jr
8,1,8,N Hill
84,4,27,J Owens
39,2,20,A McBurse
38,2,20,P Aiken
37,1,37,D Patterson
53,3,19,T Oliver
18,1,18,L Chatman
13,1,13,M Carlton
15,1,15,V Walker
111,5,35,D Polk
33,2,22,J Boyle
17,1,17,Q Pratt
16,1,16,J Grant
38,2,23,K Hatcher
20,1,20,E Hawkins
101,4,35,C Lockett
75,4,23,V Bolden
81,3,50,T Montgomery
10,1,10,J Cummings
64,3,30,M Grice
24,1,24,R Smith
19,1,19,J Strong
15,1,15,G Morris II
61,2,46,D Breaux
39,2,25,J Shackleford
0,1,0,M Wadleigh
72,3,30,K Sanders
96,4,40,T Lockett
54,3,23,T Williams
60,4,18,J Taylor
21,1,21,A Erickson
20,1,20,G Franklin
14,1,14,D Powell
43,2,23,E Eagan
70,1,70,S Manfro
16,1,16,D Andrews
-5,1,0,R Hofmeister
74,4,26,A Shapiro
33,2,20,J Matthews
16,1,16,K Whitely
46,2,25,K Hammonds
38,3,20,A Ford
34,1,34,M Lee
15,1,15,N Agholor
38,2,19,T Glover Wright
111,2,100,A Golden
21,1,21,J Bell
37,2,20,K Jones
13,1,13,J Monroe
32,1,32,D Jennings
67,3,26,D Forlines
32,2,17,J Fruehan
14,1,14,T Stout
66,3,30,D Knowles
47,2,25,D Reaves
9,1,9,K Smith
40,3,16,C Gupton
45,1,45,T Caldwell
81,4,28,D Epps
27,2,15,R Montgomery
53,2,27,K Zuleger
148,6,45,A Hunt
20,1,20,R Mostert
28,1,28,W McNeal
19,1,19,A Andrews
12,1,12,N Norris
11,1,11,C Franks
60,3,20,C Flowers
38,2,20,O Johnson
21,2,21,T Taylor
29,2,20,B Snoddy
20,1,20,D Knowles
42,2,29,T Watts
25,1,25,D Walker Jr
19,1,19,Z Langer
32,1,32,A Wimberly
14,1,14,A Gary
90,1,90,A Hine
50,2,33,P Lasike
4,1,4,J Falslev
62,2,50,K Gilstrap
45,2,24,R Whatley
59,3,24,D Ogburn Jr
37,3,17,T Crawley
54,1,54,T Glover Wright
0,1,0,T Reynolds
40,2,21,K Moore
32,2,19,J Walton
74,3,38,K Marshall
51,2,35,K Hatcher
57,2,35,T Williams
78,3,36,M Grice
12,1,12,R Smith
31,2,20,M Lee
19,1,19,K Seymour
5,1,5,N Agholor
53,2,38,J Smith
51,2,34,B Reedy
11,1,11,D Harper
114,3,71,M Willis
48,3,23,D Dudeck
17,1,17,L Whitfield
40,2,20,D Burroughs
51,2,31,J Sims
36,3,17,J Hester
53,3,22,F Bickley
128,4,51,D Campbell
37,2,19,W Stanback
16,1,16,M Reed
31,1,31,B Ellington
18,1,18,R McDowell
68,3,43,O Reynolds
38,2,19,J Armstrong
75,3,35,T Coffman
42,2,21,T Simmons
86,4,28,A Golden
41,2,23,J Bell
7,1,7,C Wenrick
30,1,18,D Edwards
18,1,18,J Barnes
-4,1,0,D Beilinson
35,3,21,W Van Hooser
20,1,20,B Burks
14,1,14,D White
51,3,19,R Davis
23,1,23,K Karempelis
175,7,33,O Beckham Jr
105,3,47,C Gant
1,1,1,T Lataimua
87,3,44,D Root
11,1,11,T Thomas
53,3,24,D Epps
44,2,24,R Montgomery
52,2,30,R Anderson
19,1,19,J Thomas
2,1,2,E Wilson
22,1,22,J Westbrook
19,1,19,R Williams
19,1,19,J Blue
14,1,14,S Patton
17,1,17,D Butler
111,4,41,T King
23,1,23,A Guillot
42,2,22,S Williams
6,1,6,J Noble
92,3,53,A Johnson
66,1,66,M Jones
40,2,25,J Cotton
90,4,28,M Murphy
27,1,27,J McKissic
153,7,45,T Thorpe
92,4,25,L Ray
51,3,22,J Alston
79,2,54,C Williams
45,2,27,J Harris
36,2,18,N Westbrooks
12,1,12,A Bradley
-2,1,0,T Houk
70,3,27,A LaCoste
20,1,20,A Shapiro
49,2,26,C Lockett
87,5,21,C Wiggins
46,2,28,D Anaya
92,5,24,S Murray Lawrence
19,1,19,K Whitely
29,1,29,G Atkinson III
40,1,40,T Franks
35,2,24,R Finch
66,3,24,D Wilson
21,1,21,J Hall
54,3,21,K Zuleger
27,1,27,D Thomas
19,1,19,T Hill
66,3,28,B Treggs
25,1,25,K Muhammad
27,1,27,M Marable
44,2,23,R Severson
36,1,36,M Mosley
17,1,17,N Spruce
40,2,26,D Jennings
5,1,5,D Terrell
61,3,25,A Hunt
59,3,21,R Mostert
146,3,99,T Lewis
17,1,17,R Sterling
52,3,18,D Hopkins
40,2,23,D Johnson
26,1,26,M Lewis
55,2,30,B Catalon
45,1,45,L Brown
109,5,34,A Stafford
66,3,24,J Toney
20,1,20,V Dallas
32,2,17,T Glover
41,2,22,A Erickson
19,1,19,J Claiborne
96,5,25,K Jones
84,3,35,J Monroe
39,1,39,M Ambles
32,2,17,D Ayers
20,1,20,D Payne
4,1,4,L Stice
96,4,42,D Sims
18,1,18,A Hal
23,2,17,G Franklin
19,1,19,J Staples
8,1,8,S Jones
49,1,49,K Williams
10,1,10,K Smith
6,1,6,J Ross
59,3,26,N Phillips
13,1,13,J Jackson
71,3,28,R Galvin
51,3,18,T Caldwell
21,2,19,A Jackson
42,2,22,T Montgomery
20,1,20,K Young
33,2,26,A Andrews
59,3,23,M Thomas
1,1,1,Q Ezell
81,4,24,D Chance
37,2,26,E Calhoun
10,1,10,C Humphrey
15,1,15,C Sims
14,2,14,R Carswell
62,2,40,D Roland
24,1,24,J Stewart
20,1,20,J Gilbert
39,1,39,J West
47,3,18,D Johnson
17,1,17,K Sanders
83,4,28,C Davis
44,2,25,D McClellon
110,5,31,S Manfro
78,4,23,E Judge
13,1,13,T Vizzi
45,3,23,N Westbrooks
57,3,23,T Glover Wright
21,1,21,J Falslev
45,3,27,D Phillips
33,2,18,M Traylor Bennett
15,2,14,F Bickley
28,1,28,T Carrie
24,1,24,D Bass
17,2,9,H Jones
56,3,25,K Hill
52,3,23,A Wilson
12,1,12,P Lee
53,2,37,T Mason
45,2,25,J Walton
37,2,25,L Norwood
11,1,11,C Fuller
155,7,38,W Smallwood
16,0,16,I Bruce
14,1,14,V Davis
111,3,46,M Willis
0,1,0,D Dudeck
0,1,0,T Joy
7,1,7,J Crockett
36,2,20,T Dudley Giles
127,2,96,D Campbell
27,1,27,B Ross
99,5,24,T Allen
48,2,26,D Scott
78,4,28,B Bigelow
71,4,19,B Treggs
45,2,26,R Galvin
4,1,4,Z Brevick
134,5,30,R Severson
54,2,29,M Adkins II
2,1,2,T Hill
2,1,2,K Lowe
21,3,16,K Marshall
19,1,19,K Hatcher
12,1,12,L Whitfield
73,4,32,W Likely
90,3,54,B Poueu Luna
66,3,24,C Gant
66,2,45,T Crawley
66,3,31,R Montgomery
62,2,34,N Lovett
50,2,34,D Root
13,1,13,S Wynn
64,3,30,E Lewis
16,1,16,J Cotton
29,1,29,R Shelton
87,3,35,J Shepherd
77,3,30,D Miller
21,2,15,B Bourbon
19,1,19,R Davis
100,1,100,D Archer
62,3,22,E Calhoun
22,2,19,C Humphrey
49,2,29,T Lewis
16,1,16,P Logan
12,1,12,R Sterling
24,1,24,M Carter
211,3,100,B Smith
74,4,24,A Erickson
4,1,4,M Gilmore
72,4,29,M Warford
32,1,32,J Craig
16,1,16,R Hall
114,4,44,D Johnson
69,3,34,L Griffin
46,3,19,D Smelter
47,3,22,R Williams
35,2,19,J Harris
52,2,29,D Norfleet
63,2,45,M Jones
30,3,13,T Olson
48,1,48,D Reaves
13,1,13,E Taliaferro
30,1,30,J Williams
90,3,46,J Lewis
19,1,19,R Johnson
111,5,29,O Beckham Jr
39,2,21,R Whatley
71,2,51,L Ray
19,1,19,M Thomas
39,2,20,A LaCoste
22,1,22,S Gagliano
26,1,26,K Bell
64,3,26,V Bentley
32,1,32,M Osei
127,2,100,C Wiggins
11,1,11,N DAvanzo
95,5,24,A Shapiro
19,1,19,A Franklin
81,4,24,M Harris
38,1,38,V Mark
19,1,19,D Wilson
83,5,22,C McDaniel
34,1,34,G Atkinson III
21,1,21,M Grice
18,1,18,B Catalon
76,3,32,B Sheperd
21,1,21,J Gilbert
56,4,17,M Burns
22,1,22,T Lockett
14,1,14,J Hubert
0,1,0,L Dowling
77,4,35,B Ellington
0,1,0,S Jeffery
25,1,25,J Blue
19,1,19,R Sanders III
15,1,15,D Robinson
15,1,15,M Pierre
69,3,25,J Sims
48,1,48,E Johnson
16,1,16,B Johnson
6,1,6,J Richard
18,1,18,C Taylor
36,2,21,J Taylor
24,3,13,Jr
48,2,31,J Grant
14,1,14,M Burton
204,4,99,T Montgomery
7,1,7,J Hemschoot
36,2,25,J Ross
73,4,24,D McFarlane
34,2,18,G Morris II
31,2,19,G Hopper
124,6,32,J Thomas
23,1,23,R Anderson
21,1,21,C Gaines
11,1,11,V Dallas
18,1,18,R Davis
33,2,19,D Boutte
21,1,21,D Butler
90,3,41,B Chancellor
12,1,12,M Hull
55,3,24,B Reedy
46,2,32,C Jones
45,2,27,D Chance
60,2,51,B Burks
42,2,26,W Van Hooser
19,2,12,D White
80,3,37,T Glover
12,1,12,P Moore
152,4,45,G Franklin
19,1,19,D McKinney
45,2,27,A Golden
18,1,18,J Bell
40,3,26,H Lee
33,1,33,T King
75,4,24,B Kimbrow
125,5,37,D Jennings
18,2,15,T Mizzell
12,1,12,C Wingo Reeves
81,4,27,J Smith
22,1,22,T Thorpe
21,1,21,T Logan
37,1,37,J Alston
27,1,27,R Smith
8,1,8,D OConnor
8,1,8,T Creecy
35,1,35,E Judge
57,2,31,C Gaines
24,3,14,J Grant
-1,1,0,T Bellia
25,1,25,N Agholor
25,4,18,K Seymour
56,3,23,S Grant
55,3,24,J Jackson
101,4,38,R Abernathy IV
22,1,22,R Anderson
19,1,19,J Thomas
14,1,14,J Gilmore
125,2,98,J McKissic
56,1,56,R Fleming
45,2,23,J Jones
96,5,24,N Lovett
26,1,26,R Montgomery
43,2,29,K Hatcher
11,1,11,K Small
27,2,18,J Crockett
20,2,14,M Giachinta
0,1,0,P Laird
78,3,36,T Allen
23,1,23,D Scott
15,0,15,D Jackson
13,1,13,H Matt
5,1,5,N Adams
-1,1,0,A Houston
14,1,14,C Sanders
0,1,0,N Equae
10,1,10,S Warren
19,1,19,D Lewis
16,1,16,D Foster
86,4,28,D Ross
11,1,11,J Hall
52,1,52,H Banks
40,1,40,J Smith
33,2,25,J Edwards
5,1,5,Z Fakes
21,2,19,E Calhoun
9,1,9,C Humphrey
85,3,39,A Hine
24,1,24,T Green
27,1,27,M Willis
57,3,23,L McCombs
25,1,25,D Hopkins
10,1,10,H Louis
58,2,31,T Coffman
32,2,20,D Ogburn Jr
60,2,36,D Edwards
10,1,10,M Thomas
59,4,20,D Reaves
36,3,14,G Franklin
0,1,0,K Backman
119,2,71,A Wilson
6,1,6,J Kelly
0,1,0,K Hill
16,1,16,J Chunn
16,1,16,W Van Hooser
15,1,15,J Green
58,2,42,M Murphy
144,5,45,D Ayers
65,3,25,J Craig
31,1,31,M Warford
63,2,34,S Johnson
10,1,10,M Burns
61,4,23,L Norwood
36,2,31,C Fuller
56,2,31,J Blue
26,1,26,D Mobley
22,1,22,R Sanders III
49,2,28,C Jones
48,2,29,O Beckham Jr
33,1,33,S Patton
65,3,26,S Diggs
40,2,25,L Jacobs
55,4,17,T Mizzell
49,2,28,D Jennings
65,3,31,T Dudley Giles
36,2,21,O Bey
28,1,28,F McRae
43,3,20,S Houston
82,3,49,J Walton
15,1,15,C Moore
82,3,36,T Williams
46,2,25,J Lewis
31,2,17,R Moore
32,2,16,T Copeland
12,1,12,B Cherry
26,1,26,P Gulley
16,1,16,D McFarlane
29,1,29,P Logan
24,1,24,T Lewis
25,1,25,M Traylor Bennett
11,1,11,F Bickley
17,1,17,J Jones
38,2,21,R Whatley
17,1,17,J Singletary
84,5,29,D Bass
5,1,5,C Sayles
71,3,33,J Harris
19,1,19,C Williams
25,1,25,E Lewis
14,1,14,V Walker
88,3,34,D Norfleet
66,3,25,D Dileo
51,3,20,A Hunt
16,1,16,J Sinz
15,1,15,J Westerkamp
31,1,31,B Catalon
46,2,25,D Miller
34,2,19,J Shepherd
23,0,23,A Colbert
6,1,6,K Sanders
97,2,73,R Finch
38,2,22,D Boutte
28,1,28,L Ray
16,1,16,B Smith
39,1,39,C Davis
46,2,32,J Grant
95,1,95,J West
25,2,16,A Gary
12,1,12,R Standard
27,1,27,S Manfro
158,7,35,K Muhammad
78,2,46,M Sullivan
41,2,22,K Whitely
113,3,86,B Poueu Luna
49,3,21,D King Jr
12,2,7,D Elisara
160,3,100,T Montgomery
16,1,16,J Cummings
125,2,100,A Golden
32,1,32,D Walker Jr
20,1,20,T Watts
44,2,25,J Williams
15,1,15,J Eddington
15,1,15,T Glover Wright
39,3,17,D Burroughs
29,2,17,C Mangus
47,2,25,L Pitts
11,1,11,T Boyd
83,4,31,J Ross
15,1,15,K Smith
103,3,57,J Huff
30,2,18,K Lowe
110,5,28,R Galvin
51,3,18,V Bolden
50,1,50,K Doe
17,1,17,K Zuleger
68,3,25,M Harris
10,1,10,S Buckley
83,4,35,D Celiscar
32,1,32,D Campbell
27,1,27,J Claiborne
27,1,27,T Norman
76,2,40,C Wiggins
6,1,6,N DAvanzo
83,4,27,A Andrews
19,1,19,A Wales
81,3,30,D Surgent
21,1,21,E McGuire
45,2,25,T Logan
23,1,23,T Thorpe
58,2,33,S Coley
45,2,25,A Burns
14,1,14,C Gaines
13,1,13,R Clark
11,1,11,S Perry
79,3,41,W Stanback
16,1,16,R Hall
32,1,32,C Jones
82,5,21,K Marshall
47,2,24,K Hatcher
35,2,22,J Baker
29,1,29,D Anderson
9,1,9,C Henderson
73,3,26,M Grice
135,5,49,J Ross
14,1,14,K Smith
11,1,11,T Tutogi
97,1,97,C Coleman
98,2,78,A Wimberly
74,6,17,A Gary
10,1,0,E Bibbs
0,1,0,C Rogers
44,2,25,C Bertoli
39,2,22,B Douglas
21,1,21,N Westbrooks
30,1,30,O Houston
24,2,14,D Campbell
141,5,39,T Dudley Giles
3,1,3,D Woods
0,1,0,J Anderson
148,5,52,K Muhammad
30,2,18,D Ervin
13,1,13,J Wark
30,1,30,V Bolden
23,1,23,T Ward
51,2,28,R Abernathy IV
33,2,25,R Moore
91,5,23,L McCombs
28,1,28,D Foxx
56,3,32,S Watkins
12,2,8,J Leggett
43,1,43,L Whitfield
30,1,30,K Williams
42,2,27,J Harris
27,1,27,T Lewis
30,1,30,B Allen
20,1,20,L Ray
81,4,27,J Sims
41,2,29,E Osborne
36,1,36,E Johnson
111,3,90,T Allen
79,4,23,D Jackson
16,1,16,R Brumfield
10,1,10,J Canty
31,2,23,D Patterson
18,2,12,C Sayles
24,1,24,T Thomas
15,1,15,D Root
109,4,41,M Sullivan
46,2,27,K Whitely
3,1,3,T Bergsten
34,1,34,L Griffin
128,5,49,P Gulley
15,1,15,B Estime
167,4,95,D Ayers
21,1,21,D Payne
21,1,21,M Ambles
67,2,47,A Hine
53,3,23,R Lankford
45,3,21,M Barr
19,1,19,V Bentley
77,2,54,K Doe
70,3,29,J Shepherd
29,1,29,R Finch
11,1,11,T Millard
29,1,29,L Fitte
39,2,26,B Chancellor
27,2,18,J Jones
29,1,29,R Mostert
20,1,20,A Hunt
85,3,33,J Craig
50,2,26,M Warford
6,1,6,R Hunter
60,3,38,Jr
1,1,1,T Shead
24,1,24,R Williams III
6,1,6,J Greenwood
39,2,23,L Smith
121,6,44,D Norfleet
81,3,40,S Houston
20,2,12,M Oliver
62,3,24,J Walton
92,4,39,O Beckham Jr
32,1,32,T Magee
35,2,20,M Murphy
158,4,100,S Patton
23,1,23,T Burton
11,1,11,C Burton
31,1,31,M Hull
13,1,13,C Cella
11,1,11,D Brown
111,7,21,C Wiggins
26,1,26,T Glover Wright
23,1,23,M Harris
22,1,22,A Johnson
35,2,20,G Atkinson III
33,1,33,K Seymour
20,1,20,N Agholor
25,1,25,D Wilson
24,1,24,J Hall
118,6,31,J Cotton
50,1,50,B Sheperd
44,2,24,J Gilbert
86,4,32,B Catalon
89,4,25,J Huff
53,2,29,B Kelley
159,7,35,R Galvin
33,1,33,L Pitts
20,1,20,T Boyd
109,5,32,A Evans
102,3,67,T Glover
52,3,24,E Calhoun
28,1,28,D Archer
9,1,9,C Humphrey
6,1,6,T Erjavec
37,2,19,T Montgomery
53,3,21,S Manfro
29,2,25,R Anderson
15,0,15,H Dixon
14,1,14,J Gilmore
60,4,19,J Crockett
12,1,12,D Young
58,3,21,P Cooper
90,5,22,B Reedy
75,3,30,M Thomas
28,1,28,D Brown
81,3,35,T Williams
67,3,40,Q Bray
17,1,17,C Grant
9,1,9,J Prosch
41,2,26,B Smith
12,1,12,C Mager
39,2,24,A Wilson
15,1,15,K Hill
79,4,31,B Kimbrow
19,1,19,A Hal
117,5,26,D Jennings
40,1,40,D Edwards
12,1,12,J Armstrong
111,4,35,S Diggs
60,2,40,W Likely
40,3,19,D Celiscar
13,2,13,D Chance
11,1,11,M Rodriguez
26,2,26,J Smith
119,7,27,W Smallwood
69,2,52,R Davis
57,3,31,A Stewart
56,3,24,T Norman
25,1,25,J Claiborne
8,1,8,J Quinlan
13,1,13,K Hulbert
56,2,28,J McKissic
22,1,22,J Jones
23,1,23,D Surgent
47,3,18,J Lewis
58,3,26,J Blue
55,3,21,R Whatley
133,4,81,D Reaves
33,2,22,E Taliaferro
21,1,21,A Hine
20,1,20,P Lasike
53,2,39,D Thomas
29,1,29,A LaCoste
37,1,37,G Atkinson III
87,4,34,D Williams
29,1,29,I Davis
57,2,38,J Smith
0,1,0,S Brunner
106,2,57,C Jones
7,1,7,B Vogler
146,5,45,D Young
72,3,29,Q Bray
28,1,28,D Fortner
19,1,19,R Brown
18,1,18,C LeBlanc
57,2,43,R Moore
59,3,35,B Reedy
8,1,8,M Roberts
50,2,31,R Hall
22,1,22,W Stanback
63,4,19,L McCombs
21,1,21,J Green
17,1,17,D Foxx
79,2,48,R Severson
23,1,23,S Grant
73,5,19,C Taylor
16,1,16,L Fitte
52,2,34,L Whitfield
27,1,27,J Wilson
44,3,16,B Cherry
150,4,78,D Saint Juste
11,1,11,D King Jr
114,5,31,T Coffman
67,3,25,M Barr
34,2,19,M Osei
17,1,17,T Neal
3,1,3,D Drone
29,2,17,J Canzeri
38,1,38,M Harris
13,1,13,T Hanrahan
18,3,13,D Nealy
14,1,14,A Gary
0,3,0,J West
30,1,30,C Moore
17,1,17,J Gilbert
69,3,27,D Miller
68,3,24,J Shepherd
36,2,20,C Coleman
42,2,22,T Lockett
46,2,24,W Smallwood
22,2,12,C Sims
49,3,31,E Calhoun
9,1,9,R Clay
8,2,7,C Humphrey
74,2,38,B Ross
14,1,14,J Gordon
6,1,6,O Houston
45,2,26,C Davis
68,3,29,A Wilson
20,1,20,K Hill
56,2,37,W Likely
0,1,0,N King
-1,1,0,P Gallo
46,3,19,S Watkins
104,2,90,K Bailey Smith
27,2,20,T Dudley Giles
12,2,16,J Anderson
79,3,35,D Celiscar
22,1,22,K Lark
75,3,34,D Johnson
14,1,14,S Coley
19,1,19,J Harris
15,1,15,M Williams
71,3,28,A Moore
39,2,31,K Bell
23,1,23,T Newby
35,2,19,J Walton
21,1,21,K Moore
32,2,18,N Lovett
59,2,35,M Murphy
16,1,16,L Copelin
42,2,24,P Cooper
19,1,19,S Rhodes
40,2,24,M Thomas
6,1,6,Q Ezell
14,1,14,T Boyd
19,1,19,S Tapley
1,1,1,T Thorpe
79,5,18,M Willis
28,1,28,N Westbrooks
20,1,20,A Bradley
39,1,39,M Sullivan
17,1,17,A Smith
24,1,24,A Sebastiano
15,1,15,P Logan
91,5,29,T Allen
23,1,23,J Canty
49,1,49,D Wilson
48,3,18,E Lewis
14,1,14,V Walker
9,1,9,T Smith
9,2,8,T Mangen
40,3,24,J Greenwood
18,1,18,R Williams III
4,1,4,S Marck
68,3,35,R Finch
72,3,28,J Grant
18,1,18,J Huff
83,3,30,S Manfro
41,2,22,D Fuller
10,1,6,D Andrews
57,4,16,V Bolden
50,3,24,T Montgomery
45,1,45,M Hull
33,2,17,A Golden
28,2,17,D Ayers
44,1,44,C Lockett
42,2,28,E Beed
15,1,15,L Clark
57,3,22,D Root
78,3,32,F Montgomery
33,1,33,C Dunkley
17,1,17,D Hopkins
20,1,20,C Gaines
91,4,27,T Crawley
41,2,21,S Wick
0,1,0,J Claiborne
139,6,26,J Sims
78,3,31,B Chancellor
131,4,87,Jr
55,3,24,J Taylor
72,3,38,R Anderson
23,1,23,J Thomas
15,1,15,J Gilmore
112,4,40,B Catalon
44,2,24,D Gray
19,1,19,D Johnson
43,2,23,D Boutte
11,1,11,D Walker Jr
18,1,18,T Williams
26,3,11,B Kimbrow
21,1,21,A Hal
14,1,14,W Tate
53,4,19,C Mager
10,1,10,R Carden
15,2,15,T Timmons
15,1,15,K Seymour
7,1,7,C Wilson
51,3,25,D Anderson
1,1,1,K Williams
96,4,27,K Jones
40,2,21,D Reaves
26,1,26,G Franklin
10,1,11,D Powell
44,3,18,D Jennings
9,1,9,T Mizzell
80,2,59,L Griffin
28,1,28,J Thomas
41,2,24,D Knowles
49,3,20,D Edwards
60,3,25,J Ross
58,3,28,K Muhammad
27,1,27,D Ervin
17,1,17,J Wark
23,1,23,A Andrews
17,1,17,A Wales
35,2,19,B Burks
15,1,15,E Thomas
12,1,12,D Anthony
11,1,11,C Worthy
69,3,29,J Craig
33,1,33,R Moore
124,4,45,D Ayers
111,4,37,C Dunkley
13,1,13,M McFarland
26,1,26,B Chancellor
21,2,13,J Eddington
17,1,17,M Hill
-2,1,0,M Hull
31,2,19,B Burks
-1,1,0,K Franklin
0,1,0,C Davis
49,3,18,R Galvin
46,3,18,M Mason
16,1,16,T Caldwell
18,1,18,M Grice
122,6,27,V Bolden
23,0,23,C Brown
27,1,27,A LaCoste
20,1,20,J Crockett
5,1,5,I Davis
1,1,1,B Alexander
64,4,27,E Calhoun
12,1,12,D Gress
87,1,87,K Marshall
52,3,20,M Willis
48,1,48,D Knowles
28,1,28,J Coleman
111,4,33,K Muhammad
0,1,0,C Whitener
55,2,28,J Baker
16,1,16,S Grant
61,1,61,D Alexander
16,1,16,T Coffman
100,4,31,D Thomas
33,1,33,C LeBlanc
33,2,20,D Boutte
19,1,19,D Butler
15,1,15,D Rhymes
14,1,14,Z Schaubhut
34,2,21,L Ray
28,1,28,I Jones
56,2,41,S Patton
16,1,16,M Roberson
15,1,15,T Burton
4,1,4,J Davis
58,3,29,S Dawson
18,1,18,J Green
23,1,23,L Whitfield
13,1,13,K Williams
89,4,27,A Burns
27,2,14,S Coley
16,1,16,D Johnson
70,4,19,D Root
10,1,10,T Thomas
46,3,19,N Westbrooks
41,2,26,J Richardson
6,1,6,P Clifford
66,3,25,A Wilson
63,3,24,T Evans
15,1,15,K Hill
53,2,35,A Wales
27,1,27,M Henry
40,2,22,J Thomas
43,2,23,N Lovett
30,1,30,B Smith
103,3,48,S Wynn
88,3,48,S Houston
22,1,22,T Coleman
93,5,23,M Jones
88,4,25,J Cotton
0,1,0,R Hamilton
40,2,22,K Doe
29,2,17,T Lockett
66,4,22,A Gary
42,2,26,D Nealy
38,2,35,R Timmons
90,6,26,M Everett
24,2,15,J Neely
36,1,36,D Surgent
23,2,20,E Reed
22,1,22,E McGuire
6,1,6,M Carter
45,3,18,A Franklin
20,1,20,A Shapiro
13,1,13,A Joyner
122,6,28,S Harris
11,1,11,J Colton
112,3,41,P Logan
24,2,15,A Turner
58,2,36,R Shelton
100,4,35,D Norfleet
17,1,17,J Chesson
37,2,19,M Murphy
91,4,29,D Young
70,3,25,D Reaves
108,6,23,E Osborne
15,1,15,J Hester
42,2,24,R Smith
17,1,17,B Cherry
85,4,26,T Thorpe
7,1,7,T Logan
45,2,24,A Moore
39,2,24,A Abdullah
17,1,17,Q Enunwa
18,1,18,M Harris
113,5,33,G Atkinson III
137,5,49,M Thomas
27,1,27,E Lewis
37,2,19,J Ferguson
57,4,18,B Knauf
3,1,3,R Mostert
19,1,19,D Wilson
74,3,39,J Deering
62,4,23,J Thomas
48,2,34,T Glover
61,3,23,J Jones
6,1,6,D Williams
50,2,29,P Cooper
15,1,15,J Lewis
0,1,0,C Holmes
77,3,29,C Lockett
8,1,8,T Vizzi
107,4,41,C Wiggins
15,1,15,D Anaya
39,2,21,J Harris
10,1,10,N Basford
87,4,36,B Catalon
20,1,20,W James
14,1,14,W Smallwood
75,3,40,D Johnson
75,3,34,D Miller
26,1,26,J Douglas
24,2,13,Z Langer
15,1,15,K Lucas
18,1,18,A Grubb
17,1,17,J Williams
52,2,29,B Reedy
19,1,19,C McDowell
8,1,8,R Adams
59,5,19,T Allen
40,2,23,B Malena
70,5,22,A Golden
28,2,22,J Bell
17,1,17,E Tomlinson
86,4,45,J Grant
12,0,12,B Marquez
23,1,23,D Roland
23,1,23,G Franklin
0,1,0,J Nelson
37,3,22,K Gilstrap
102,3,38,D Fuller
13,1,13,J Zumwalt
84,5,20,R Severson
21,1,21,D Ross
31,2,17,M Sullivan
22,1,22,K Whitely
21,1,21,F Hightower
16,1,16,T Crawley
20,1,20,T Glover Wright
30,2,19,D Saint Juste
59,3,31,T Mizzell
13,1,13,G Hopper
19,1,19,A Neutz
14,1,14,B Ross
8,1,8,M Weiser
56,3,22,N Carpenter
10,1,10,D Bass
108,5,33,F McRae
28,2,15,D Taylor
12,1,12,R Moore
41,2,25,J Smith
6,1,6,H Banks
104,5,35,J Harris
27,1,27,C Williams
23,1,23,M Shoemaker Gilmore
15,1,15,A Fenton
80,2,51,C Coleman
21,1,21,L Norwood
55,1,55,J Saunders
37,2,22,B Clay
26,2,19,T Franks
8,1,8,B Green
51,2,35,D Surgent
22,2,17,M Carter
18,0,18,T Pierce
3,1,3,E McGuire
28,2,16,D White
14,2,14,B Burks
1,1,1,K Franklin
57,1,57,T Montgomery
53,2,35,D Thomas
42,3,17,J Huff
109,5,32,L McCombs
36,1,36,S Perry
13,1,13,R Clark
52,2,28,C Wiggins
5,1,5,N DAvanzo
137,5,45,A LaCoste
25,1,25,D Rushing
42,2,22,D White
41,2,21,C Jones
174,4,82,O Beckham Jr
45,3,19,J Crockett
27,1,27,A Wales
24,1,24,T Robinson
14,1,14,C Franks
8,1,8,M Henry
22,1,22,J Baker
56,2,34,D Fuller
65,4,25,K Muhammad
17,1,17,J Bouza
12,1,12,N Agholor
1,1,1,J Pinner
25,1,25,R Hall
93,4,42,D Ayers
5,1,5,R Jackson
30,1,30,R Abernathy IV
33,2,20,J Taylor
15,1,15,Jr
41,2,21,T Coffman
99,5,28,J Richardson
148,3,100,D Edwards
79,4,23,B Cherry
18,1,18,L Ray
193,6,83,J Douglas
27,1,27,D Walker Jr
100,6,23,T Allen
25,1,25,D Chance
63,3,28,S Patton
13,1,13,D Sims
0,1,0,W Tate
26,1,26,S Dawson
0,1,0,K Karempelis
-7,1,0,B Douglas
121,6,30,T Washington
38,1,38,D Middleton
63,2,33,N Lovett
26,1,26,D Epps
12,1,12,R Montgomery
37,1,37,A Evans
18,1,18,A Wilson
6,1,6,C Goodwyn
71,3,29,S Wynn
96,6,21,V Bentley
123,2,98,D Nealy
21,1,21,B Carter
41,2,24,R Sanders III
34,2,22,J Blue
77,2,62,J Gibson
67,2,39,M Murphy
52,4,20,C Davis
43,2,23,J Edwards
78,3,50,J McKissic
63,4,20,L Fitte
33,2,21,J Hester
33,2,18,E Johnson
13,1,13,D Bradley
7,1,7,T Bracken
38,2,22,W Likely
18,1,18,L Jacobs
13,1,13,S Petty
16,1,16,D McFarlane
3,1,3,R Hunter
30,2,16,C Jordan
93,4,30,S Coley
76,2,43,A Burns
39,1,39,C Elder
36,2,20,D Knowles
8,1,8,J Hayes
15,1,15,K Bell
38,2,23,M Jones
29,1,29,A Johnson
39,2,26,E Lewis
79,2,52,J Walton
38,2,22,K Marshall
46,2,25,D Reaves
100,5,33,J Nelson
12,1,12,G Franklin
11,1,11,T Henderson
18,1,18,K Gilstrap
64,3,27,C Taylor
16,1,16,D Jasper
23,1,23,M Thomas
76,4,25,D Saint Juste
35,2,19,K Bowens
75,3,36,T Thorpe
108,5,48,T Mizzell
17,1,17,D Jennings
8,1,8,A Franklin
103,2,98,M Willis
13,1,13,S Duggan
20,1,19,B Chancellor
84,3,31,A Golden
14,1,14,J Bell
100,1,100,J Gilbert
29,2,17,D Roland
169,5,69,J Shepherd
17,1,17,B Hollomon
58,2,50,L Pitts
21,1,21,T Boyd
74,3,41,G Atkinson III
11,1,11,C McDaniel
37,2,25,B Knauf
20,1,20,A Hunt
14,1,14,R Mostert
26,1,26,J Cotton
5,1,5,M Plewa
70,4,22,T Crawley
25,2,17,D Ogburn Jr
105,4,39,C Lockett
37,2,27,T Vizzi
74,4,20,D Young
90,1,90,C Grant
60,3,34,T Mason
35,1,35,Q Bray
161,4,97,T Williams
17,1,17,B Malena
7,1,7,C Smith
89,4,34,J Lewis
-3,1,0,R Johnson
47,3,20,J Grant
27,1,27,T Lockett
136,4,75,M Sullivan
45,2,23,T Reynolds
44,2,24,D Anderson
63,2,44,M Grice
50,2,28,D Lewis
3,1,3,D Rogers
22,1,22,J Franklin
18,1,18,D Butler
22,2,14,T Harris
15,1,15,J Garcia
97,1,97,L Whitfield
4,1,4,K Williams
34,2,18,J Ross
171,8,31,R Severson
45,2,27,K Doe
103,5,29,A Hine
88,3,43,M Alford
81,5,23,W Smallwood
87,4,32,D Johnson
28,1,28,M Johnson
19,1,18,B Miller
17,1,17,S Wick
17,2,17,D Root
25,1,25,J Gates
91,4,30,N Carpenter
70,3,29,L Smith
27,1,27,C Jones
16,1,16,B Reedy
15,1,15,A Zmolik
13,1,13,D Larkins
1,1,1,A Russell
93,4,28,D Campbell
29,1,29,O Houston
7,1,7,B Ross
10,2,10,C Humphrey
6,1,6,E Calhoun
22,1,22,F McRae
10,1,10,R Williams III
29,1,29,A Smaha
20,1,20,R Sterling
19,1,19,A Turner
11,1,11,P Logan
99,4,32,J Smith
44,2,27,J Edwards
50,2,29,S Watkins
50,3,22,D Sims
29,2,23,L Griffin
28,1,28,D Andrews
19,2,17,D Smelter
11,1,11,C Milton
23,1,23,J Douglas
14,1,14,D Alexander
13,2,13,D Reaves
55,2,28,D Andrews
49,2,34,R Davis
25,1,25,D Fuller
26,2,17,J Ross
22,1,22,J Jones
94,4,34,B Smith
59,2,34,J Baker
29,1,29,R Galvin
53,3,21,Q Bray
32,2,19,C Grant
23,1,23,T Mason
25,1,25,M Grice
55,3,25,V Bolden
91,3,43,C Fuller
27,1,27,C Coleman
25,1,25,L Norwood
27,2,19,R Davis
19,1,19,B Marquez
18,1,18,J Grant
19,1,19,D Dudeck
13,1,13,M Willis
0,1,0,D Crimmins
47,3,19,M Dayes
51,2,26,D Thomas
81,4,33,J Claiborne
14,1,14,R Herron
8,2,12,J Quinlan
72,2,40,A Hine
34,2,17,P Lasike
76,3,36,A Prier
17,1,17,C Gupton
12,1,12,D McSurdy
46,1,46,N Spruce
46,2,25,K Muhammad
10,1,10,L Gingold
-1,1,0,D Powe
45,2,24,D Edwards
125,6,25,C Elder
43,2,22,S Coley
23,1,23,I Jones
108,5,29,J Nelson
13,1,13,B Pruitt
8,1,8,D Powell
4,1,4,S Broxsie
3,1,3,K Williams
42,2,22,G Morris II
20,1,20,D McFarlane
49,3,23,A Wilson
13,1,13,D Surgent
37,2,19,D Saint Juste
75,3,37,C Lockett
93,7,19,V Bentley
87,4,31,D Wilson
47,1,47,J Hall
19,1,19,J Shepherd
38,3,16,W Smallwood
67,2,35,T Lockett
73,2,44,B Catalon
5,1,5,C Echols Luper
1,0,6,B Carter
58,2,32,S Perry
120,4,61,D Ayers
39,2,25,J Colton
23,1,23,T Dudley Giles
92,3,47,L Smith
13,1,13,T Williams
13,1,13,J Scott
5,1,5,M Marry
21,2,13,W Van Hooser
19,1,19,J Lewis
18,2,18,B Holloway
18,1,18,C Jones
46,2,45,D Brown
0,1,0,M Thomas
129,7,24,T Glover
78,4,24,K Bell
18,1,18,K Elsworth
17,1,17,R Shelton
39,1,39,J Richardson
98,6,19,T Crawley
151,4,100,C Wiggins
18,2,10,D Anaya
18,1,18,T Gipson
15,1,15,W Udeh
6,1,6,R Winston
139,6,34,T Coffman
24,1,24,J Hansley
41,2,22,M Harris
55,2,29,D Norfleet
18,1,18,R Finch
59,3,25,D Nealy
11,1,11,A Gary
119,2,86,D Thomas
16,1,16,C Delaney
5,1,5,P Brown
89,4,28,D Anderson
55,4,19,C Henderson
71,3,34,T Boyd
68,3,26,L Pitts
28,1,28,M Garner
98,5,29,T Logan
44,2,23,E Lewis
8,1,8,A Lynch
100,1,100,R Mostert
71,3,37,A Hunt
19,2,11,K Freytag
15,1,15,R Ibarra
29,1,29,M Hill
2,1,2,D Pollard
61,3,24,L Fitte
118,5,29,Q Pratt
51,3,21,J Grant
47,3,23,R Abernathy IV
9,1,9,S Washington
39,2,23,P Cooper
17,1,17,S Rhodes
59,2,33,S Patton
54,3,20,C Dunkley
10,2,6,J Carlton
24,1,24,J Craig
63,3,31,E Johnson
55,3,21,J Richard
24,1,24,L Whitehead
17,1,17,C LeBlanc
83,4,31,Jr
17,1,17,L McCombs
6,1,6,D Foxx
120,6,33,J Thomas
75,5,19,R Hall
13,1,13,W Stanback
39,3,18,D Johnson
24,1,24,M Johnson
41,1,41,J Gilbert
18,1,18,D Roland
52,3,20,M Lee
71,4,24,T Montgomery
60,1,60,A Golden
31,1,31,J Bell
22,1,22,E Tomlinson
19,1,19,D Jasper
18,1,18,D Sims
12,1,12,P Head
13,1,12,J Blue
126,4,88,D Knowles
73,4,22,W Likely
66,3,25,I Roundtree
55,3,21,S Wynn
22,1,22,A Davis
57,2,32,D Celiscar
18,1,18,D Chance
125,5,33,J Harris
69,3,25,J Greenwood
68,4,19,F McRae
22,1,22,D Campbell
14,1,14,O Houston
124,4,43,N Carpenter
39,2,28,L Smith
28,1,28,D Bass
7,1,7,C Sayles
48,3,29,E Calhoun
6,1,6,C Humphrey
59,4,23,B Reedy
38,2,25,P Logan
44,2,23,S Gagliano
42,2,22,A LaCoste
39,2,24,M Sullivan
17,1,17,K Whitely
52,2,31,R Hall
11,1,11,W Stanback
75,4,28,J Grant
73,4,21,Q Pratt
43,2,23,J Nelson
114,4,33,M Hill
109,5,30,T Tucker
77,3,53,M Thomas
21,1,21,D Brown
107,2,64,J McKissic
10,1,10,J Jones
2,1,2,D Williams
30,2,17,A Wilson
12,1,12,K Hill
14,1,14,X Dickson
68,4,24,M Green
41,3,15,C Board
63,2,44,K Marshall
19,2,14,M Loewen
7,1,7,C Harrison Gay
16,1,16,S Grant
70,5,22,D Thomas
53,2,40,T Hill
22,2,14,S Seckinger
85,4,24,T Martin
37,2,21,V Miller
75,3,31,J Colton
18,1,21,S Harris
8,1,8,B Howard
72,4,21,R Severson
33,1,33,S Cravens
24,1,24,N Agholor
3,1,3,L McQuay III
60,3,32,T Allen
17,1,17,J Canty
43,2,22,R Moore
40,2,23,D Fortner
69,5,22,A Franklin
7,1,7,Z Schaubhut
98,3,45,D Reaves
54,1,54,S Patton
34,2,24,T Burton
16,1,16,L Purifoy
34,2,19,M Breida
58,1,58,L Whitfield
38,1,38,K Williams
60,3,26,D Epps
34,2,19,N Lovett
5,1,5,M LaGrone
100,5,31,D Scott
252,7,89,C Wiggins
11,1,11,R White
8,1,8,N DAvanzo
-2,1,0,D Anaya
41,1,41,S Dawson
20,2,13,K Karempelis
101,6,24,J Blue
23,1,23,J Thomas
22,1,22,A McClellan
119,6,28,T Pride
9,1,9,Q Parks
37,2,20,D Payne
30,2,19,D Ayers
13,1,13,R Abernathy IV
110,4,60,J Cotton
74,3,39,D Norfleet
19,1,19,S Houma
13,1,13,R Jenkins Stone
11,1,11,D Nealy
40,4,20,J Shepherd
19,2,15,N Sizemore
5,1,5,T Smiley
162,5,46,T Lockett
65,2,42,R Finch
13,2,12,B Clay
36,1,36,C Gaines
7,1,7,K Towbridge
84,3,34,J Craig
4,1,4,S Craft
0,1,0,B Hollier
16,1,16,O Beckham Jr
90,5,24,T Williams
0,1,0,B Malena
63,3,25,L Fitte
28,1,28,H Lee
59,2,35,Z Langer
25,1,25,J Douglas
92,3,50,W Likely
12,1,12,A Reid
50,3,20,M Willis
20,1,20,B Jones
50,2,33,S Coley
10,1,10,J Carter
41,2,26,D Jennings
27,1,27,K Maye
22,1,22,M Jones
8,1,8,E Heifort
7,1,7,T Hartmann
31,2,20,K Doe
44,2,24,J Walton
20,1,20,M Dodson
48,3,24,M Murphy
99,1,99,T Logan
34,1,34,T Thorpe
9,1,9,N Staub
115,5,29,A Evans
49,3,17,C Goodwyn
33,2,22,A Vaughan
18,1,18,C Boyd
63,3,24,M Dayes
26,1,26,R Cheek
49,3,22,M Harris
26,2,15,R Shelton
43,2,26,C McDaniel
17,1,17,G Atkinson III
91,4,37,A Hine
12,1,12,A Holt
52,2,32,B Chancellor
24,1,24,C Harris
38,2,21,J Williams
25,1,25,D Wilson
7,1,7,D Smith
0,1,0,B Roby
71,4,25,S Wynn
49,3,21,S Houston
48,3,23,J Seales
3,1,3,D Ramacher
58,3,29,C Coleman
30,1,30,L Norwood
29,2,21,C Fuller
6,1,9,J Palmer
305,12,98,V Bolden
71,2,62,J Ross
37,2,24,E Lewis
99,1,99,K Bell
20,1,20,A Abdullah
16,1,16,T Newby
8,1,8,A Janovich
33,0,33,A Hunt
-7,1,0,R Mostert
32,2,20,V Bentley
33,2,20,C Davis
11,1,11,M Washington
7,2,5,D McNeal
47,2,27,P Cooper
14,1,14,D Wilkins
71,3,26,D Brown
19,1,19,A Sullivan
90,4,29,C Lockett
6,1,6,B Porter
130,2,100,B Douglas
20,1,20,D Thomas
41,2,26,M Shaw
39,2,29,C Dunkley
53,2,27,J Richard
18,1,18,D Bradley
48,3,20,K Gilstrap
9,1,9,K Byard
30,1,30,L Ward
4,1,4,J Cummings
0,1,0,K Olugbode
141,9,22,K Muhammad
13,1,13,K Jackson
43,2,29,G Morris II
37,2,22,D McFarlane
37,2,19,R Ibrahim
18,1,18,L Pitts
7,1,7,M Garner
17,2,17,J Thomas
17,1,17,R Anderson
35,2,22,D Foxx
9,1,9,L McCombs
45,2,30,D Young
108,3,71,D Sims
28,1,28,D Boutte
22,1,22,A Golden
130,6,30,B Smith
185,5,69,I Adams
9,1,9,J Zumwalt
101,4,31,M Grice
21,1,21,T Reynolds
10,1,10,T Harris
46,2,27,D Edwards
22,1,22,S Powell
106,4,45,T Caldwell
23,1,23,R Galvin
116,7,24,D Hatfield
54,3,20,J Claiborne
22,2,22,T Norman
19,1,19,D Saint Juste
47,1,47,B Fields
25,1,25,D Celiscar
0,1,0,K Lark
13,1,13,R Johnson
55,3,20,J Walton
47,3,20,M Johnson
69,3,33,R Davis
59,4,22,L Smith
31,0,31,M Freeman
87,3,50,B Reedy
20,3,16,D Larkins
28,3,15,Z Fakes
160,8,25,J Greenwood
16,1,16,R Williams III
104,4,29,D Campbell
17,1,17,W Fink
55,2,28,J Gates
177,4,69,R Hall
85,4,35,C Dunkley
10,1,10,J Carlton
84,1,84,C Williams
11,1,11,J Harris
5,1,5,A Westendorp
114,6,22,T Allen
20,1,20,J Canty
28,1,28,D Fortner
90,2,50,T Lowder
25,1,25,D Jasper
13,1,13,K Brooks
57,3,25,Jr
14,1,14,D Longoria
57,3,24,K Marshall
91,3,42,D Reaves
19,1,19,R Watson
119,6,28,L Ray
35,2,18,K Bell
24,1,24,T Newby
65,2,40,J Cotton
16,1,16,J Canzeri
55,3,22,N Carpenter
48,2,27,D Bass
99,6,21,T Dudley Giles
50,3,21,J Colton
24,1,24,R Mills
130,6,34,D Thomas
5,1,5,E Baylis
138,7,36,V Bolden
83,3,40,T Boyd
59,3,26,R Ibrahim
34,1,31,L Pitts
50,3,23,J Carter
25,1,25,S Coley
17,1,17,P Dorsett
37,2,26,T Tucker
151,8,30,D Scott
34,2,22,B Holmes
42,1,42,B Smith
28,1,28,J Gaines
13,1,13,R Carden
9,1,9,D Lewis
36,2,20,J Ross
62,3,27,K Williams
35,2,18,T Caldwell
69,3,31,T Mason
21,1,21,Q Bray
43,2,24,C Jones
11,1,11,K Bell
13,1,13,J Strong
55,3,25,S Grant
49,2,31,D Jenkins
39,2,22,J Baker
124,4,76,B Douglas
129,5,38,C Wiggins
44,2,22,D Anaya
6,1,6,N DAvanzo
56,3,25,L McCombs
63,3,27,J Grant
30,1,30,J Deering
26,1,22,Q Pratt
87,4,27,A LaCoste
22,1,22,D Rushing
63,2,39,S Patton
45,2,25,L Purifoy
17,1,17,III
19,1,19,L Whitfield
5,1,5,S Broxsie
57,3,28,K Hill
43,4,25,T Evans
35,1,35,T Glover
64,3,28,D Andrews
50,2,26,J Thomas
28,2,14,S Dawson
23,1,23,J Green
40,1,40,D Saint Juste
13,1,13,C Gant
11,1,11,D King Jr
7,1,7,S Anguay HS
52,3,20,J Crockett
134,6,31,V Bentley
10,1,10,M Osei
47,2,24,M Harris
102,4,40,S Wynn
24,1,24,A Davis
79,4,23,A Hunt
17,1,17,R Mostert
60,3,25,J Shepherd
14,1,14,Z Nemecheck
53,3,22,J Blue
67,2,37,D Young
135,4,47,D Surgent
6,1,6,L Pettis
26,2,14,D McNeal
24,1,24,C Davis
10,1,10,J Edwards
70,3,32,M Jones
90,3,56,J Craig
69,2,54,S Craft
116,6,29,D Norfleet
16,1,16,D Wilson
20,1,20,M Murphy
63,3,27,T Williams
13,1,13,N Hicks
23,1,23,J Singletary
68,2,39,J Bell
53,3,29,I Harrison
5,1,5,C Wenrick
121,6,37,T Logan
138,3,99,D Edwards
151,6,49,R Smith
15,1,15,M Dayes
73,2,51,W Likely
37,1,37,A Reid
9,1,9,J Riddle
31,2,16,J Richardson
10,1,10,K Brock
42,2,22,A Hine
17,1,17,P Lasike
27,1,27,A Franklin
29,1,29,J Jordan
19,1,19,Jr
12,1,12,C Homme
22,1,22,D Pollard
80,2,55,P Cooper
79,3,33,S Watkins
18,1,18,T Green
127,4,51,T Montgomery
139,6,37,G Atkinson III
18,1,18,B Estime
53,4,25,M Willis
67,2,37,B Carter
67,3,29,B Catalon
18,1,18,C Echols Luper
37,2,25,C Coleman
17,1,17,L Norwood
15,2,15,C Fuller
102,4,32,J Douglas
14,1,14,T Watts
25,1,25,B Chancellor
186,9,30,J Nelson
14,1,14,K Backman
23,1,23,J Hester
10,1,10,E Johnson
0,1,0,T Bracken
73,2,46,K Whitely
94,4,38,C Lockett
56,3,25,T Vizzi
74,4,19,N Agholor
130,3,47,I Adams
19,1,19,D Anderson
107,5,24,R Severson
79,3,37,J Williams
122,6,28,L Fitte
43,1,43,H Lee
27,1,27,T Glover Wright
9,1,9,J Claiborne
50,3,20,D Sims
15,1,15,J Garcia
38,2,20,D Jennings
16,1,16,T Mizzell
0,1,0,C Severin
50,3,21,D Knowles
16,0,16,S Rogers
33,2,18,K Doe
29,2,19,K Zuleger
9,1,9,S Arneson
7,1,7,J White
57,2,36,E Lewis
9,1,9,B Belton
7,1,7,J Haffner
0,1,0,J Della Valle
48,3,21,A Wales
40,1,40,T Robinson
24,1,24,A Andrews
78,4,21,J McKissic
3,1,3,K Rains
96,5,27,M Alford
6,1,6,W Smallwood
123,5,29,D Nealy
26,1,26,Q Bundrage
114,5,24,R Moore
61,3,30,S Perry
44,2,26,C Gaines
94,4,36,P Logan
32,1,32,T Lewis
6,1,6,P Ford
21,1,21,R Moore
21,1,21,J Gates
32,1,32,L Norwood
25,1,25,A Goodley
1,1,1,C Fuller
107,4,38,D Thomas
6,2,5,M McFarland
21,1,21,L McCombs
177,6,51,J Craig
30,2,23,J Gilbert
23,1,23,D Roland
16,1,16,T Johnson
73,3,30,R Finch
13,1,13,B Clay
15,1,15,J Deering
7,1,7,Q Pratt
84,4,30,C Dunkley
20,1,20,F Montgomery
4,1,4,C Garye
31,1,31,T Glover
61,4,19,D Surgent
13,1,10,T Pierce
3,1,3,E Reed
54,2,38,J Richardson
92,4,30,R Hall
21,1,21,C Grant
7,1,7,N Equae
14,1,14,M Murphy
113,6,23,R Nelson
59,2,39,T Montgomery
60,2,44,L Whitfield
33,2,23,S Powell
3,1,3,D Edwards
22,1,22,D Scott
8,1,8,J Norton
0,1,0,T Thomas
87,4,25,T Glover Wright
69,3,29,R Shelton
70,3,34,D Wilson
76,3,30,D Pollard
118,5,31,D Reaves
16,1,16,D Brown
100,6,26,J Crockett
119,6,24,D Scott
13,2,13,M Lee
1,1,1,M Tuerk
21,1,21,C Lockett
7,1,7,B Porter
67,3,25,B Ross
10,1,0,A Taylor
16,1,16,D Boutte
13,1,13,D Surgent
34,2,25,K Williams
32,2,23,T Caldwell
41,3,20,T Coffman
11,1,11,D Alexander
47,2,27,I Jones
51,3,19,D Patterson
25,1,25,D Bass
19,1,19,L Smith
102,5,29,B Douglas
43,2,22,C Bertoli
75,3,29,V Bolden
7,1,7,C Brown
165,4,94,J Gates
18,1,18,R Moore
84,3,43,L Pitts
23,1,23,R Ibrahim
80,3,42,P Logan
22,1,22,A Turner
38,2,21,T Glover Wright
120,5,29,A Hine
121,2,100,J Ross
47,1,47,J Callier
80,4,25,W Likely
124,5,31,D Reaves
30,2,24,M Jones
18,1,18,K Maye
56,3,21,B Estime
74,2,40,T Lockett
88,4,33,D Norfleet
18,1,18,J Lewis
17,1,17,R Clark
16,1,16,C Gaines
172,7,32,S Coley
51,2,34,A Burns
120,3,78,T Logan
5,1,5,T Thorpe
92,5,21,R Moore
81,3,35,A Carlisle
127,3,51,J Grant
10,1,10,K Marquez
8,2,6,Q Pratt
132,6,33,R Nelson
16,1,16,J Strong
113,3,90,R Davis
36,2,19,J Grant
11,1,11,B Marquez
47,2,29,J Thomas
44,1,44,D Andrews
15,1,15,C Milton
14,1,14,D Sims
44,3,22,J Walton
98,3,39,M Thomas
86,4,31,K Gilstrap
8,1,8,C Carmichael
25,1,25,D Thomas
11,1,11,K Lowe
45,2,26,M Johnson
35,1,35,K Sanders
21,1,21,D Thomas
49,2,31,M Willis
10,1,10,D Dudeck
27,1,27,S Grant
26,1,26,D Jenkins
14,1,14,J Jackson
27,1,27,J Lewis
77,5,24,M Hill
6,1,6,G Baker
75,3,33,T Williams
15,1,15,D Edwards
35,2,20,I Adams
1,1,1,J Zumwalt
49,2,27,C Mangus
18,1,18,J Coleman
-2,1,0,W Byrn
148,6,42,C Coleman
24,1,24,L Norwood
18,1,18,C Fuller
18,1,18,T Armstead
56,3,24,W Stanback
17,1,17,R Hall
93,3,48,J Green
72,4,31,K Bell
18,1,18,A Abdullah
39,2,21,O Beckham
128,3,96,J Cotton
44,2,27,B Chancellor
77,3,49,M Sullivan
21,1,21,K Whitely
43,3,20,P Cooper
11,1,11,S Rhodes
142,4,91,K Doe
18,1,18,B Wozniak
94,4,26,T Montgomery
104,4,35,C Jones
101,5,30,R Finch
90,4,31,M Murphy
28,2,18,J Gilbert
25,1,25,D Wilson
13,1,13,J Hall
38,2,25,S Watkins
35,1,35,R McDowell
137,4,62,D Ayers
6,1,6,K Brooks
62,3,27,D Sims
68,3,25,J Smith
10,1,10,Z Fakes
26,1,26,R Fleming
25,1,25,J Jones
50,2,28,Q Bray
17,1,17,C Davis
3,1,0,J Prosch
172,4,100,L Whitfield