completions, interceptions thrown, name, passes, passing touchdowns, passing yards
19,0,Nate Davis,36,1,198
14,2,Mike Kokal,24,0,118
14,0,Taylor Tharp,19,1,184
1,1,Michael Coughlin,2,0,9
1,0,Nick Lomax,5,0,5
0,0,Bush Hamdan,2,0,0
18,1,Benjamin Mauk,27,2,244
6,0,Tony Pike,9,1,57
14,2,Bret Meyer,23,1,148
17,2,Julian Edelman,26,1,161
7,0,Kinsmon Lancaster,21,1,66
22,1,Paul Smith,31,3,307
16,0,Brian Brohm,21,4,375
2,0,Hunter Cantwell,2,0,19
11,6,Mike Henig,28,0,120
3,0,Wesley Carroll,5,0,16
12,0,Matt Flynn,19,2,128
2,0,Ryan Perrilloux,3,1,21
23,3,Chase Holbrook,33,4,280
2,1,JJ McDermott,4,0,9
8,1,Sean Canfield,19,1,87
3,1,Lyle Moevao,9,0,32
1,0,Ryan Gunderson,2,0,10
8,0,Brian Johnson,13,1,119
9,0,Tommy Grady,24,0,59
16,0,Mike Teel,23,2,328
0,0,Jabu Lovelace,2,0,0
19,0,Drew Willy,32,0,165
13,0,Leon Jackson III,19,0,137
12,0,Travis Dixon,20,0,141
20,0,Andrew Robinson,32,1,199
14,0,Jake Locker,19,0,142
1,0,Carl Bonnell,2,0,0
21,2,Alex DiMichele,29,2,199
3,0,Kaipo Noa Kaheaku Enhada,7,0,78
11,1,Shaun Carney,18,1,176
14,0,Chris Jacquemain,24,1,125
3,0,Carlton Jackson,5,0,29
23,2,David Pevoto,44,0,184
17,0,John Parker Wilson,25,0,189
8,0,Greg McElroy,9,1,73
11,0,Casey Dick,20,0,108
1,0,Darren McFadden,1,1,42
1,0,Nathan Emert,1,0,7
15,1,Omar Haugabook,43,1,204
2,0,Tanner Jones,5,0,10
0,0,Jaime Hampton,1,0,0
17,2,Brandon Cox,30,1,229
32,2,Josh Freeman,57,0,268
1,0,Jordy Nelson,1,1,21
14,0,Rudy Carpenter,20,2,197
9,0,Danny Sullivan,12,1,73
5,2,Adam Tafralis,13,0,39
4,0,Sean Flynn,6,0,19
2,0,Jordan La Secla,4,0,17
32,2,Matt Ryan,52,5,408
28,3,Riley Skinner,37,1,236
17,1,Brett Hodges,23,1,130
26,0,Max Hall,39,2,288
26,0,Willie Tuitama,36,1,216
2,0,Kris Heavner,2,0,7
19,0,Nate Longshore,28,2,241
32,0,Erik Ainge,47,3,271
20,1,Caleb Hanie,27,3,229
18,1,Cody Hawkins,31,2,201
14,3,Thaddeus Lewis,28,1,148
1,0,Zack Asack,1,0,6
22,1,Tyler Lorenzen,30,2,298
12,0,Rusty Smith,26,2,195
0,0,Sean Clayton,1,0,0
20,2,Joe Craddock,32,1,199
13,0,Tim Tebow,17,3,300
3,0,Cameron Newton,4,0,25
10,0,KJ Black,13,0,102
3,0,David Wolke,4,0,43
2,0,Brandon Smith,4,0,11
16,0,Tom Brandstater,27,1,199
1,0,Ryan Colburn,2,0,10
18,0,Matthew Stafford,24,2,234
16,1,Bobby Reid,30,1,191
1,0,Zac Robinson,1,0,5
34,0,Colton Brennan,40,6,416
7,2,Tyler Graunke,15,0,66
4,0,Inoke Funaki,4,1,58
17,2,Eddie McGee,31,1,257
6,0,Juice Williams,9,0,59
37,0,Chase Daniel,54,3,359
12,1,Kellen Lewis,21,3,285
1,0,Ben Chappell,1,0,14
12,0,Jake Christensen,29,1,133
26,3,Dan Nicholson,42,0,214
20,0,Todd Reesing,29,4,261
6,0,Kerry Meier,6,1,47
19,0,Dan LeFevour,37,1,172
1,0,Brian Brunner,1,0,8
20,0,Andre Woodson,29,3,250
3,1,Mike Hartline,4,0,30
12,0,Zac Champion,23,1,71
19,1,Jordan Steffy,24,0,174
4,2,Chris Turner,6,0,33
14,0,Brian Hoyer,17,1,201
5,0,Nick Foles,8,0,57
3,0,Connor Dixon,5,1,37
21,1,Sam Hunt,39,1,214
41,4,Martin Hankins,60,1,343
0,0,Will Hudgens,1,0,0
19,0,Seth Adams,30,1,201
9,1,Kirby Freeman,21,1,81
16,3,Bernard Morris,26,0,162
3,1,Brian Anderson,8,0,21
19,1,Chad Henne,37,1,233
15,2,Adam Weber,31,2,188
34,0,Tyler Sheehan,51,2,388
1,0,Corey Partridge,1,1,24
0,0,Anthony Turner,1,0,0
13,1,TJ Yates,18,3,218
1,0,Cam Sexton,1,0,9
17,1,Harrison Beck,28,2,207
7,1,Daniel Evans,10,0,65
12,0,Kyle Israel,24,0,93
14,1,Sam Keller,25,1,193
1,0,Joe Ganz,1,0,19
8,1,Nick Graziano,24,0,109
23,0,CJ Bacher,29,1,243
2,0,Mike Kafka,2,0,11
10,0,Evan Sharpley,13,0,92
4,0,Jimmy Clausen,6,0,34
1,0,Demetrius Jones,3,0,4
11,0,Taylor Bennett,23,0,121
0,0,Demaryius Thomas,1,0,0
17,0,Todd Boeckman,23,2,225
1,0,Antonio Henton,2,1,37
3,0,Grant Schwartz,6,0,8
15,0,Brad Bower,25,1,180
2,0,Theo Scott,5,0,46
0,0,Josh Febus,1,0,0
21,0,Sam Bradford,23,3,363
3,0,Joey Halzle,4,0,35
1,0,Keith Nichol,1,0,5
4,2,Giovanni Vizza,11,1,124
15,1,Daniel Meager,27,0,108
9,0,Dennis Dixon,15,2,134
14,1,Case Keenum,27,1,179
8,1,Blake Joseph,12,0,51
14,0,Bill Stull,20,1,177
2,0,Kevan Smith,4,0,18
16,1,Andy Schmitt,27,0,106
0,0,Tyler Jones,2,0,0
23,0,Anthony Morelli,38,3,295
2,0,Daryll Clark,2,0,18
0,0,Pat Devlin,1,0,0
12,0,Wayne Younger,25,0,117
0,0,Colt Anderson,1,0,0
11,3,Chase Clement,28,0,101
11,0,Tommy Beecher,15,1,137
10,1,Chris Smelley,14,1,101
12,0,Michael Desormeaux,19,0,63
23,0,Matt Grothe,39,2,238
11,0,Jeremy Young,26,1,115
1,0,Stephen Reaves,3,0,7
27,0,TC Ostrander,59,2,331
16,0,Ben Olson,29,5,286
18,0,Andy Dalton,30,1,205
23,3,Blake Szymanski,47,0,216
3,1,Tyler Beatty,8,0,15
22,2,Colt McCoy,33,2,223
23,1,Corey Leonard,36,0,259
1,0,Travis Hewitt,1,0,13
9,1,Clint Cochran,14,0,83
10,1,Aaron Opelt,27,0,69
1,0,Brett Kern,1,0,2
14,0,Curtis Painter,30,4,244
0,1,Joey Elliott,2,0,0
10,0,Stephen McGee,20,0,112
1,0,Jerrod Johnson,3,1,17
21,1,John David Booty,32,3,206
1,1,Michael McDonald,2,0,0
16,0,Nathan Enderle,34,0,155
0,0,Brian Nooy,1,0,0
6,0,Trevor Vittatoe,21,0,59
2,1,Lorne Sam,4,0,22
25,0,Donovan Porterie,40,0,190
19,0,Chris Nickson,25,4,284
0,0,Mackenzi Adams,1,0,0
22,1,Sean Glennon,33,1,245
14,0,Patrick Pinkney,25,0,115
2,1,Brett Clay,6,0,4
19,0,Tyler Donovan,29,3,284
1,0,Allan Evridge,1,0,20
17,0,Alex Brink,27,1,171
0,1,Darryl Blunt,1,0,0
10,0,Patrick White,18,2,192
3,0,Jarrett Brown,4,0,34
16,2,Tim Hiller,25,0,160
9,0,Thomas Peregrin,17,1,71
1,0,Herb Martin,1,1,14
25,1,Karsten Sween,34,1,253
11,2,Jameel Sewell,23,0,87
3,0,Peter Lalich,5,0,16
14,0,Cullen Harper,24,2,160
17,0,Drew Weatherford,35,1,142
15,2,Justin Willis,33,0,138
1,0,Zach Rhodes,1,0,17
44,0,Graham Harrell,59,4,419
6,0,Taylor Potts,7,0,54
15,0,Benjamin Mauk,23,2,199
14,3,Lyle Moevao,23,0,143
18,3,Sean Canfield,31,0,131
25,0,Brian Brohm,39,4,401
14,2,Joe Craddock,26,2,290
14,1,Mike Teel,19,3,266
5,3,Kaipo Noa Kaheaku Enhada,12,1,35
12,0,Carson Williams,20,1,148
9,1,David Pevoto,13,0,82
23,1,Willie Tuitama,44,5,283
3,0,Kris Heavner,4,0,12
16,2,Brandon Cox,35,1,165
18,0,Matt Grothe,27,1,184
19,1,Rudy Carpenter,37,3,269
16,1,Cody Hawkins,43,1,162
1,0,Nick Nelson,3,0,10
0,0,Matt DiLallo,1,0,0
29,0,Blake Szymanski,46,6,412
1,0,Tyler Beatty,5,0,11
20,1,Chase Clement,25,0,207
3,0,John Shepherd,4,0,32
0,0,James Casey,1,0,0
15,1,Matt Ryan,34,1,142
26,5,Harrison Beck,50,0,321
3,0,Daniel Evans,4,1,30
20,0,Cullen Harper,26,5,270
6,0,Willy Korn,8,0,49
11,0,Kinsmon Lancaster,26,1,139
2,0,Trey Revell,4,0,9
22,0,Dan LeFevour,32,2,244
25,0,Aaron Opelt,41,2,334
1,0,Nick Moore,1,1,47
17,1,Tyler Lorenzen,26,2,186
1,0,Donald Brown II,3,0,10
21,2,Caleb Hanie,30,1,301
19,0,Nate Longshore,29,0,146
31,0,Patrick Pinkney,41,3,406
20,1,TJ Yates,32,3,344
16,0,Andy Schmitt,24,1,155
0,1,Tyler Jones,1,0,0
0,0,DeAnthony White,1,0,0
19,0,Nate Davis,38,4,306
0,0,Dante Love,1,0,0
8,2,Wayne Younger,22,1,81
18,0,Jordan Steffy,25,0,135
18,0,Tim Tebow,25,3,236
29,1,Omar Haugabook,52,2,283
22,1,Drew Weatherford,35,3,332
17,0,Sam Hunt,35,1,226
0,0,Joseph Webb,1,0,0
19,1,Matthew Stafford,44,0,213
0,0,AJ Bryant,1,0,0
20,0,Blake Mitchell,31,0,174
8,0,Taylor Bennett,9,0,85
1,0,Josh Nesbitt,1,0,15
1,0,Calvin Booker,2,0,9
7,0,Nathan Enderle,22,1,101
12,1,Juice Williams,24,0,123
0,0,Jacob Willis,1,0,0
0,0,Eddie McGee,1,0,0
23,1,Jake Christensen,32,4,278
1,0,Arvell Nelson,1,0,12
0,1,Richard Stanzi,4,0,0
7,1,Andrew Robinson,20,0,79
27,2,Bret Meyer,43,0,255
2,0,Austen Arnaud,4,0,15
13,0,Todd Reesing,23,2,257
1,0,Kerry Meier,1,1,23
25,2,Josh Freeman,36,1,272
16,0,Adam Tafralis,20,1,134
4,0,Sean Flynn,5,0,31
2,0,Jordan La Secla,3,1,29
6,0,Myles Eden,13,0,26
15,0,Andre Woodson,22,2,218
12,1,Julian Edelman,28,1,129
0,1,Anthony Magazu,1,0,0
16,0,Matt Desormeaux,26,2,234
1,0,Richie Falgout,1,1,23
0,0,Derrick Smith,1,0,0
17,1,Brad Bower,28,1,264
17,0,Matt Flynn,27,0,217
5,0,Ryan Perrilloux,5,2,84
7,0,Tyrod Taylor,18,0,62
2,1,Sean Glennon,10,0,16
0,0,Eddie Royal,1,0,0
23,0,Zac Champion,36,2,187
43,1,Colton Brennan,61,4,548
17,2,Brian Hoyer,29,2,250
32,2,Tyler Sheehan,50,1,295
0,0,Freddie Barnes,1,0,0
12,1,Chad Henne,23,1,172
6,1,Ryan Mallett,17,0,49
16,0,Dennis Dixon,25,3,292
1,0,Brady Leaf,1,0,1
26,1,Adam Weber,40,4,271
13,1,Daniel Raudabaugh,24,2,222
17,1,Mike Kokal,30,1,196
23,1,Seth Adams,41,3,305
31,0,Chase Daniel,42,5,330
0,0,Chase Coffman,1,0,0
19,0,Bernard Morris,29,2,256
1,0,Brian Anderson,2,0,10
13,0,Patrick White,18,2,149
21,3,Dan Nicholson,27,2,223
17,0,Donovan Porterie,24,2,342
47,2,Chase Holbrook,63,4,473
20,0,CJ Bacher,45,3,227
22,1,Nick Graziano,35,2,337
14,2,Todd Boeckman,23,2,131
6,0,Rob Schoenhoft,8,0,36
12,0,Chris Jacquemain,21,0,48
5,0,Carlton Jackson,10,0,18
0,0,Dennis Kennedy,1,0,0
19,0,Sam Bradford,25,5,205
2,0,Joey Halzle,2,1,65
1,0,Manuel Johnson,1,0,25
7,0,Kyle Wright,14,1,65
3,0,Kirby Freeman,9,0,17
1,0,David Strimple,1,0,5
14,0,Zac Robinson,20,3,250
2,0,Bobby Reid,5,0,5
14,0,Rusty Smith,22,0,125
5,0,Sean Clayton,9,0,50
0,0,Jeff VanCamp,1,0,0
15,1,Kevan Smith,22,1,202
0,1,Pat Bostick,1,0,0
12,1,Anthony Morelli,22,1,131
17,1,Jimmy Clausen,32,0,144
38,0,Curtis Painter,49,6,348
1,0,Joey Elliott,2,0,7
30,1,Justin Willis,42,2,353
46,3,Daniel Meager,64,3,601
13,2,Alex DiMichele,23,0,160
2,0,Vaughn Charlton,4,0,17
20,1,Drew Willy,22,2,190
23,0,Erik Ainge,36,2,276
19,1,Jeremy Young,36,1,254
2,0,Stephen Reaves,4,0,10
25,2,Colt McCoy,38,1,239
23,1,Andy Dalton,37,0,208
15,1,Scott Elliott,26,1,197
1,0,Anthony Scelfo,2,0,2
0,0,Matt Forte,1,0,0
20,1,Mike Henig,31,1,223
13,0,Stephen McGee,24,1,79
21,1,Tom Brandstater,31,3,260
48,1,Graham Harrell,64,4,484
12,0,Trevor Vittatoe,26,2,202
2,0,Lorne Sam,2,0,14
13,1,Ben Olson,28,0,126
30,1,Max Hall,52,2,391
23,1,Travis Dixon,36,1,258
14,0,Tyler Donovan,26,1,138
20,2,Tommy Grady,39,1,240
8,0,Shaun Carney,14,0,56
13,0,Mackenzi Adams,23,1,108
5,1,Chris Nickson,18,0,67
14,1,John Parker Wilson,28,0,150
13,0,Peter Lalich,18,1,131
9,0,Jameel Sewell,14,1,60
14,1,Thaddeus Lewis,30,1,137
1,0,Zack Asack,5,0,8
12,2,Brett Hodges,24,0,140
24,2,Sam Keller,41,1,258
13,1,Jake Locker,25,1,193
1,0,Louis Rankin,1,1,16
29,3,Taylor Tharp,47,0,285
38,1,Alex Brink,47,5,469
28,1,Kevin OConnell,44,1,273
2,0,Kelsey Sokoloski,3,0,12
28,1,Tim Hiller,51,3,343
1,1,Thomas Peregrin,2,0,11
0,0,Drew Burdi,1,0,0
20,1,Kellen Lewis,40,3,221
19,2,Karsten Sween,32,1,180
17,0,Leon Jackson III,25,1,147
17,1,Shaun Carney,28,1,193
29,2,Andy Dalton,45,2,320
16,2,Jordan Steffy,23,1,180
0,0,Keon Lattimore,1,0,0
8,0,Patrick White,13,0,95
33,1,Omar Haugabook,48,1,371
1,0,Gary Banks,1,1,17
18,2,Zac Robinson,37,1,191
22,1,Corey Leonard,34,2,266
21,2,Justin Willis,40,4,251
24,1,John Parker Wilson,45,4,327
11,1,Casey Dick,23,3,145
1,0,Robert Johnson,1,0,4
0,0,Darren McFadden,1,0,0
30,1,Willie Tuitama,53,3,446
29,1,Donovan Porterie,41,3,327
0,0,Rodney Ferguson,1,0,0
8,1,Kodi Burns,12,0,65
4,2,Brandon Cox,10,0,42
1,0,Mike Henig,3,0,16
1,0,Josh Riddell,5,0,15
3,0,Wesley Carroll,10,0,10
15,1,Rudy Carpenter,21,2,200
1,0,Danny Sullivan,1,0,11
22,1,Kevin OConnell,38,0,180
31,2,Blake Szymanski,51,5,411
15,0,Taylor Tharp,30,2,182
26,1,Karsten Sween,48,1,227
22,1,Nate Longshore,33,2,230
0,0,Kevin Riley,3,0,0
18,2,Zac Champion,32,2,149
1,0,Michael Mosley,1,0,4
9,1,Kyle Israel,26,1,134
32,1,Colt McCoy,47,1,259
16,0,Cullen Harper,19,3,266
2,0,Willy Korn,3,1,51
34,2,Cody Hawkins,53,1,306
8,0,Drew Weatherford,18,0,126
19,0,Tyler Lorenzen,29,0,222
9,1,Alex DiMichele,18,1,143
0,0,DyOnne Crudup,1,0,0
20,1,Patrick Pinkney,33,2,203
0,0,Brett Clay,2,0,0
18,1,Jeremy Young,28,1,237
27,0,Rusty Smith,44,5,463
31,4,Adam Weber,47,4,335
14,1,Tim Tebow,19,2,299
26,1,Erik Ainge,41,1,249
2,1,Jonathan Crompton,5,0,12
14,0,Matthew Stafford,20,2,174
3,0,Joe Cox,6,1,48
20,0,Taylor Bennett,39,0,204
30,0,Matt Ryan,44,1,435
19,1,Kellen Lewis,24,3,137
15,1,Carlton Jackson,21,2,200
4,0,Chris Jacquemain,6,0,50
21,0,Bret Meyer,29,0,157
12,0,Jake Christensen,23,0,118
16,0,Todd Reesing,35,4,313
2,0,Kerry Meier,4,0,12
10,3,Aaron Opelt,19,0,38
1,0,Nick Moore,1,1,21
2,0,Clint Cochran,6,0,11
1,0,Brett Kern,1,0,7
26,0,Josh Freeman,39,1,287
1,0,Jordy Nelson,1,1,24
2,0,Carson Coffman,2,0,14
18,1,Julian Edelman,33,3,267
30,0,Andre Woodson,44,4,275
28,1,Brian Brohm,43,2,366
11,4,Michael Desormeaux,24,1,162
20,1,Ryan Perrilloux,25,3,298
1,0,Andrew Hatch,2,0,9
6,0,Joe Craddock,11,0,59
2,0,Dwight Dasher,4,0,22
14,0,Brian Hoyer,28,0,183
9,2,Kevan Smith,18,0,85
16,1,Martin Hankins,22,3,289
1,0,Will Hudgens,4,0,12
0,0,Maurice Jones,1,0,0
10,2,Kyle Wright,19,1,224
6,2,Wayne Younger,14,1,105
24,2,Daniel Raudabaugh,45,1,240
3,1,Mike Kokal,9,0,27
25,0,Dustin Grutza,35,2,290
1,0,Tony Pike,1,0,7
7,0,Ryan Mallett,15,3,90
0,0,Adrian Arrington,1,0,0
11,1,Jimmy Clausen,17,0,74
2,1,Evan Sharpley,5,0,11
27,2,Chase Daniel,46,2,328
3,0,Chase Patton,5,0,19
30,2,Tim Hiller,43,1,240
31,0,Bernard Morris,42,3,417
7,1,Brian Anderson,14,0,58
3,0,Kaipo Noa Kaheaku Enhada,7,0,51
1,0,Josh Ulrich,1,0,13
19,1,Nate Davis,33,3,277
25,1,TJ Yates,38,3,339
11,0,Jameel Sewell,17,0,96
7,0,Peter Lalich,10,0,57
16,0,Harrison Beck,32,0,113
36,2,Sam Keller,54,2,389
19,0,John David Booty,30,2,144
11,2,Nick Graziano,23,5,236
1,1,Colin Kaepernick,3,0,12
20,1,Dan Nicholson,28,1,160
16,0,Andy Schmitt,24,0,189
36,1,Chase Holbrook,48,3,434
15,1,Trevor Vittatoe,27,1,261
1,0,Lorne Sam,1,0,5
30,2,CJ Bacher,50,0,368
0,0,Eric Peterman,1,0,0
19,0,Thaddeus Lewis,23,3,246
19,1,Sam Bradford,26,3,255
1,0,Keith Nichol,6,0,10
1,0,Joey Halzle,1,0,9
9,1,Leon Jackson III,14,0,65
6,1,Jase McCormick,10,0,22
14,0,Dennis Dixon,20,2,139
1,0,Brady Leaf,3,0,15
18,1,Tom Brandstater,32,1,219
3,0,Ryan Colburn,3,0,48
21,0,Sean Canfield,30,3,353
7,0,Lyle Moevao,11,0,80
20,0,Anthony Morelli,27,4,202
28,1,Drew Willy,39,1,330
1,0,Mario Henry,1,1,9
29,0,Curtis Painter,39,3,360
0,1,Desmond Tardy,1,0,0
35,1,Dan LeFevour,56,2,364
20,1,Chase Clement,37,2,212
0,0,James Casey,1,0,0
28,1,Graham Harrell,37,6,414
6,0,Taylor Potts,11,0,67
8,0,Mike Teel,15,3,269
2,0,Jabu Lovelace,3,0,28
14,3,Blake Mitchell,21,3,147
3,1,Tommy Beecher,7,0,38
18,1,TC Ostrander,28,2,220
1,0,Tavita Pritchard,2,0,10
12,1,Adam Tafralis,24,0,130
1,0,Kyle Flynn,3,0,1
0,0,Myles Eden,1,0,0
17,0,Andrew Robinson,26,0,208
2,0,Cameron Dantley,3,1,15
13,0,Juice Williams,18,1,97
2,0,Eddie McGee,2,0,33
9,2,Scott Elliott,23,0,116
4,0,Kevin Moore,10,1,66
5,0,Anthony Scelfo,9,0,46
0,0,Matt Forte,1,0,0
13,2,Case Keenum,21,1,185
10,0,Blake Joseph,12,2,113
1,0,Jeron Harvey,1,0,6
21,1,Paul Smith,35,5,454
1,0,David Johnson,1,0,36
0,0,AJ Whitmore,1,0,0
34,2,Max Hall,57,4,537
19,1,Stephen McGee,33,1,237
0,0,Jerrod Johnson,2,0,0
13,2,Kinsmon Lancaster,23,0,116
2,0,Trey Revell,3,0,17
0,0,Darrell McNeal,1,0,0
7,1,Sam Hunt,16,1,88
2,0,Joseph Webb,6,0,33
19,1,Travis Dixon,37,1,193
3,0,Omar Clayton,7,0,13
26,0,Colton Brennan,32,2,298
3,0,Tyler Graunke,7,1,98
17,0,Tommy Grady,30,3,246
2,0,Corbin Louks,3,1,18
20,3,Ben Olson,40,0,290
17,0,Chris Nickson,25,0,200
1,0,Mackenzi Adams,1,0,0
10,1,Seth Adams,17,1,154
1,0,Brent Schaeffer,5,1,54
18,0,Tyrod Taylor,31,0,287
2,0,Sean Glennon,2,0,5
9,0,Brad Bower,16,0,70
1,0,Theo Scott,4,0,6
9,0,Brett Hodges,12,0,49
14,2,Carson Williams,34,0,165
16,3,Jake Locker,33,1,153
2,0,Carl Bonnell,4,0,51
14,0,Todd Boeckman,25,2,218
26,1,Alex Brink,36,4,307
17,4,Nathan Enderle,35,3,205
14,0,Tyler Donovan,20,2,201
1,0,Allan Evridge,1,0,9
21,0,Kyle Wright,26,2,275
11,1,Stephen McGee,20,0,109
1,0,Jerrod Johnson,2,1,33
14,0,Dwight Dasher,24,0,169
5,0,KJ Black,7,1,74
4,1,David Wolke,8,0,38
22,2,Paul Smith,32,2,350
1,0,David Johnson,3,0,4
0,0,Chris Chamberlain,1,0,0
16,1,Sam Bradford,22,3,244
1,0,Joey Halzle,1,0,24
7,1,Carlton Jackson,20,1,99
2,0,Chris Jacquemain,3,0,13
8,2,Julian Edelman,21,0,155
17,0,John Parker Wilson,35,0,185
19,2,Matthew Stafford,35,2,224
13,2,Casey Dick,28,0,157
21,0,Andre Woodson,39,2,265
13,0,Brandon Cox,19,1,135
1,0,Kodi Burns,5,1,58
29,3,Chase Holbrook,40,2,254
1,0,JJ McDermott,6,0,5
25,1,Rudy Carpenter,36,4,361
28,5,Sean Canfield,48,2,324
35,2,Matt Ryan,51,3,356
1,0,Chris Crane,2,0,15
15,1,Carson Williams,32,0,191
1,0,Andrew Rinehart,1,0,24
30,2,Tyler Sheehan,47,4,351
27,0,Adam DiMichele,41,4,299
29,3,Drew Willy,46,1,276
21,1,Blake Szymanski,45,3,172
23,1,Max Hall,33,2,293
10,1,Shaun Carney,21,0,98
16,1,Nate Longshore,30,1,235
42,2,Willie Tuitama,61,1,309
11,0,Mike Greco,12,0,151
6,0,Kyle Israel,9,1,137
5,0,Will Hudgens,9,1,88
10,0,Martin Hankins,23,1,81
1,0,Matt Malouf,1,1,4
14,0,Dustin Grutza,20,2,142
6,0,Benjamin Mauk,7,1,77
20,1,Bernard Morris,30,2,252
1,0,Brian Anderson,2,0,5
25,2,Dan LeFevour,40,1,186
3,0,Brian Brunner,8,0,34
19,2,Cody Hawkins,30,2,275
11,0,Daniel Raudabaugh,32,0,95
14,0,Andy Schmitt,21,4,214
22,2,Tyler Graunke,36,3,285
6,0,Inoke Funaki,9,2,78
18,0,Case Keenum,22,2,197
4,0,Blake Joseph,8,0,50
0,1,Anthony Alridge,1,0,0
16,1,Caleb Hanie,26,3,227
27,3,Nathan Enderle,54,2,423
10,1,Dan Nicholson,17,2,168
26,1,Kellen Lewis,51,2,263
13,2,Juice Williams,28,2,98
23,1,Todd Reesing,37,1,368
2,0,Kerry Meier,2,0,23
16,1,Wayne Younger,33,0,133
0,1,Colt Anderson,3,0,0
20,2,Michael Desormeaux,38,1,158
1,0,Connor Morel,3,0,1
30,1,Omar Haugabook,43,2,297
45,2,Brian Brohm,65,4,555
17,0,Andrew Robinson,26,4,423
8,1,Matt Flynn,19,1,70
0,0,Ryan Perrilloux,1,0,0
12,1,Chris Smelley,26,1,174
7,1,Blake Mitchell,16,0,70
16,1,Ryan Mallett,29,0,170
15,0,Anthony Morelli,31,0,169
23,1,Adam Weber,44,1,237
33,1,Curtis Painter,48,3,338
18,1,Seth Adams,31,2,302
1,0,Justin Sparks,1,0,8
20,0,Tim Tebow,34,2,261
21,2,Chase Daniel,34,3,294
2,1,Chase Patton,5,0,33
1,0,Tommy Saunders,1,0,14
8,1,Josh Riddell,11,1,124
4,0,Wesley Carroll,8,0,42
11,1,Kaipo Noa Kaheaku Enhada,16,1,217
1,0,Jarrod Bryant,3,0,14
1,0,Bobby Doyle,1,1,5
23,1,Thaddeus Lewis,36,4,428
16,1,Daniel Evans,25,1,123
2,1,Justin Burke,3,0,15
1,1,Harrison Beck,6,0,9
25,0,Cullen Harper,39,2,268
29,1,Sam Keller,37,3,438
26,1,Nate Davis,43,3,422
20,0,Donovan Porterie,27,1,239
6,0,Bryan Clampitt,6,1,38
7,0,Jimmy Clausen,13,0,53
4,0,Evan Sharpley,7,0,33
11,1,Brian Hoyer,24,4,135
38,3,Daniel Meager,61,1,301
21,0,Rusty Smith,45,1,322
11,1,Todd Boeckman,14,4,179
2,0,Antonio Henton,4,0,20
1,0,Rob Schoenhoft,2,0,6
17,2,CJ Bacher,32,0,120
0,0,Mike Kafka,1,0,0
14,2,Brad Bower,28,1,227
1,0,Taylor Price,1,0,28
0,0,Theo Scott,1,0,0
26,4,Karsten Sween,36,2,174
0,1,Ian Hetrick,1,0,0
16,1,Zac Robinson,32,2,211
1,0,Seth Newton,1,1,33
46,0,Graham Harrell,67,5,646
27,3,Pat Bostick,41,1,230
3,1,Kevan Smith,9,0,29
1,0,LeSean McCoy,1,0,18
12,0,Tyler Lorenzen,25,0,174
19,0,Kevin OConnell,31,5,443
3,0,Kelsey Sokoloski,3,0,31
17,0,Matt Grothe,30,1,230
1,0,Grant Gregory,3,0,4
11,4,TJ Yates,27,0,85
25,1,TC Ostrander,44,2,262
27,0,Dennis Dixon,36,4,367
0,0,Brady Leaf,1,0,0
6,0,Marcus Jackson,12,1,68
5,0,Andy Dalton,14,0,40
19,1,Justin Willis,34,0,203
27,1,Erik Ainge,39,4,334
1,0,Jonathan Crompton,1,0,1
18,2,Corey Leonard,35,1,199
20,0,Colt McCoy,29,3,333
0,0,John Chiles,2,0,0
18,2,Chase Clement,32,1,220
5,0,John Shepherd,5,0,59
0,0,James Casey,1,0,0
9,1,Scott Elliott,24,0,83
3,1,Anthony Scelfo,5,0,27
0,0,Matt Forte,1,0,0
19,1,Aaron Opelt,27,1,199
24,1,Bret Meyer,33,3,251
17,1,Patrick Cowan,30,1,147
1,0,Brandon Breazell,1,0,57
0,0,Kahlil Bell,1,0,0
17,2,Jake Locker,36,4,216
0,0,Louis Rankin,1,0,0
12,2,Travis Dixon,27,1,144
11,1,Tommy Grady,21,0,117
12,0,Brian Johnson,19,0,78
0,0,Corbin Louks,0,0,0
29,1,John David Booty,36,4,279
2,1,Mark Sanchez,3,0,23
17,1,Alex Brink,31,2,165
4,0,Gary Rogers,11,0,18
10,0,Trevor Vittatoe,16,2,199
5,0,Kyle Wright,13,1,44
0,0,Sam Lorne,1,0,0
11,2,Leon Jackson III,21,0,78
35,2,Adam Tafralis,48,3,426
16,0,Jameel Sewell,25,1,177
4,1,Peter Lalich,10,0,56
17,1,Taylor Bennett,40,1,230
6,0,Tyrod Taylor,13,1,72
5,0,Sean Glennon,9,0,49
4,0,Cory Holt,5,0,33
22,3,Riley Skinner,35,1,219
11,1,Jordan Steffy,20,0,115
12,1,Tyler Donovan,23,1,138
17,0,Jake Christensen,37,1,169
17,1,Tim Hiller,27,2,140
5,0,Thomas Peregrin,5,0,47
2,0,Drew Burdi,2,1,18
18,0,Patrick White,20,2,181
4,0,Jarrett Brown,5,0,21
7,1,Patrick Pinkney,14,0,43
2,0,Rob Kass,3,0,11
0,0,Dwayne Harris,1,0,0
16,0,Corey Leonard,37,3,255
10,0,Martin Hankins,21,0,119
1,0,Dave Thomas,1,1,80
1,0,Maurice Jones,1,0,19
0,0,Will Hudgens,2,0,0
19,1,Taylor Tharp,27,2,307
0,0,Michael Coughlin,1,0,0
13,0,Jeremy Young,23,1,190
3,0,Stephen Reaves,8,0,12
11,2,Matt Grothe,20,1,135
11,2,Jarrett Brown,20,1,149
12,1,Patrick White,18,0,100
12,0,Casey Dick,21,3,210
3,0,Nathan Emert,4,0,57
8,1,Giovanni Vizza,26,0,118
7,1,Daniel Meager,15,0,71
11,1,Carson Williams,26,2,175
23,2,Adam DiMichele,42,2,314
1,0,Bruce Francis,1,0,45
22,0,Willie Tuitama,31,5,346
35,1,Alex Brink,56,3,347
0,1,Michael Bumpus,1,0,0
0,0,Gary Rogers,1,0,0
21,0,Nate Davis,29,3,233
14,1,Drew Willy,19,0,136
24,0,Matt Ryan,42,1,204
31,0,Tyler Sheehan,42,3,270
4,0,Anthony Glaud,8,0,31
14,4,KJ Black,23,1,102
11,0,Kyle Israel,20,1,153
2,0,Mike Greco,4,0,13
14,0,Matt Desormeaux,29,1,154
18,0,Dan LeFevour,27,0,172
1,0,Duane Brooks,1,1,32
21,2,Dan Nicholson,41,1,293
3,2,Ryan Morris,8,0,25
22,2,Cody Hawkins,36,2,220
8,2,Sam Bradford,19,1,112
17,1,Tyler Lorenzen,26,2,203
19,1,Chris Jacquemain,28,1,145
0,0,Carlton Jackson,3,0,0
20,1,Tim Tebow,27,1,201
17,0,Brandon Cox,26,0,227
12,1,Xavier Lee,19,2,224
7,0,Drew Weatherford,11,0,42
28,0,John Parker Wilson,53,2,240
8,1,Tom Brandstater,22,1,92
22,0,Zac Champion,48,0,179
1,0,Michael Mosley,1,0,3
13,0,Matthew Stafford,21,1,144
0,0,Joe Cox,1,0,0
24,1,Seth Adams,35,1,228
7,1,Taylor Bennett,15,0,67
0,0,Josh Nesbitt,1,0,0
17,1,Cullen Harper,39,0,194
24,0,Blake Joseph,29,2,250
6,2,Case Keenum,11,1,95
6,0,Rob Kass,12,1,110
5,1,Patrick Pinkney,14,1,46
15,5,Nathan Enderle,34,1,186
4,0,Brian Nooy,7,0,27
30,5,Colton Brennan,49,3,369
2,0,Tyler Graunke,2,0,25
11,2,Juice Williams,24,1,120
0,0,Eddie McGee,3,0,0
21,3,Anthony Morelli,38,1,298
24,1,Jake Christensen,42,3,308
19,1,Kellen Lewis,26,2,322
26,1,Andre Woodson,33,5,301
1,0,Mike Hartline,2,0,4
15,1,Rusty Smith,25,1,184
0,1,Sean Clayton,2,0,0
0,0,Cortez Gent,1,0,0
19,2,Kyle Wright,23,2,230
1,0,Kirby Freeman,2,0,15
18,0,Thaddeus Lewis,27,2,241
13,3,Mike Kokal,26,0,150
17,0,Andrew Robinson,36,2,236
27,2,Adam Weber,44,1,232
18,0,Todd Boeckman,29,2,209
10,0,Dwight Dasher,17,3,240
2,0,Patrick Jackson,7,0,18
0,0,Salin Simpson,1,0,0
11,2,Wayne Younger,22,0,72
1,0,Paul McCall,9,0,4
4,0,Kaipo Noa Kaheaku Enhada,7,0,79
18,0,Shaun Carney,23,0,237
17,2,Harrison Beck,28,0,181
7,0,Daniel Evans,11,1,68
20,1,Brian Brohm,33,1,251
18,1,Sam Keller,28,2,219
1,0,Marlon Lucky,1,1,20
26,3,Bret Meyer,51,0,281
20,1,Nick Graziano,38,3,330
17,1,Travis Dixon,37,1,249
1,0,Casey Flair,1,0,0
31,1,Chase Holbrook,42,1,246
1,0,JJ McDermott,1,0,3
20,2,Donovan Porterie,38,1,231
18,1,Max Hall,40,2,251
22,3,CJ Bacher,42,0,289
18,0,Chad Henne,27,3,193
5,0,Ryan Mallett,11,0,67
16,1,Theo Scott,24,2,161
6,1,Brad Bower,16,0,110
12,0,Julian Edelman,25,1,169
19,2,Zac Robinson,28,2,279
1,0,Bobby Reid,2,0,8
31,2,Dennis Dixon,44,1,306
28,0,Nate Longshore,43,2,285
22,2,Sean Canfield,35,0,146
14,1,Ben Olson,25,2,220
22,2,Curtis Painter,37,2,252
16,1,Evan Sharpley,26,2,208
18,1,Jimmy Clausen,26,1,169
25,1,Mike Teel,44,2,310
14,0,Chris Turner,20,0,149
4,0,Jordan Steffy,8,1,70
19,1,Chris Smelley,37,2,279
9,1,Josh Riddell,21,1,101
3,0,Wesley Carroll,6,0,17
20,0,Kevin OConnell,27,1,253
4,1,Kelsey Sokoloski,6,1,59
17,1,Benjamin Mauk,23,4,257
4,2,Tony Pike,9,0,27
25,0,Adam Tafralis,34,4,330
15,1,Justin Willis,28,2,259
0,0,Andrew Galloway,1,0,0
17,1,Trevor Vittatoe,33,2,255
20,1,TC Ostrander,35,0,237
20,1,Rudy Carpenter,27,1,259
1,0,Danny Sullivan,1,0,7
11,0,Marcus Jackson,26,1,137
5,0,Andy Dalton,6,0,60
21,3,Caleb Hanie,38,1,216
0,0,Damon Morton,1,0,0
19,4,Colt McCoy,39,1,200
1,0,John Chiles,4,0,17
22,0,Josh Freeman,38,1,177
11,1,Anthony Scelfo,26,0,117
1,0,Kevin Moore,5,0,22
0,0,Matt Forte,1,0,0
16,1,Matt Flynn,29,0,258
19,2,Paul Smith,37,3,333
13,1,Sam Hunt,26,2,152
9,0,Joseph Webb,20,1,90
7,0,Clint Cochran,12,0,112
2,1,Aaron Opelt,9,1,46
0,0,DJ Lenehan,2,0,0
21,1,Tim Hiller,29,3,229
29,2,Omar Haugabook,49,2,288
18,1,Kinsmon Lancaster,26,1,114
16,1,Stephen McGee,28,1,200
0,0,Jorvorskie Lane,1,0,0
12,1,Blake Szymanski,35,0,194
0,1,Michael Machen,1,0,0
26,0,Graham Harrell,40,5,338
9,0,Taylor Potts,12,3,196
18,2,Brian Johnson,29,2,181
17,0,Leon Jackson III,24,1,139
14,4,Chris Nickson,28,2,168
13,4,Andy Schmitt,24,1,111
0,1,Kyle McMahon,2,0,0
16,0,Jameel Sewell,31,3,169
18,1,Pat Bostick,31,1,181
10,1,Tyrod Taylor,19,0,66
1,0,Sean Glennon,1,0,10
16,1,TJ Yates,25,0,182
13,1,Jake Locker,28,0,90
20,2,John David Booty,37,1,236
17,2,Tyler Donovan,24,2,247
22,0,Brian Hoyer,36,2,323
30,0,Will Hudgens,45,2,346
23,1,Bernard Morris,32,2,220
24,4,Stephen Reaves,44,1,231
1,0,Martevious Young,1,0,2
9,0,Chase Clement,20,2,67
0,1,James Casey,1,0,0
17,0,Chris Smelley,30,2,256
23,1,Andre Woodson,40,2,227
39,0,Brian Brohm,58,4,467
24,0,Brian Johnson,31,1,312
1,0,Bradon Godfrey,1,0,10
9,0,Shaun Carney,14,0,123
23,0,Travis Dixon,37,0,274
1,0,Omar Clayton,1,0,13
15,1,John Parker Wilson,27,2,157
11,2,Case Keenum,17,1,132
9,0,Blake Joseph,20,1,125
1,0,Anthony Alridge,1,0,4
13,1,Casey Dick,22,1,116
15,0,Carson Williams,21,1,113
6,0,Kevin Dunn,7,1,80
16,0,Anthony Scelfo,25,0,154
14,1,Brandon Cox,17,1,165
0,0,Kodi Burns,1,0,0
5,0,Chris Nickson,16,0,38
3,0,Richard Kovalcheck,6,0,26
4,1,Mackenzi Adams,9,0,24
16,0,Nate Davis,35,1,204
2,0,Tanner Justice,3,0,24
30,1,Dan LeFevour,38,5,360
36,2,Blake Szymanski,60,1,410
17,1,Cody Hawkins,26,2,293
0,0,Brian Lockridge,1,0,0
24,0,Matt Ryan,32,4,312
1,0,Chris Crane,2,0,13
27,5,Tyler Sheehan,43,1,275
10,1,Anthony Glaud,15,1,126
10,0,Drew Willy,19,0,118
1,0,Brett Hamlin,1,0,28
11,1,Brad Bower,17,0,93
12,1,Theo Scott,24,0,93
38,2,Cullen Harper,66,2,372
7,0,Tyrod Taylor,14,1,65
14,1,Caleb Hanie,26,1,188
0,0,Jimmie Kaylor,1,0,0
13,0,Kevin OConnell,26,0,184
1,0,Darren Mougey,1,0,46
21,2,Thaddeus Lewis,47,4,291
22,1,Riley Skinner,30,0,221
12,0,Rob Kass,23,3,201
3,0,Patrick Pinkney,4,0,9
28,2,Kyle Israel,45,2,313
0,1,Mike Greco,2,0,0
23,1,Rusty Smith,47,3,259
17,1,Matt Grothe,27,0,122
19,2,Wayne Younger,40,1,248
24,0,Omar Haugabook,34,1,195
0,0,Tanner Jones,4,0,0
0,0,Jaime Hampton,1,0,0
16,0,Xavier Lee,28,1,257
19,3,Daniel Evans,32,1,172
9,1,Tyler Graunke,11,3,246
19,0,Colton Brennan,25,1,219
0,0,Inoke Funaki,2,0,0
14,0,Leon Jackson III,21,1,161
7,0,Jase McCormick,8,1,86
12,0,Juice Williams,19,1,121
27,2,Tyler Donovan,49,2,392
24,1,Kellen Lewis,36,1,235
24,2,Adam Weber,44,1,280
31,3,Josh Freeman,48,1,305
1,0,Leon Patton,1,1,5
22,3,Todd Reesing,35,3,267
0,0,Scott Webb,1,0,0
19,2,Julian Edelman,33,0,260
8,0,Daniel Raudabaugh,12,1,186
8,0,Mike Kokal,10,0,124
10,0,Michael Desormeaux,20,2,114
35,3,Giovanni Vizza,57,3,383
15,0,Kinsmon Lancaster,22,2,195
0,0,Darrell McNeal,1,0,0
14,2,Corey Leonard,35,1,206
14,1,Matt Flynn,27,1,144
0,0,Ryan Perrilloux,1,0,0
12,1,Tim Tebow,26,2,158
10,0,Chris Turner,17,1,255
22,0,Taylor Bennett,34,1,309
17,0,Brian Hoyer,31,1,194
38,0,CJ Bacher,48,5,520
0,0,Kyle Daley,1,0,0
17,2,Chad Henne,26,1,195
1,0,Ryan Mallett,2,0,9
15,1,Andy Schmitt,28,0,108
3,1,Kyle McMahon,8,1,61
16,3,Seth Adams,32,2,167
16,0,Zac Champion,27,0,144
1,0,Michael Mosley,4,0,7
33,0,Chase Daniel,47,2,401
1,0,Tommy Saunders,1,1,10
0,0,Chase Patton,1,0,0
25,1,Sam Keller,43,0,223
9,0,Wesley Carroll,12,0,93
2,2,Mike Henig,8,0,26
16,1,Sam Hunt,35,1,217
17,0,Dwight Dasher,33,2,181
0,0,Patrick Honeycutt,1,0,0
22,1,Jameel Sewell,37,1,223
15,0,TJ Yates,23,0,218
17,4,Kyle Wright,33,2,302
23,0,Colin Kaepernick,36,4,384
7,0,Nick Graziano,14,0,107
10,0,Tom Brandstater,16,0,168
21,0,Sam Bradford,32,3,244
19,1,Colt McCoy,26,2,324
17,2,Sean Canfield,30,1,139
3,0,Lyle Moevao,5,0,25
18,3,Willie Tuitama,38,0,222
18,2,Anthony Morelli,31,1,233
16,0,Jake Christensen,29,1,146
31,0,Curtis Painter,60,1,268
17,3,Todd Boeckman,29,2,200
22,3,Mike Teel,38,0,334
20,1,Benjamin Mauk,37,3,257
22,1,Adam Tafralis,30,2,302
8,2,Brian Nooy,15,0,68
5,2,Andrew Robinson,15,1,100
1,0,Cameron Dantley,1,0,8
12,0,Patrick White,15,1,148
5,0,Jarrett Brown,5,0,85
1,0,Adam Bednarik,1,0,2
18,1,Adam DiMichele,32,0,202
0,0,Daryl Robinson,1,0,0
12,0,Dan Nicholson,25,0,101
1,0,Ryan Morris,3,0,12
17,0,Erik Ainge,22,0,165
1,0,Lucas Taylor,1,1,56
16,1,Matthew Stafford,33,2,174
0,0,Joe Cox,1,0,0
19,2,DJ Lenehan,23,1,226
11,0,Stephen McGee,20,1,169
1,0,Jorvorskie Lane,1,0,49
10,0,Zac Robinson,17,1,158
6,0,Bobby Reid,9,0,72
1,0,Dantrell Savage,1,1,29
36,1,Graham Harrell,43,4,425
4,1,Taylor Potts,6,0,35
15,0,Bret Meyer,26,1,187
12,4,McLeod Bethel Thompson,28,0,139
4,0,Ben Olson,10,0,54
17,0,Jimmy Clausen,27,0,84
1,0,Armando Allen,1,0,10
24,4,John David Booty,40,2,364
11,1,Tavita Pritchard,30,1,149
21,0,Trevor Vittatoe,27,3,319
2,0,Lorne Sam,2,1,32
26,2,Paul Smith,43,2,383
1,0,Michael Such,1,0,26
0,0,Wade Whitlow,1,0,0
27,1,Alex Brink,50,2,369
19,2,Rudy Carpenter,27,2,217
27,0,Tim Hiller,40,3,375
23,1,Chris Jacquemain,41,4,389
12,1,Karsten Sween,26,2,134
20,1,Andy Dalton,31,2,184
2,0,Marcus Jackson,7,0,26
19,0,Taylor Tharp,26,4,251
3,0,Michael Coughlin,7,1,76
2,0,Nick Lomax,3,0,44
10,2,JJ McDermott,19,0,57
4,1,Chase Holbrook,8,0,32
1,0,Wes Neiman,1,0,19
20,1,Pat Bostick,28,1,191
9,0,Kaipo Noa Kaheaku Enhada,12,2,166
19,2,Riley Skinner,27,2,215
24,2,Xavier Lee,45,2,283
0,0,Drew Weatherford,2,0,0
27,3,Adam Tafralis,47,2,302
44,4,Colton Brennan,75,4,545
12,2,Chris Jacquemain,21,2,145
23,2,Adam DiMichele,34,3,242
17,0,Corey Leonard,23,5,275
6,0,Matt Desormeaux,15,1,100
1,0,Connor Morel,5,0,37
12,1,Casey Dick,26,1,111
1,0,Robert Johnson,1,0,15
13,0,Brandon Cox,23,0,101
20,1,Rudy Carpenter,31,2,227
10,1,Jake Locker,28,1,142
0,0,Carl Bonnell,2,0,0
21,1,Nate Davis,31,3,288
20,3,KJ Black,29,1,184
2,0,David Wolke,4,0,5
9,0,Drew Willy,17,3,185
32,1,DJ Lenehan,50,3,307
0,1,Robin Bailey,1,0,0
20,1,Kevin Riley,34,2,294
18,0,Sean Canfield,33,0,186
26,1,Benjamin Mauk,45,3,324
0,1,Tony Pike,1,0,0
28,0,Brian Brohm,38,3,350
30,1,Dan LeFevour,39,2,251
18,3,Carson Williams,23,2,201
6,2,Kevin Dunn,12,1,82
11,4,Caleb Hanie,18,1,111
5,0,Billy Farris,11,0,45
3,0,Shaun Carney,5,1,52
13,1,Thaddeus Lewis,24,1,119
1,0,Zack Asack,4,0,3
16,0,Sean Glennon,21,2,258
5,0,Tyrod Taylor,7,1,88
0,1,Cory Holt,2,0,0
11,1,Blake Joseph,18,3,318
15,1,Case Keenum,18,0,156
24,1,Chase Clement,44,3,355
9,0,Brian Nooy,22,2,144
0,0,Quin Ashley,4,0,0
17,0,Tom Brandstater,22,0,178
17,0,Jake Christensen,25,1,182
9,0,Juice Williams,15,0,98
3,1,Eddie McGee,5,0,52
17,2,Bret Meyer,33,0,111
1,0,Todd Blythe,1,0,21
1,0,Austen Arnaud,3,0,3
23,0,Colt McCoy,30,4,298
0,0,John Chiles,1,0,0
14,0,Todd Reesing,31,2,186
4,0,Kerry Meier,6,0,25
18,3,Blake Szymanski,33,0,119
3,0,Ryan Roberts,5,0,28
1,1,Tyler Beatty,5,0,7
15,0,Josh Freeman,27,1,214
0,0,Jordy Nelson,1,0,0
19,3,Cody Hawkins,41,1,223
21,2,Andre Woodson,38,3,250
17,1,Matt Flynn,35,1,130
1,0,Ryan Perrilloux,2,0,12
22,0,Zac Champion,35,2,215
5,0,Michael Mosley,12,0,54
29,0,JJ McDermott,40,2,319
20,0,Brian Hoyer,23,1,190
13,0,Kellen Lewis,19,1,171
13,0,Will Hudgens,35,1,134
1,0,Maurice Jones,1,0,23
16,1,Dwight Dasher,26,1,230
0,1,Patrick Honeycutt,1,0,0
8,0,Kyle Wright,17,1,56
0,0,Kirby Freeman,1,0,0
11,1,Taylor Bennett,28,0,114
0,0,Josh Nesbitt,1,0,0
16,0,Daniel Raudabaugh,24,1,237
16,0,Tyler Sheehan,27,0,140
3,1,Anthony Glaud,5,1,67
21,0,Chad Henne,28,2,264
1,0,Ryan Mallett,2,0,5
12,0,Joey Elliott,19,1,140
17,2,Curtis Painter,28,0,113
22,3,Seth Adams,40,2,284
26,1,John Parker Wilson,40,0,265
18,0,Wesley Carroll,33,2,203
22,1,Erik Ainge,36,2,259
22,2,TJ Yates,42,1,285
0,1,Joe Dailey,1,0,0
17,1,Chris Smelley,26,3,172
10,2,Sam Keller,18,2,129
12,0,Zac Robinson,19,1,234
0,0,Dantrell Savage,1,0,0
13,0,Ryan Morris,25,0,144
1,0,Marcus Perez,1,1,59
20,1,Tim Hiller,29,1,226
41,0,CJ Bacher,58,4,470
0,0,Eric Peterman,1,0,0
25,2,Adam Weber,38,5,341
9,0,Evan Sharpley,20,1,105
7,2,Jimmy Clausen,20,0,60
32,1,Matt Ryan,49,2,291
16,1,Giovanni Vizza,30,1,202
14,1,Trey Revell,29,3,196
7,2,Kinsmon Lancaster,16,0,95
13,0,Todd Boeckman,16,2,184
7,0,Rob Schoenhoft,9,0,79
4,1,Julian Edelman,10,0,49
1,0,Jon Brown,1,0,7
1,0,Anthony Magazu,4,0,6
18,1,Brad Bower,29,3,232
1,0,Taylor Price,1,1,22
1,0,Theo Scott,1,0,10
1,0,Josh Febus,1,0,5
20,0,Andy Schmitt,28,4,210
3,0,Kyle McMahon,7,1,38
24,0,Sam Bradford,34,2,266
37,2,Chase Daniel,47,1,361
1,1,Jeremy Maclin,2,0,0
21,0,Dennis Dixon,28,3,287
4,0,Brady Leaf,6,0,41
1,0,Justin Roper,1,0,10
15,2,Alex Brink,33,1,251
0,0,Gary Rogers,3,0,0
16,0,Anthony Morelli,28,1,216
0,0,Daryll Clark,1,0,0
16,2,Tyler Donovan,29,0,220
1,0,Allan Evridge,5,0,24
15,0,Matt Grothe,28,2,212
4,0,Grant Gregory,6,2,125
1,0,Anthony Severino,2,1,28
6,0,Mike Greco,16,0,71
5,1,Kyle Israel,11,0,13
18,1,Stephen Reaves,26,1,206
0,0,Damion Fletcher,1,0,0
19,2,Justin Willis,31,1,191
12,0,Tavita Pritchard,27,2,171
3,0,TC Ostrander,3,0,23
23,0,Andy Dalton,34,2,344
15,1,Andrew Robinson,32,1,158
20,1,Mike Teel,29,2,310
24,0,Paul Smith,39,3,385
21,0,Bernard Morris,37,2,260
30,0,Graham Harrell,37,3,425
17,1,Stephen McGee,30,0,133
17,0,Sam Hunt,32,1,262
19,2,Anthony Scelfo,37,2,264
0,0,Matt Forte,1,0,0
0,0,Kevin Moore,1,0,0
11,1,Travis Dixon,21,0,78
5,0,Omar Clayton,5,1,43
21,3,Max Hall,33,1,214
19,2,Mark Sanchez,31,1,130
30,0,Willie Tuitama,43,0,233
22,1,Brian Johnson,29,1,220
1,0,Corbin Louks,1,1,11
1,0,Louie Sakoda,1,0,1
14,1,Kevin OConnell,31,0,114
1,0,Alston Umuolo,1,0,35
38,1,Trevor Vittatoe,55,3,409
2,0,Lorne Sam,2,0,47
18,3,Rob Kass,32,1,219
1,0,Dwayne Harris,1,1,80
0,1,Patrick Pinkney,1,0,0
7,0,Mackenzi Adams,10,1,125
2,0,Chris Nickson,5,0,6
16,0,Matthew Stafford,31,1,201
14,2,Jameel Sewell,24,1,149
1,0,Vic Hall,1,0,35
17,0,Tyler Lorenzen,33,1,176
18,0,Karsten Sween,28,0,176
3,0,Ian Hetrick,7,0,14
14,0,Donovan Porterie,23,1,215
26,1,Taylor Tharp,35,4,320
1,0,Tanyon Bissell,1,1,33
11,0,Colin Kaepernick,26,3,243
11,0,Mike Teel,29,2,179
1,0,Jeremy Ito,1,0,36
1,0,Andrew Depaola,1,1,15
17,1,Matt Grothe,34,1,247
20,4,Andy Dalton,45,0,164
1,0,Jeremy Kerley,1,0,27
13,1,Brian Johnson,20,1,120
9,0,Tyler Lorenzen,18,1,130
29,2,Brian Brohm,41,1,228
0,0,Patrick Carter,1,0,0
28,3,Kyle McMahon,48,0,282
25,1,CJ Bacher,42,1,361
6,0,Shaun Carney,10,2,52
1,0,Ryan Harrison,1,0,22
14,3,Karsten Sween,23,1,171
6,0,Ian Hetrick,8,0,89
32,0,John Parker Wilson,46,3,363
22,1,Erik Ainge,35,1,243
1,1,Jonathan Crompton,2,0,16
0,0,LaMarcus Coker,1,0,0
28,1,Willie Tuitama,41,1,239
19,2,Tavita Pritchard,27,1,181
25,3,Michael Machen,44,1,231
7,1,John David Weed,12,0,53
25,2,Colt McCoy,34,1,293
0,0,Jordan Shipley,1,0,0
0,0,John Chiles,1,0,0
15,1,Max Hall,30,1,156
21,0,Kyle Israel,29,1,224
34,4,Paul Smith,56,3,316
1,0,David Johnson,3,0,4
0,0,Tarrion Adams,1,0,0
20,1,Cullen Harper,22,5,273
3,0,Tribble Reese,5,1,42
20,1,Dan LeFevour,34,2,204
1,1,Brian Brunner,3,0,12
27,2,Cody Hawkins,44,2,287
20,0,Todd Reesing,29,1,153
28,1,Rob Kass,50,1,254
0,0,Patrick Pinkney,2,0,0
0,0,Dwayne Harris,1,0,0
29,1,Daniel Evans,44,3,335
14,2,Xavier Lee,32,0,208
0,0,Preston Parker,1,0,0
6,1,Kyle Wright,10,0,88
4,2,Kirby Freeman,11,1,59
1,0,Francesco Zampogna,1,1,26
16,0,Tom Brandstater,26,0,132
22,1,Adam Tafralis,41,0,254
0,0,Jordan La Secla,3,0,0
13,0,Taylor Bennett,24,0,207
1,0,Josh Nesbitt,1,0,11
9,3,Carson Williams,23,1,124
2,0,Kevin Dunn,4,0,27
8,1,Juice Williams,14,1,70
6,0,Eddie McGee,12,0,46
18,1,Chad Henne,26,2,201
2,1,Ryan Mallett,6,0,16
1,0,Adrian Arrington,1,1,11
30,0,Kellen Lewis,48,3,318
22,1,Anthony Morelli,32,2,195
19,1,Bret Meyer,31,0,174
16,1,Sam Bradford,28,0,183
8,0,Julian Edelman,13,1,128
14,0,Tyler Sheehan,25,2,184
35,0,Andre Woodson,50,5,415
18,0,Tim Tebow,26,4,256
14,1,Michael Desormeaux,22,0,121
0,0,Connor Morel,1,0,0
0,1,Chancellor Roberson,1,0,0
26,0,Rusty Smith,45,4,308
16,0,Kinsmon Lancaster,21,2,257
1,0,Trey Revell,3,0,13
15,1,Wayne Younger,35,1,198
22,1,Matt Flynn,34,3,319
0,0,Ryan Perrilloux,1,0,0
18,0,Brandon Cox,28,2,199
24,3,Zac Champion,42,1,255
21,2,Taylor Tharp,35,5,328
13,0,Chris Turner,19,0,103
22,0,Jameel Sewell,35,0,243
1,0,Peter Lalich,1,0,5
10,1,Adam Weber,22,1,162
1,0,Eric Decker,1,1,20
5,0,Brent Schaeffer,13,1,103
9,4,Seth Adams,21,0,79
11,1,Casey Dick,17,3,96
1,0,Nathan Emert,1,1,48
14,1,Chase Daniel,19,1,210
0,0,Chase Patton,1,0,0
44,4,Graham Harrell,69,1,397
9,1,Dwight Dasher,20,0,118
2,0,Joe Craddock,4,0,61
9,3,Corey Leonard,19,0,116
4,0,Jarrod Bryant,9,0,39
0,0,Kaipo Noa Kaheaku Enhada,3,0,0
22,0,Riley Skinner,28,2,213
26,0,Sam Keller,44,1,275
13,0,Stephen McGee,22,1,100
36,0,Chase Holbrook,49,3,404
11,2,Brian Nooy,20,1,120
8,0,Quin Ashley,15,1,92
17,1,Evan Sharpley,33,0,117
21,0,Mark Sanchez,38,4,235
15,1,Todd Boeckman,23,2,193
12,1,Brian Hoyer,23,0,126
0,0,Devin Thomas,1,0,0
11,1,Zac Robinson,25,3,181
0,0,Seth Newton,1,0,0
36,0,Josh Freeman,51,3,404
18,1,Pat Bostick,29,1,167
21,1,Benjamin Mauk,32,0,237
29,1,Curtis Painter,48,3,315
0,0,Joey Elliott,1,0,0
17,1,Jake Christensen,40,0,177
28,2,Chase Clement,44,4,289
1,0,James Casey,1,0,24
21,1,Martin Hankins,32,3,306
4,0,Matt Malouf,6,0,18
14,2,Chris Smelley,24,0,154
9,1,Blake Mitchell,18,0,102
0,0,Kenny McKinley,1,0,0
8,1,Mackenzi Adams,16,2,123
18,0,Kevin OConnell,26,0,133
18,2,Donovan Porterie,35,1,239
28,1,Justin Willis,36,3,354
8,0,Anthony Scelfo,15,1,102
5,0,Kevin Moore,7,0,58
0,0,Casey Robottom,1,0,0
0,0,Matt Forte,1,0,0
15,2,Andrew Robinson,28,1,265
32,0,Drew Willy,48,0,286
9,0,Vaughn Charlton,13,1,109
1,0,Bruce Francis,1,0,43
4,0,Adam DiMichele,4,0,36
0,0,Daryl Robinson,1,0,0
33,2,Daniel Raudabaugh,57,2,314
19,0,Aaron Opelt,39,1,204
9,4,Brad Bower,17,1,163
7,0,Theo Scott,13,1,126
25,4,Omar Haugabook,37,3,287
2,0,Tanner Jones,4,1,47
1,0,Gary Banks,1,1,22
0,0,Jaime Hampton,1,0,0
22,1,Giovanni Vizza,38,1,172
1,0,Daniel Meager,2,0,7
0,0,Brock Stickler,1,0,0
12,4,Sam Hunt,34,1,198
0,0,Anthony Speight,0,0,0
10,0,Blake Joseph,17,1,105
11,0,Case Keenum,16,1,100
0,0,LJ Castile,1,0,0
18,0,Patrick Cowan,27,1,161
1,0,Brandon Breazell,1,1,29
22,3,Nate Longshore,34,3,232
0,0,DeSean Jackson,0,0,0
23,3,Omar Clayton,36,2,304
2,0,Travis Dixon,3,0,33
13,0,Caleb Hanie,19,1,218
11,1,Leon Jackson III,19,0,106
0,0,Diondre Borel,0,0,0
15,0,Colin Kaepernick,23,2,170
12,1,Jake Locker,31,4,257
19,1,Dennis Dixon,30,1,196
11,1,Tyler Donovan,19,1,91
1,0,Allan Evridge,1,0,9
3,1,Ryan Morris,8,0,68
9,1,Dan Nicholson,17,0,44
21,3,Tim Hiller,38,1,237
25,0,Nate Davis,48,2,358
8,1,Patrick White,12,2,61
4,0,Jarrett Brown,8,1,23
18,0,Wesley Carroll,35,0,169
20,3,Bernard Morris,38,2,309
23,0,Stephen Reaves,30,1,310
16,1,Donovan Porterie,28,1,169
11,0,Shaun Carney,18,0,110
15,0,Sean Glennon,25,1,149
25,2,Matt Ryan,52,2,285
0,0,Billy Flutie,1,0,0
21,1,Tom Brandstater,39,1,263
18,0,Taylor Tharp,29,0,158
10,2,Corey Leonard,24,0,105
2,1,Travis Hewitt,4,0,16
14,1,Omar Haugabook,23,0,156
1,0,Jaime Hampton,1,0,10
1,0,Tanner Jones,2,0,2
13,0,Nathan Emert,25,1,154
4,1,Casey Dick,6,0,36
9,5,Wayne Younger,26,1,93
1,0,Colt Anderson,3,0,30
16,0,Brandon Cox,26,1,189
11,0,Seth Adams,24,0,89
3,1,Brent Schaeffer,4,0,34
17,0,Rudy Carpenter,29,1,219
18,2,Nate Longshore,36,1,261
19,1,Tyler Sheehan,41,2,249
0,1,Freddie Barnes,1,0,0
12,1,Theo Scott,17,1,166
11,0,Drew Willy,14,3,125
19,2,Chris Jacquemain,37,0,185
13,1,Tyler Lorenzen,25,1,194
16,2,Matt Grothe,30,0,189
12,1,Caleb Hanie,18,0,94
4,0,Billy Farris,9,0,46
0,0,Gartrell Johnson,1,0,0
14,1,Brian Johnson,21,2,130
0,0,Corbin Louks,1,0,0
6,0,Patrick Pinkney,7,2,159
10,0,Rob Kass,17,0,69
3,0,Brett Clay,6,0,22
1,0,Brandon Simmons,1,0,5
12,2,Sam Hunt,29,0,94
5,0,Joseph Webb,8,0,34
8,1,Kyle McMahon,17,1,74
7,0,Andy Schmitt,11,0,63
10,2,Tim Hiller,18,0,117
3,1,Thomas Peregrin,9,0,29
35,2,Rusty Smith,54,1,317
22,1,Kinsmon Lancaster,35,2,182
1,0,Chance Payne,1,0,19
14,0,Tim Tebow,22,1,236
11,1,Matthew Stafford,18,3,217
35,0,Drew Weatherford,47,1,339
16,1,Thaddeus Lewis,30,1,198
1,0,Kevin Jones,1,0,15
29,1,Colton Brennan,46,6,425
37,2,Chase Holbrook,52,1,328
4,1,JJ McDermott,7,0,37
7,2,Juice Williams,15,0,145
16,1,Nate Davis,33,1,167
5,0,Jake Christensen,15,1,53
25,0,Brian Hoyer,42,0,308
22,1,Josh Freeman,33,3,247
1,0,Carson Coffman,3,0,8
15,1,Blake Szymanski,21,2,213
5,2,Michael Machen,14,0,92
18,0,Giorgio Morgan,28,3,247
33,1,Dan LeFevour,43,3,359
24,3,Andre Woodson,42,2,230
17,0,Wesley Carroll,28,2,152
21,1,Brian Brohm,30,2,236
10,0,Pat Bostick,20,0,136
1,0,Darrell Strong,1,1,27
19,1,Chris Turner,31,0,217
20,0,Cullen Harper,26,2,179
11,0,Ryan Mallett,20,1,233
1,0,David Cone,1,0,21
14,0,Adam Weber,30,0,99
28,1,Chase Daniel,37,1,250
33,0,Bret Meyer,48,1,237
15,0,Bernard Morris,33,0,227
29,1,Chase Clement,48,2,281
1,0,Joel Armstrong,1,0,17
8,0,Jarrod Bryant,11,0,126
1,0,Joey Bullen,1,0,30
1,0,Kaipo Noa Kaheaku Enhada,2,0,8
26,1,Daniel Evans,46,3,348
24,2,Jameel Sewell,44,2,260
1,0,Peter Lalich,6,0,7
15,0,Colin Kaepernick,26,1,203
12,0,Nathan Enderle,21,2,156
0,1,Quin Ashley,3,0,0
25,4,Giovanni Vizza,45,2,296
16,0,Dwight Dasher,21,2,159
6,0,Joe Craddock,17,1,44
16,0,Dennis Dixon,25,0,157
26,2,Mark Sanchez,41,2,277
14,0,Sean Canfield,21,1,142
16,2,Tavita Pritchard,32,0,189
12,1,Anthony Morelli,21,0,111
4,0,Daryll Clark,5,0,13
19,1,Todd Boeckman,26,3,253
24,0,Curtis Painter,38,2,182
20,3,CJ Bacher,39,1,208
14,2,Mike Teel,30,0,128
1,0,Jabu Lovelace,1,0,3
10,0,Patrick White,16,0,144
26,1,Erik Ainge,44,1,216
31,1,Blake Mitchell,45,1,290
3,1,Chris Smelley,5,0,40
12,1,Colt McCoy,29,0,181
23,0,Sam Keller,35,2,298
2,0,Joe Ganz,3,1,17
7,1,Anthony Scelfo,15,1,84
1,0,Kevin Moore,1,0,21
25,1,Martin Hankins,38,2,355
2,0,Matt Malouf,2,1,24
27,2,Paul Smith,45,3,336
17,1,Justin Willis,35,2,192
22,0,Aaron Opelt,28,4,387
4,0,DJ Lenehan,5,0,43
11,1,Dan Nicholson,23,1,155
2,0,Ryan Morris,4,0,20
24,0,Stephen McGee,44,1,244
21,0,Todd Reesing,33,0,180
46,4,Graham Harrell,62,3,431
15,0,Cody Hawkins,26,2,123
1,0,Scotty McKnight,1,0,9
8,0,Trevor Vittatoe,23,3,134
2,0,Lorne Sam,2,1,29
1,0,James Thomas,1,0,13
13,0,Case Keenum,20,1,116
10,0,Blake Joseph,14,0,98
0,0,Anthony Alridge,1,0,0
9,0,Leon Jackson III,12,1,127
8,1,Jase McCormick,14,1,93
23,1,Zac Champion,29,0,230
9,1,Mackenzi Adams,14,0,108
2,0,Richard Kovalcheck,5,0,13
18,0,Daniel Raudabaugh,37,1,212
12,0,Riley Skinner,15,0,133
26,2,TJ Yates,33,1,236
17,2,Jake Locker,30,2,336
38,1,Willie Tuitama,51,5,510
28,1,Alex Brink,46,1,271
0,0,Michael Bumpus,1,0,0
17,0,Patrick Cowan,36,0,167
12,1,Tyler Donovan,21,0,144
17,2,Kellen Lewis,33,0,113
8,2,Karsten Sween,17,2,92
5,0,Ian Hetrick,16,0,64
21,2,Omar Clayton,39,1,223
20,3,Stephen Reaves,29,0,144
12,0,Kyle Israel,16,2,162
11,4,Taylor Bennett,26,0,157
1,1,Josh Nesbitt,3,0,9
22,0,Sean Glennon,32,2,296
26,0,Tyler Sheehan,36,2,268
1,0,Anthony Turner,1,1,33
14,2,Carlton Jackson,31,1,192
35,0,Chase Holbrook,49,4,407
15,1,Colin Kaepernick,28,3,237
7,0,Theo Scott,12,0,94
7,0,Brad Bower,9,0,91
17,1,Vaughn Charlton,25,1,161
9,1,Shaun Carney,12,1,105
14,0,Carson Williams,33,1,164
19,0,Travis Hewitt,30,0,174
9,2,Wayne Younger,19,2,110
14,1,John Parker Wilson,40,3,234
24,3,Matt Flynn,44,3,353
1,0,Early Doucet,1,0,35
8,0,Casey Dick,10,2,86
1,0,Darren McFadden,1,1,23
27,0,Blake Mitchell,51,2,364
21,0,Willie Tuitama,36,3,341
3,0,Osaar Rasshan,10,0,78
7,0,Patrick Cowan,18,1,65
9,0,Brandon Cox,11,1,167
6,0,Blake Field,11,1,92
0,0,Kodi Burns,4,0,0
0,1,Neil Caudle,3,0,0
25,1,Blake Szymanski,41,1,191
0,0,Ryan Roberts,2,0,0
0,0,John David Weed,4,0,0
37,0,Graham Harrell,46,3,433
7,0,Taylor Potts,13,0,57
26,3,Matt Ryan,53,2,415
29,0,Drew Weatherford,45,2,354
1,0,Preston Parker,1,0,17
28,1,Taylor Tharp,35,3,259
3,0,Nick Lomax,4,0,27
1,0,Michael Coughlin,2,0,4
11,0,Adam Tafralis,19,1,77
4,0,Jordan La Secla,8,0,18
1,0,Sean Flynn,3,0,5
22,0,Max Hall,30,3,355
0,1,Brenden Gaskins,1,0,0
18,1,Caleb Hanie,34,0,161
0,0,Jimmie Kaylor,1,0,0
26,1,Nate Longshore,39,0,213
22,1,Alex Brink,45,1,306
14,1,Kyle Israel,21,2,203
0,0,Mike Greco,1,0,0
18,2,Bernard Morris,31,0,239
1,0,Wesley Beardain,2,0,10
0,1,Brian Anderson,2,0,0
12,1,Cody Hawkins,25,0,100
2,0,Nick Nelson,3,0,12
26,1,Chase Daniel,44,5,421
1,0,Chase Patton,1,0,8
10,0,Tyler Lorenzen,21,2,140
32,1,Mike Teel,52,0,343
0,0,Jabu Lovelace,1,0,0
15,1,Thaddeus Lewis,26,1,160
2,0,Zack Asack,3,0,10
17,0,Cullen Harper,26,2,184
2,0,Tribble Reese,3,1,14
22,1,Tim Tebow,27,3,281
1,0,Cameron Newton,2,0,7
16,2,Mackenzi Adams,32,0,159
2,0,Richard Kovalcheck,2,0,3
0,0,Chris Nickson,1,0,0
13,1,Tom Brandstater,18,2,131
18,0,Leon Jackson III,26,2,214
17,1,Matthew Stafford,29,2,217
2,0,Joe Cox,3,0,8
29,2,Omar Haugabook,45,2,310
3,0,Tanner Jones,4,0,41
1,0,Gary Banks,1,0,17
1,0,Jaime Hampton,2,1,5
16,3,Nathan Enderle,48,0,188
1,0,TJ Conley,1,0,30
16,1,Zac Champion,25,1,227
0,0,Michael Mosley,1,0,0
22,1,Kellen Lewis,35,4,354
26,2,Nate Davis,48,1,332
1,0,Tanner Justice,1,0,13
12,1,Bret Meyer,18,1,139
5,0,Austen Arnaud,8,0,87
28,2,Josh Freeman,43,1,347
0,0,Jordy Nelson,1,0,0
30,0,Todd Reesing,41,6,354
25,4,Joe Ganz,50,4,405
24,2,Kinsmon Lancaster,38,2,264
22,0,Joe Craddock,29,4,401
19,1,Brian Hoyer,35,1,161
18,1,Chad Henne,33,4,211
34,2,Martin Hankins,60,4,416
0,0,Maurice Jones,1,0,0
8,0,Patrick Pinkney,16,2,105
4,0,Rob Kass,10,0,45
1,3,Kirby Freeman,14,1,84
19,0,Daniel Evans,40,0,207
20,0,Daniel Raudabaugh,26,2,259
33,0,Drew Willy,45,2,217
18,1,Adam Weber,31,1,208
3,0,Tony Mortensen,4,0,34
14,1,Juice Williams,21,2,207
7,1,Seth Adams,15,0,113
3,0,Brent Schaeffer,13,1,64
16,2,TJ Yates,26,1,149
20,1,Chris Turner,36,0,209
27,3,CJ Bacher,54,1,264
1,0,Eric Peterman,1,0,13
21,0,Jake Christensen,36,1,299
17,0,Evan Sharpley,27,2,140
6,0,Kaipo Noa Kaheaku Enhada,8,1,81
0,0,Reggie Campbell,1,0,0
17,0,Todd Boeckman,28,2,166
17,0,Tyler Donovan,29,2,238
1,0,Kenneth DeBauche,1,0,31
21,0,Sam Bradford,30,5,284
15,0,Stephen McGee,28,1,155
30,0,Zac Robinson,42,2,430
20,3,Colt McCoy,27,1,282
13,0,Dennis Dixon,22,4,189
2,0,Brady Leaf,4,0,11
22,1,Rudy Carpenter,36,2,379
21,0,Pat Bostick,30,1,153
15,0,Cameron Dantley,27,2,189
4,0,Andrew Robinson,9,0,46
22,0,Anthony Morelli,35,1,210
27,0,Curtis Painter,48,0,255
32,3,Chase Clement,58,6,395
30,0,Trevor Vittatoe,57,5,373
20,2,Kevin OConnell,44,2,249
0,0,Alston Umuolo,1,0,0
22,1,Karsten Sween,30,2,159
31,4,Matt Grothe,54,1,382
13,1,Benjamin Mauk,31,3,162
1,0,Marcus Barnett,1,0,76
16,0,TC Ostrander,28,0,133
1,0,Tavita Pritchard,3,0,4
16,1,Jake Locker,32,0,151
11,0,Andy Dalton,18,2,149
1,0,Jeremy Kerley,1,0,27
1,1,Marcus Jackson,3,1,7
7,0,Donovan Porterie,23,0,76
2,1,Bryan Clampitt,9,0,15
16,0,Erik Ainge,23,1,125
3,0,Jonathan Crompton,4,1,68
13,1,Michael Desormeaux,25,0,95
3,1,Connor Morel,4,0,35
17,1,Anthony Scelfo,28,1,237
6,0,Scott Elliott,9,1,50
18,1,Paul Smith,27,3,319
17,0,Aaron Opelt,29,2,276
10,0,Andy Schmitt,17,1,111
8,2,Kyle McMahon,16,0,89
0,0,Dontayo Gage,1,0,0
11,1,Sam Hunt,26,1,125
6,0,Joseph Webb,11,0,54
7,0,Jeremy Young,16,2,95
4,0,Stephen Reaves,7,0,23
19,0,John David Booty,33,2,157
1,0,Mark Sanchez,1,0,30
11,1,Sean Canfield,25,0,85
0,0,Lyle Moevao,3,0,0
20,0,Jameel Sewell,43,1,225
20,1,Riley Skinner,26,1,175
19,0,Case Keenum,27,2,264
1,0,Anthony Alridge,1,1,24
0,0,Blake Joseph,2,0,0
19,1,Justin Willis,32,3,351
0,0,James Mapps,1,0,0
27,1,Tim Hiller,37,2,311
23,1,Dan LeFevour,38,1,235
14,1,Chris Jacquemain,23,2,197
3,0,Carlton Jackson,5,0,45
17,0,Brad Bower,37,3,239
26,1,Max Hall,44,1,305
18,1,Andy Dalton,30,1,165
6,0,Marcus Jackson,7,0,57
16,0,Patrick White,25,2,181
27,2,Brian Brohm,46,2,345
5,1,Carson Williams,16,0,44
2,0,Kevin Dunn,8,0,11
2,0,Jabu Lovelace,8,0,28
1,1,Mike Teel,4,0,14
12,0,Andy Schmitt,18,2,134
20,1,Tyler Sheehan,32,1,230
13,2,Nate Longshore,29,1,199
11,0,John David Booty,20,1,129
21,0,Benjamin Mauk,33,3,276
18,1,Tyler Lorenzen,37,0,182
27,0,Cullen Harper,35,3,266
21,1,Riley Skinner,30,0,170
3,0,Brett Hodges,5,0,34
12,0,Thaddeus Lewis,29,1,122
11,1,Taylor Bennett,23,1,218
0,0,Josh Nesbitt,2,0,0
22,2,Rusty Smith,42,3,268
19,1,Corey Leonard,33,1,131
11,1,Matthew Stafford,19,2,237
14,4,Brandon Cox,30,1,133
28,1,Colton Brennan,39,2,396
1,0,Tyler Graunke,1,0,14
15,0,Tom Brandstater,26,3,209
0,0,Clifton Smith,0,0,0
14,1,Jake Christensen,25,1,157
24,1,Adam Weber,41,1,190
9,1,Bret Meyer,19,2,149
4,0,Austen Arnaud,8,0,40
23,0,Cody Hawkins,40,2,262
16,2,Kinsmon Lancaster,23,1,178
14,2,Matt Flynn,26,3,237
2,0,Ryan Perrilloux,4,1,37
20,2,Zac Champion,39,1,189
21,0,Chris Turner,27,3,337
33,2,Matt Ryan,56,3,421
9,3,Kyle Wright,21,0,94
20,1,Jameel Sewell,25,1,288
27,0,Chase Daniel,35,3,352
18,1,Stephen McGee,28,2,247
24,0,Bernard Morris,32,2,238
13,0,Patrick Pinkney,21,0,109
3,0,Rob Kass,7,0,42
9,1,Wesley Carroll,21,0,100
16,2,John Parker Wilson,34,0,121
8,0,Joe Craddock,11,2,89
5,1,Dwight Dasher,11,0,29
13,2,Matt Desormeaux,20,2,152
26,2,Daniel Evans,42,1,229
22,2,TJ Yates,42,0,241
1,0,Bobby Rome,1,1,50
30,0,Joe Ganz,40,7,510
1,0,Beau Davis,1,0,9
0,0,Marlon Lucky,1,0,0
26,0,Josh Freeman,44,2,320
21,2,Dan Nicholson,28,2,275
0,0,Matt Simon,1,0,0
16,1,Jon Brown,34,1,132
5,0,Giorgio Morgan,8,0,27
21,0,Donovan Porterie,29,2,211
13,0,Caleb Hanie,19,2,221
26,3,CJ Bacher,33,1,276
1,0,Brandon Roberson,1,1,15
18,0,Kellen Lewis,27,2,204
0,1,Ben Chappell,1,0,0
22,0,Jimmy Clausen,40,3,246
10,0,Shaun Carney,16,2,120
40,2,Giovanni Vizza,50,8,478
4,0,Kaipo Noa Kaheaku Enhada,5,1,108
0,0,Jarrod Bryant,1,0,0
13,3,Todd Boeckman,23,0,156
12,0,Juice Williams,22,4,140
20,1,Sam Bradford,25,3,353
25,2,Blake Szymanski,42,2,280
22,1,Zac Robinson,37,2,295
27,0,Todd Reesing,40,3,313
1,0,Kerry Meier,1,0,44
10,1,Lyle Moevao,22,1,109
10,0,Carl Bonnell,25,2,233
6,0,Jake Locker,14,0,16
29,2,Curtis Painter,45,1,344
22,0,Brian Hoyer,31,2,266
26,1,Blake Mitchell,42,1,316
0,0,Tommy Beecher,1,0,0
22,1,Tim Tebow,32,2,304
19,0,Adam Tafralis,31,2,317
30,3,Chase Holbrook,49,2,318
11,1,Jeremy Young,17,1,123
1,0,Torris Magee,1,0,36
35,2,Martin Hankins,48,4,396
0,0,Matt Malouf,1,0,0
13,2,Justin Willis,31,4,165
35,1,Chase Clement,52,2,364
0,0,James Casey,1,0,0
21,2,Cameron Dantley,38,1,276
15,1,Matt Grothe,22,2,181
4,0,Grant Gregory,6,0,55
26,0,Vaughn Charlton,43,0,238
22,1,Anthony Morelli,33,3,260
12,0,Erik Ainge,25,2,128
12,2,Casey Dick,22,0,140
3,1,Nathan Emert,6,0,22
0,0,Darren McFadden,1,0,0
21,1,Colt McCoy,30,4,268
36,1,Graham Harrell,48,5,466
7,0,Anthony Scelfo,11,1,167
9,0,Kevin Moore,10,1,110
0,0,Matt Forte,2,0,0
28,1,Trevor Vittatoe,43,1,308
0,0,Sam Lorne,2,0,0
15,0,Paul Smith,28,5,313
12,1,Case Keenum,15,0,81
3,2,Blake Joseph,9,0,45
15,1,Joseph Webb,25,3,156
5,1,Sam Hunt,16,0,19
11,1,Kyle Israel,18,1,91
1,0,Mike Greco,2,0,13
14,1,Osaar Rasshan,27,0,181
0,0,Brandon Breazell,1,0,0
16,0,Rudy Carpenter,31,1,200
13,1,Travis Dixon,22,3,185
5,0,Omar Clayton,7,0,22
17,1,Kevin OConnell,23,2,196
17,1,Brian Johnson,29,1,167
1,0,Louie Sakoda,1,0,41
1,0,Tommy Grady,1,0,19
0,0,Corbin Louks,1,0,0
5,1,Ian Hetrick,9,0,44
8,1,Karsten Sween,23,0,41
7,0,Leon Jackson III,15,0,95
4,3,Jase McCormick,8,0,57
1,0,Sean Setzer,1,0,2
26,0,Taylor Tharp,29,2,283
1,0,Michael Coughlin,2,0,6
1,0,Bush Hamdan,1,0,5
20,0,Mackenzi Adams,31,2,193
0,0,Earl Bennett,2,0,0
17,0,Andre Woodson,28,1,222
10,1,Tyrod Taylor,15,2,204
1,0,Sean Glennon,4,0,3
8,2,Christian Ponder,18,1,105
5,0,Drew Weatherford,15,0,46
32,0,Alex Brink,47,1,449
22,2,Tavita Pritchard,40,0,263
14,0,Tyler Donovan,27,1,245
0,0,Allan Evridge,1,0,0
11,2,Ryan Mallett,36,3,245
3,1,Chad Henne,5,0,28
14,0,Nate Davis,20,3,265
20,1,Aaron Opelt,30,1,203
0,1,DJ Lenehan,4,0,0
16,3,Daniel Raudabaugh,31,0,189
12,2,Chris Jacquemain,33,0,116
25,2,Corey Leonard,50,2,305
1,0,Travis Hewitt,3,0,8
22,1,Giovanni Vizza,30,0,160
21,1,Willie Tuitama,39,2,266
22,2,Brady Leaf,46,0,163
5,1,Dennis Dixon,8,0,62
26,1,Dan LeFevour,37,1,246
25,1,Andy Schmitt,34,1,212
1,0,Zach Johnson,1,0,15
0,0,Pierre Walker,1,0,0
9,1,Colin Kaepernick,20,1,134
33,0,Tyler Graunke,46,2,358
2,0,Colton Brennan,2,0,21
8,1,Shaun Carney,14,0,101
27,1,Kevin OConnell,43,1,384
1,0,Kelsey Sokoloski,3,0,17
1,0,Darren Mougey,1,0,9
21,2,John Parker Wilson,31,1,246
14,0,Kinsmon Lancaster,24,1,161
14,0,Casey Dick,17,4,199
1,0,Darren McFadden,1,1,24
29,4,Wesley Carroll,51,4,421
26,1,Carson Williams,38,3,328
22,0,Paul Smith,32,2,390
1,0,Tarrion Adams,1,1,18
1,0,AJ Whitmore,1,0,17
29,2,Blake Szymanski,40,2,226
0,0,Luke LaMar,0,0,0
16,0,Zac Robinson,21,2,202
22,0,Taylor Tharp,31,4,282
3,0,Bush Hamdan,3,2,93
1,0,Kyle Brotzman,1,0,30
0,0,Tanyon Bissell,1,0,0
0,0,Nick Lomax,1,0,0
8,0,Nathan Enderle,23,0,182
4,0,Brandon Ogletree,6,0,30
19,0,Drew Willy,32,1,210
1,0,James Starks,1,0,5
20,0,Tyler Sheehan,29,2,248
1,0,Anthony Turner,1,1,25
19,0,Benjamin Mauk,34,2,323
13,1,Patrick White,19,0,140
26,1,Cullen Harper,40,0,226
31,1,Matt Ryan,47,1,315
16,0,Tyler Lorenzen,24,1,213
7,1,Cameron Dantley,17,1,61
8,1,Andrew Robinson,21,0,59
13,0,Caleb Hanie,16,3,244
11,0,Wayne Younger,19,2,127
12,0,Connor Morel,15,1,125
4,0,Matt Desormeaux,4,0,52
25,1,Tim Tebow,34,3,338
1,0,Cameron Newton,4,0,8
18,0,Rusty Smith,33,1,290
2,0,Jeff VanCamp,4,0,19
0,0,Sean Clayton,1,0,0
16,0,Drew Weatherford,26,1,204
16,1,Chris Turner,32,1,242
1,0,Jordan Steffy,3,0,1
12,2,Matthew Stafford,22,0,99
24,1,Andre Woodson,41,1,268
13,0,Taylor Bennett,24,1,196
1,0,Josh Nesbitt,1,1,47
1,0,Tashard Choice,1,1,17
21,0,TJ Yates,35,1,283
24,1,Case Keenum,32,2,298
20,0,Bernard Morris,32,1,260
15,1,Juice Williams,22,1,220
29,2,CJ Bacher,49,2,310
23,1,Kellen Lewis,39,1,216
28,1,Curtis Painter,45,1,281
20,2,Jake Christensen,37,3,249
26,0,Tim Hiller,45,3,367
21,0,Todd Reesing,26,4,253
9,0,Kerry Meier,9,1,101
16,0,Bret Meyer,28,0,103
8,1,Austen Arnaud,15,0,79
26,1,Josh Freeman,41,2,256
28,0,Chase Daniel,41,4,284
22,1,Zac Champion,36,3,261
28,0,Adam Tafralis,47,1,369
16,2,Brian Hoyer,21,4,257
1,0,Ryan Allison,1,0,23
16,0,Anthony Morelli,35,1,188
0,0,Derrick Williams,1,0,0
0,0,Daryll Clark,1,0,0
14,0,Martin Hankins,26,0,298
0,0,Will Hudgens,1,0,0
0,0,Maurice Jones,1,0,0
11,2,Sam Hunt,19,0,121
14,0,Joseph Webb,20,0,112
11,0,Chad Henne,34,0,68
1,0,Ryan Mallett,3,0,8
7,1,Todd Boeckman,13,0,50
21,2,Adam Weber,37,3,352
6,1,Tyler Donovan,13,1,114
1,0,Allan Evridge,2,0,4
13,2,Brent Schaeffer,28,1,208
4,1,Seth Adams,11,0,57
17,0,Matt Flynn,25,0,168
3,0,Jarrod Bryant,6,0,60
21,1,Ryan Morris,35,2,206
42,2,Chase Holbrook,58,1,367
14,0,Leon Jackson III,20,2,189
16,0,Jimmy Clausen,32,3,194
16,0,Thaddeus Lewis,33,0,121
2,0,Zack Asack,5,0,17
34,0,Chase Clement,54,4,345
1,0,James Casey,1,0,8
6,0,Kevin Moore,10,0,125
5,1,Anthony Scelfo,12,0,63
3,2,Mike Teel,9,1,98
2,0,Jabu Lovelace,8,0,10
7,0,Kevan Smith,11,0,81
7,1,Pat Bostick,16,1,77
17,1,Matt Grothe,23,2,194
2,0,Grant Gregory,4,0,57
18,3,Brian Brohm,37,1,213
6,1,Hunter Cantwell,12,0,60
11,2,Justin Willis,24,0,112
7,1,Zach Rhodes,14,1,64
11,1,Kyle Israel,16,1,173
3,0,Mike Greco,7,0,49
0,0,Phillip Smith,1,0,0
6,1,Andy Dalton,12,0,73
6,0,Marcus Jackson,11,0,53
13,0,Travis Dixon,21,1,183
5,1,Dack Ishii,9,0,52
18,0,Vaughn Charlton,27,1,191
11,4,Jon Brown,27,0,76
29,0,Erik Ainge,43,3,245
14,0,Mackenzi Adams,26,3,139
47,2,Graham Harrell,72,2,420
21,1,Joey Halzle,41,2,291
2,0,Sam Bradford,3,0,11
16,1,Brian Johnson,27,1,165
1,0,Jereme Brooks,1,1,7
18,0,Donovan Porterie,41,0,198
19,1,Trevor Vittatoe,42,2,290
10,1,Jeremy Young,22,2,205
13,0,Sean Glennon,24,1,171
1,0,Tyrod Taylor,2,0,5
21,1,Kyle Wright,36,1,215
20,0,Riley Skinner,29,2,208
1,0,Brett Hodges,1,0,8
24,3,Daniel Evans,56,1,286
7,0,Carl Bonnell,19,1,108
20,1,Nate Longshore,28,3,236
21,6,Alex Brink,45,0,314
0,1,Gary Rogers,1,0,0
15,0,Lyle Moevao,28,1,202
2,0,Ryan Gunderson,2,0,11
17,1,Karsten Sween,29,0,217
7,0,Jacob Doss,11,0,51
26,0,Max Hall,37,3,331
2,0,Brenden Gaskins,3,0,31
16,1,Omar Haugabook,29,1,194
5,0,Tanner Jones,6,1,61
3,1,Jaime Hampton,4,0,33
18,1,Joe Craddock,25,1,116
0,0,Dwight Dasher,3,0,0
21,0,Rudy Carpenter,30,1,240
1,0,Danny Sullivan,1,0,3
26,0,John David Booty,39,4,375
0,0,Desmond Reed,1,0,0
23,1,Chris Jacquemain,38,1,210
33,2,Dan LeFevour,54,2,382
20,0,Tyler Sheehan,34,3,225
1,0,Anthony Turner,1,1,11
1,0,Derek Brighton,1,0,6
15,3,Clint Cochran,29,1,202
6,0,DJ Lenehan,11,0,54
17,0,Cody Hawkins,29,2,241
31,3,Joe Ganz,58,4,484
16,1,Caleb Hanie,22,2,245
20,0,Karsten Sween,33,0,204
1,0,Greg Bolling,1,0,25
40,2,Colton Brennan,53,5,495
22,1,Taylor Tharp,36,1,231
0,0,Tanyon Bissell,1,0,0
22,0,Matt Flynn,47,3,209
10,0,Casey Dick,18,1,94
3,0,Darren McFadden,6,1,34
13,1,Wesley Carroll,28,1,130
2,0,Mike Henig,6,0,62
10,1,Brent Schaeffer,30,1,115
25,2,Stephen McGee,36,3,362
0,0,Jorvorskie Lane,1,0,0
0,0,Michael Corey,1,0,0
17,1,Colt McCoy,32,1,229
12,1,Brandon Cox,22,0,117
12,1,John Parker Wilson,26,0,113
26,2,Matt Ryan,43,3,369
23,1,Kyle Wright,42,2,198
17,1,Max Hall,40,0,269
0,0,Austin Collie,1,0,0
17,2,Brian Johnson,29,0,129
18,1,Kyle Israel,26,3,261
1,0,Mike Greco,1,0,6
20,2,Trevor Vittatoe,37,1,292
12,0,Rob Kass,18,3,177
2,0,Patrick Pinkney,3,0,45
12,0,Anthony Scelfo,20,0,133
3,1,Scott Elliott,6,0,61
4,0,Kevin Moore,10,0,30
1,0,Matt Forte,2,0,4
23,1,Paul McCall,35,2,181
5,0,Wayne Younger,10,0,73
1,0,Colt Anderson,3,0,10
0,0,Dustin Rivest,1,0,0
20,1,Rusty Smith,30,4,330
2,0,Sean Clayton,2,1,13
19,0,Tim Tebow,28,3,262
20,0,Drew Weatherford,37,0,188
23,0,Tom Brandstater,29,2,313
27,0,Josh Freeman,41,2,256
0,1,Marcus Watts,1,0,0
9,1,Taylor Bennett,27,1,137
3,0,Calvin Booker,4,0,42
0,1,Josh Nesbitt,1,0,0
14,0,Matthew Stafford,29,1,214
11,0,Blake Joseph,14,0,169
8,0,Case Keenum,9,1,121
14,3,Nathan Enderle,27,1,191
11,0,Leon Jackson III,15,1,118
28,2,Todd Reesing,49,2,349
40,0,Chase Daniel,49,3,361
1,0,Tommy Saunders,1,0,7
12,0,Anthony Magazu,22,2,184
34,0,Drew Willy,44,2,334
1,0,Naaman Roosevelt,1,0,1
39,2,Andre Woodson,62,6,430
28,3,Erik Ainge,45,7,397
19,1,Connor Morel,37,0,240
11,0,Kinsmon Lancaster,19,0,99
30,1,Martin Hankins,59,4,336
2,0,Will Hudgens,2,1,7
35,2,Justin Willis,48,4,375
26,0,Bernard Morris,36,1,309
14,0,Joseph Webb,26,1,200
13,0,Sam Hunt,24,1,189
11,2,TJ Yates,24,1,75
18,0,Thaddeus Lewis,27,2,219
18,1,Daniel Evans,29,0,168
8,0,Harrison Beck,16,0,72
19,0,Chris Turner,24,0,206
1,0,Jordan Steffy,1,0,11
24,1,Ryan Morris,44,2,252
1,0,Andy Dittbenner,1,0,10
23,0,Nate Davis,35,2,326
18,2,Donovan Porterie,33,1,199
1,0,Bryan Clampitt,1,0,11
14,1,Travis Dixon,38,0,135
1,1,Dack Ishii,2,0,7
20,3,Giovanni Vizza,42,0,202
14,0,David Wolke,20,0,129
4,0,Brad Bower,10,1,77
5,0,Theo Scott,8,1,41
21,2,Daniel Raudabaugh,44,1,223
1,0,Jacob Richardson,1,0,24
11,1,Sam Bradford,15,4,150
2,0,Joey Halzle,2,0,30
8,0,Zac Robinson,20,1,105
24,3,Pat Bostick,37,2,298
0,0,LeSean McCoy,1,0,0
17,0,Matt Grothe,23,0,159
40,1,Chase Clement,66,3,541
0,0,Joel Armstrong,1,0,0
22,1,Paul Smith,39,5,441
18,2,Blake Mitchell,31,3,284
28,1,Cullen Harper,38,1,229
26,0,Kevin OConnell,51,2,366
23,0,Andy Dalton,39,0,298
3,0,Marcus Jackson,3,0,20
29,1,Adam Tafralis,46,2,342
1,0,Myles Eden,1,0,4
12,0,Colin Kaepernick,22,2,252
13,1,Jeremy Young,24,0,123
9,1,Corey Leonard,23,0,118
10,2,Tavita Pritchard,24,0,102
5,0,TC Ostrander,9,0,50
19,1,Jimmy Clausen,32,0,196
29,0,Andrew Robinson,47,3,419
2,0,Cameron Dantley,4,0,9
29,0,Benjamin Mauk,42,4,431
4,1,Ben Olson,10,0,64
0,1,Osaar Rasshan,7,0,0
6,2,Cody Kempt,23,0,52
4,1,Brady Leaf,12,0,46
1,1,Justin Roper,4,0,8
23,1,Richard Kovalcheck,38,2,269
9,1,Mackenzi Adams,20,0,64
21,1,Riley Skinner,31,2,146
15,1,Jameel Sewell,24,0,121
2,0,Peter Lalich,4,0,23
13,0,Sean Glennon,19,1,260
4,0,Tyrod Taylor,6,0,39
0,1,Eddie Royal,1,0,0
12,2,Jake Locker,35,1,224
1,0,Louis Rankin,2,0,15
27,0,Alex Brink,40,5,399
24,1,Tim Hiller,39,1,276
6,0,Vaughn Charlton,25,0,92
9,1,Patrick White,13,1,107
14,0,Tyler Lorenzen,28,1,151
4,0,Dennis Brown,6,1,38
12,0,Brian Brohm,22,1,237
21,0,Mike Teel,32,2,265
31,0,Chase Holbrook,52,1,323
10,0,Tom Brandstater,19,0,205
2,0,Kaipo Noa Kaheaku Enhada,5,0,7
12,0,Carson Williams,21,0,117
0,0,David Pevoto,2,0,0
20,0,Rudy Carpenter,37,2,247
28,2,Willie Tuitama,52,2,272
33,2,Matt Ryan,52,0,305
18,1,Sean Glennon,27,3,174
3,0,Tyrod Taylor,6,0,28
6,0,Kyle Israel,13,0,128
28,3,Paul Smith,55,3,426
1,0,Aaron Johnson,1,0,12
0,0,AJ Whitmore,1,0,0
11,0,Paul McCall,19,3,228
0,1,Colt Anderson,1,0,0
31,2,Giovanni Vizza,54,1,253
42,0,Colton Brennan,50,5,442
9,1,Jake Locker,17,0,142
0,0,Carl Bonnell,1,0,0
20,1,Ryan Perrilloux,30,1,243
1,0,Patrick Fisher,1,0,9
20,2,Erik Ainge,40,2,249
29,2,Daniel Raudabaugh,50,1,254
24,2,Dan LeFevour,34,1,185
23,1,Chase Daniel,39,0,219
18,0,Sam Bradford,26,2,209
18,0,Colin Kaepernick,29,3,404
9,0,Zac Champion,23,0,114
1,0,Michael Mosley,1,0,33
2,0,Ross Jenkins,5,0,26
13,1,Justin Roper,25,2,144
0,0,Cody Kempt,3,0,0
20,1,Lyle Moevao,37,0,245
33,1,Kevin OConnell,55,1,288
19,1,Max Hall,26,3,227
16,0,TC Ostrander,23,1,151
5,0,Tavita Pritchard,9,1,45
0,1,Mark Bradford,1,0,0
22,2,Nate Longshore,47,1,252
35,0,Omar Haugabook,47,2,265
1,0,Gary Banks,1,0,6
0,1,Tanner Jones,2,0,0
23,0,Rusty Smith,34,2,291
21,1,John David Booty,36,1,206
13,1,Patrick Cowan,24,1,156
0,0,Ben Olson,5,0,0
5,0,Patrick White,10,0,50
4,0,Jarrett Brown,6,0,29
10,2,Pat Bostick,19,0,67
20,1,Brian Johnson,25,1,226
2,0,Corbin Louks,2,0,12
7,1,Kaipo Noa Kaheaku Enhada,14,2,122
25,0,Martin Hankins,39,3,281
1,0,Will Hudgens,5,0,0
0,0,Matt Malouf,2,0,0
25,1,Rusty Smith,32,5,336
1,0,Sean Clayton,1,0,14
21,0,Max Hall,35,2,231
11,1,McLeod Bethel Thompson,27,1,154
0,0,Brandon Breazell,1,0,0
0,0,Osaar Rasshan,1,0,0
30,3,Benjamin Mauk,52,4,334
18,3,Jeremy Young,32,2,122
20,1,Donovan Porterie,36,2,354
0,0,Josh Fussell,1,0,0
13,0,Colin Kaepernick,31,0,137
30,2,Taylor Tharp,44,2,270
12,0,Patrick Pinkney,19,1,118
1,0,Rob Kass,3,0,36
35,2,Curtis Painter,54,3,546
17,0,Dan LeFevour,34,4,292
0,0,Antonio Brown,1,0,0
18,2,Rudy Carpenter,36,2,187
7,1,Danny Sullivan,14,1,118
21,0,Colt McCoy,31,1,174
0,0,Quan Cosby,1,0,0
22,1,Matt Ryan,47,3,249
14,4,Brian Hoyer,36,2,131
23,0,Case Keenum,38,1,335
21,1,Andy Dalton,30,0,249
8,1,Sean Canfield,14,1,68
5,0,Lyle Moevao,9,0,40
17,2,Chris Turner,29,2,205
8,1,Wesley Carroll,18,0,39
0,0,Mike Henig,2,0,0
10,3,Kyle Israel,24,0,88
19,1,Stephen McGee,31,0,164
15,1,Anthony Morelli,31,1,143
29,1,Riley Skinner,38,1,268
13,1,Tyler Lorenzen,26,0,98
0,0,Dennis Brown,3,0,0
19,1,John Parker Wilson,32,3,256
24,2,Cody Hawkins,39,3,322
16,0,Kevin Riley,19,3,269
5,0,Nate Longshore,8,0,36
5,0,Shaun Carney,8,1,68
4,0,Shea Smith,12,0,45
14,0,Cullen Harper,33,0,104
25,1,Brandon Cox,39,0,211
1,0,Kodi Burns,4,1,22
7,1,Calvin Booker,15,1,116
9,0,Taylor Bennett,15,1,91
1,0,Josh Nesbitt,2,0,11
23,0,Tom Brandstater,30,1,285
0,0,Clifton Smith,1,0,0
32,1,Andre Woodson,50,4,358
22,2,Drew Weatherford,48,1,276
0,0,Preston Parker,1,0,0
24,1,Zac Robinson,34,3,302
22,0,Kellen Lewis,43,2,204
1,0,Andrew Means,1,0,16
18,2,Matt Grothe,35,1,197
6,2,Grant Gregory,11,1,39
0,0,Anthony Severino,1,0,0
17,0,Justin Roper,30,4,180
17,0,Tim Tebow,33,3,154
1,0,Chas Henry,1,0,15
25,2,Chad Henne,39,3,373
14,1,Matthew Stafford,23,1,175
0,0,Joe Cox,4,0,0
22,3,Colton Brennan,38,0,169
13,1,Tyler Graunke,19,1,142
12,1,Chase Daniel,29,0,136
19,1,Casey Dick,32,0,197
0,0,Peyton Hillis,1,0,0
25,0,Erik Ainge,43,2,365
14,1,Tyler Donovan,24,1,155
0,0,Allan Evridge,1,0,0
25,1,John David Booty,37,3,255
1,0,Garrett Green,1,1,34
21,2,Juice Williams,35,0,245
1,0,Eddie McGee,1,1,56
14,0,Jameel Sewell,23,1,78
3,0,Peter Lalich,5,1,18
44,0,Graham Harrell,69,3,407
21,1,Sam Bradford,33,2,242
10,0,Patrick White,19,2,176
13,2,Sean Glennon,28,1,160
1,1,Demetrius Taylor,3,0,11
20,1,Todd Reesing,37,1,227
1,0,Brandon McAnderson,1,0,22
16,1,Mike Teel,25,3,303
0,0,Mason Robinson,1,0,0
25,0,Nate Davis,49,3,292
27,0,Paul Smith,45,5,312
1,0,Paul Jurado,1,0,8
1,0,Tarrion Adams,1,1,4
14,0,Tyler Sheehan,19,0,141
6,0,Anthony Glaud,8,0,42
19,1,Matt Flynn,27,4,174
15,2,Todd Boeckman,26,2,208