longest reception, name, receiving conversions, receiving touchdowns, receiving yards, receptions, targets
27,Amani Toomer,0,0,134,9,
22,Ike Hilliard,0,0,65,5,
20,Jeremy Shockey,0,0,44,3,
18,Ron Dixon,0,0,40,3,
12,Tiki Barber,0,0,37,5,
9,Sean Bennett,0,0,9,1,
9,Dan Campbell,0,0,9,1,
4,Ron Dayne,0,0,4,1,
38,Eric Johnson,0,0,44,3,
33,Terrell Owens,0,0,41,4,
15,JJ Stokes,0,0,37,3,
29,Kevan Barlow,0,0,34,3,
9,Garrison Hearst,0,1,10,2,
0,Fred Beasley,0,0,0,1,
52,Eric Moulds,0,1,112,8,
19,Peerless Price,0,0,80,7,
14,Josh Reed,0,0,33,3,
11,Travis Henry,0,0,29,6,
11,Jay Riemersma,0,0,11,1,
6,Larry Centers,0,0,6,1,
21,Wayne Chrebet,0,1,58,5,
21,Anthony Becht,1,1,36,4,
16,Curtis Martin,0,0,35,5,
10,Laveranues Coles,0,0,32,4,
9,Richie Anderson,0,0,19,3,
17,Santana Moss,0,0,17,1,
7,LaMont Jordan,0,0,7,1,
6,Chad Morton,0,0,6,1,
15,Steve Smith,0,0,38,4,
20,Wesley Walls,0,1,38,2,
33,Muhsin Muhammad,0,0,37,2,
9,Kris Mangum,0,0,14,2,
12,Brad Hoover,0,0,12,1,
-3,Nick Goings,0,0,-3,1,
22,Brandon Stokley,0,0,83,6,
36,Travis Taylor,0,0,53,2,
16,Jamal Lewis,0,0,33,4,
14,Ron Johnson,0,1,22,2,
5,Todd Heap,0,0,20,5,
7,Alan Ricard,0,0,7,1,
54,Marty Booker,0,1,198,8,
20,Dez White,0,0,46,4,
9,Anthony Thomas,0,0,22,4,
10,John Davis,0,0,10,1,
10,Marcus Robinson,0,0,10,1,
9,David Terrell,0,1,9,1,
2,Leon Johnson,0,0,2,1,
61,Byron Chamberlain,0,0,61,1,
20,Jimmy Kleinsasser,0,0,58,5,
33,Randy Moss,0,1,58,6,
46,D Wayne Bates,0,0,50,2,
11,Derrick Alexander,0,0,11,1,
-4,Moe Williams,0,0,-4,1,
51,Danny Farmer,0,0,54,2,
12,Peter Warrick,0,0,35,4,
16,TJ Houshmandzadeh,0,0,27,2,
14,Ron Dugans,0,0,23,2,
14,Corey Dillon,0,0,22,3,
13,Michael Westbrook,0,0,20,2,
9,Brandon Bennett,0,0,9,1,
4,Nicolas Luchey,0,0,4,1,
4,Lorenzo Neal,0,0,4,1,
24,Tim Dwight,0,0,45,3,
30,LaDainian Tomlinson,0,0,45,3,
12,Curtis Conway,0,1,39,5,
25,Fred McCrary,0,0,30,3,
1,Josh Norman,0,1,1,1,
44,Quincy Morgan,0,2,151,9,
25,Kevin Johnson,0,0,96,8,
43,Dennis Northcutt,0,1,43,1,
18,Mark Campbell,0,0,27,2,
12,Jamel White,0,0,20,3,
5,Andre Davis,0,1,14,3,
5,Andre King,0,0,8,2,
64,Eddie Kennison,0,0,120,4,
30,Tony Gonzalez,0,1,87,5,
23,Tony Richardson,0,0,26,2,
14,Priest Holmes,0,0,19,6,
15,Johnnie Morton,0,0,15,1,
5,Mike Cloud,0,0,5,1,
4,Dante Hall,0,0,4,1,
27,Ed McCaffrey,0,1,50,2,
19,Olandis Gary,0,0,48,5,
16,Rod Smith,0,1,47,5,
14,Shannon Sharpe,0,0,31,3,
15,Mike Anderson,0,0,20,2,
6,Dwayne Carswell,0,0,6,1,
10,Marshall Faulk,0,0,91,14,
36,Torry Holt,0,0,91,5,
27,Isaac Bruce,0,0,60,5,
43,Ernie Conwell,0,0,50,3,
8,Ricky Proehl,0,0,15,2,
4,Yo Murphy,0,0,4,1,
2,Trung Canidate,0,0,2,1,
2,Chris Hetherington,0,0,2,1,
18,Donald Driver,0,0,78,7,
42,Terry Glenn,0,0,60,2,
18,Javon Walker,0,1,56,4,
19,Ahman Green,0,0,42,6,
17,William Henderson,0,0,23,2,
11,Rondell Mealey,0,0,11,1,
7,Bubba Franks,0,0,7,1,
4,David Martin,0,1,7,2,
29,Willie Jackson,0,0,73,4,
55,Bob Christian,0,0,55,1,
28,Shawn Jefferson,0,0,28,1,
12,Brian Finneran,0,0,20,2,
14,Warrick Dunn,0,0,19,4,
12,Alge Crumpler,0,1,14,2,
0,TJ Duckett,0,0,0,1,
23,Jimmy Smith,1,0,104,8,
23,Bobby Shaw,0,0,48,5,
13,Fred Taylor,0,0,35,4,
8,Pete Mitchell,0,1,22,3,
18,Pat Johnson,0,1,18,1,
1,Kyle Brady,0,0,1,1,
26,Qadry Ismail,0,2,84,6,
28,Reggie Wayne,0,0,35,2,
16,Marvin Harrison,0,1,34,4,
23,Marcus Pollard,0,0,34,3,
9,Edgerrin James,0,0,11,2,
9,Jermaine Wiggins,0,0,9,1,
4,Troy Walters,0,0,4,1,
24,Randy McMichael,0,1,73,4,
14,Robert Edwards,0,1,38,4,
20,Chris Chambers,0,1,36,3,
19,Rob Konrad,0,0,35,4,
10,Oronde Gadsden,0,0,18,2,
7,Dedric Ward,0,0,7,1,
21,Az Zahir Hakim,0,0,97,9,
49,Mikhael Ricks,0,0,68,3,
19,Aveion Cason,0,0,37,2,
13,Lamont Warren,0,1,13,1,
4,Larry Foster,0,0,4,1,
1,Cory Schlesinger,0,0,1,1,
26,Charlie Garner,0,1,64,5,
20,Tim Brown,0,1,46,4,
13,Jerry Rice,0,0,25,2,
18,Jerry Porter,0,0,18,1,
9,Tyrone Wheatley,0,0,18,3,
16,Roland Williams,0,0,16,1,
15,Randy Jordan,0,0,15,1,
7,Jon Ritchie,0,0,12,2,
11,Koren Robinson,0,0,39,5,
11,Shaun Alexander,0,1,36,6,
16,Bobby Engram,0,0,25,2,
14,Itula Mili,0,1,23,3,
11,Jerramy Stevens,0,0,18,3,
7,Darrell Jackson,0,0,7,3,
7,Mack Strong,0,0,7,1,
38,Keyshawn Johnson,0,0,76,5,
16,Keenan McCardell,0,1,63,6,
15,Mike Alstott,0,0,48,4,
13,Joe Jurevicius,0,1,37,4,
13,Michael Pittman,0,0,31,5,
10,Todd Yoder,0,0,10,1,
5,Ken Dilger,0,0,7,2,
6,Travis Stephens,0,0,6,1,
26,Joe Horn,0,0,108,8,
41,Donte Stallworth,0,1,63,4,
32,Boo Williams,0,1,32,1,
13,Jerome Pathon,0,0,15,2,
12,JaReed,0,0,12,1,
7,Deuce McAllister,0,0,12,4,
12,David Sloan,0,0,12,1,
3,Terrelle Smith,0,0,6,3,
39,Derrick Mason,0,0,109,7,
18,Frank Wycheck,0,0,47,3,
14,Eddie George,0,1,38,4,
25,Erron Kinney,0,0,25,1,
17,Robert Holcombe,0,0,17,2,
8,Drew Bennett,0,0,13,2,
6,Kevin Dyson,0,0,10,2,
6,John Simon,0,0,6,1,
2,Greg Comella,0,0,2,1,
2,Justin McCareins,0,1,2,1,
31,Antonio Freeman,0,0,54,3,
16,Duce Staley,0,1,47,5,
17,Todd Pinkston,0,0,37,3,
18,James Thrash,0,1,32,2,
18,Chad Lewis,0,1,28,3,
16,Dorsey Levens,0,0,14,2,
65,Corey Bradford,0,1,99,4,
19,Billy Miller,0,1,19,1,
10,James Allen,0,0,16,2,
8,Jermaine Lewis,0,0,8,1,
6,Jonathan Wells,0,0,6,1,
-3,Jabar Gaffney,0,0,-3,1,
31,Joey Galloway,0,0,69,6,
21,Antonio Bryant,0,0,47,4,
9,Emmitt Smith,0,0,12,2,
3,Troy Hambrick,0,0,3,1,
43,Rod Gardner,0,1,131,7,
9,Stephen Davis,0,0,46,7,
17,Derrius Thompson,0,1,45,4,
26,Kevin Lockett,0,1,34,3,
11,Kenny Watson,0,0,22,3,
19,Zeron Flemister,0,0,19,1,
13,Bryan Johnson,0,0,17,2,
13,Chris Doering,0,0,13,1,
34,David Boston,0,1,138,7,
18,MarTay Jenkins,0,0,18,1,
9,Joel Makovicka,0,0,14,2,
10,Freddie Jones,0,0,10,1,
10,Thomas Jones,0,0,7,3,
22,Deion Branch,0,1,83,6,
37,David Patten,0,0,70,4,
40,Donald Hayes,0,1,54,3,
10,Cameron Cleeland,0,0,40,6,
19,Troy Brown,0,0,22,6,
11,Marc Edwards,0,0,11,1,
7,Christian Fauria,0,1,11,2,
3,JR Redmond,0,0,3,1,
17,Hines Ward,0,1,90,8,
27,Antwaan Randle El,0,0,87,6,
8,Mark Bruener,0,0,25,4,
10,Amos Zereoue,0,0,15,3,
11,Plaxico Burress,0,0,11,1,
9,Dan Kreider,0,0,9,1,
6,Chris Fuamatu Maafala,0,0,6,1,
4,Terance Mathis,0,0,4,1,
21,Brian Finneran,0,0,76,6,
10,Warrick Dunn,0,1,30,4,
12,Alge Crumpler,0,0,28,3,
14,Shawn Jefferson,0,0,14,1,
9,Bob Christian,0,0,9,1,
5,Willie Jackson,0,0,9,2,
17,Marty Booker,0,0,48,5,
37,John Davis,0,0,37,1,
19,Anthony Thomas,0,0,26,2,
14,David Terrell,0,1,14,1,
7,Fred Baxter,0,0,7,1,
7,Stanley Pritchett,0,0,7,1,
4,Dez White,0,0,4,1,
25,Brandon Stokley,0,0,57,4,
10,Jamal Lewis,0,0,38,5,
11,Todd Heap,0,0,20,3,
9,Travis Taylor,0,0,18,2,
7,John Jones,0,0,7,1,
1,Alan Ricard,0,0,1,1,
24,Michael Pittman,0,0,58,6,
22,Keyshawn Johnson,0,0,47,3,
16,Keenan McCardell,0,0,38,4,
16,Mike Alstott,0,0,25,5,
14,Joe Jurevicius,0,0,18,2,
14,Jameel Cook,0,0,14,1,
8,Aaron Stecker,0,0,11,3,
32,Muhsin Muhammad,0,1,107,8,
58,Lamar Smith,0,0,77,3,
44,Steve Smith,0,0,71,4,
20,Wesley Walls,0,0,20,1,
12,Brad Hoover,0,0,12,1,
9,Isaac Byrd,0,0,9,1,
8,Nick Goings,0,0,7,2,
7,Kris Mangum,0,0,7,1,
21,Scotty Anderson,0,0,31,2,
12,Mikhael Ricks,0,0,28,3,
14,Aveion Cason,0,0,24,2,
15,Az Zahir Hakim,0,0,15,1,
5,James Stewart,0,0,5,3,
3,Cory Schlesinger,0,0,3,1,
23,Kevin Johnson,0,1,50,4,
31,Quincy Morgan,0,0,42,2,
27,Jamel White,0,0,42,3,
15,Andre Davis,0,1,37,4,
12,Mark Campbell,0,0,19,2,
8,Steve Heiden,0,0,8,1,
0,Darnell Sanders,0,0,0,1,
14,Corey Dillon,0,0,67,8,
16,TJ Houshmandzadeh,0,0,58,5,
22,Chad Johnson,0,1,58,4,
16,Michael Westbrook,0,0,21,2,
14,Rudi Johnson,0,0,16,3,
6,Ron Dugans,0,0,9,2,
7,Lorenzo Neal,0,0,7,1,
3,Peter Warrick,0,0,3,1,
38,Joey Galloway,0,1,88,5,
44,Antonio Bryant,0,0,87,3,
17,Ken Yon Rambo,0,0,37,3,
17,Tony McGee,0,1,17,1,
7,Robert Thomas,0,0,7,1,
4,Emmitt Smith,0,0,4,1,
40,Derrick Mason,0,0,118,7,
18,Kevin Dyson,0,0,43,4,
15,Frank Wycheck,0,1,24,4,
9,Eddie George,0,0,21,3,
17,Greg Comella,0,0,19,2,
15,Justin McCareins,0,0,15,1,
12,Mike Green,0,0,12,1,
7,Drew Bennett,0,0,7,1,
33,Marvin Harrison,0,1,144,11,
20,Edgerrin James,0,0,82,8,
26,Troy Walters,0,0,25,2,
9,Qadry Ismail,0,0,21,3,
14,Reggie Wayne,0,0,17,2,
52,Ricky Williams,0,1,62,2,
26,Chris Chambers,0,0,57,4,
24,Randy McMichael,0,0,34,2,
11,Oronde Gadsden,0,0,14,2,
9,Rob Konrad,0,1,9,1,
6,Dedric Ward,0,0,6,1,
5,Robert Edwards,0,0,5,1,
51,Marc Boerigter,0,0,51,1,
17,Tony Gonzalez,0,1,34,3,
11,Priest Holmes,0,0,32,5,
17,Eddie Kennison,0,0,30,2,
18,Johnnie Morton,0,0,23,2,
12,Tony Richardson,0,0,12,1,
11,Jason Dunn,0,0,11,1,
6,Dante Hall,0,0,6,1,
79,Pat Johnson,0,1,97,4,
37,Jimmy Smith,0,1,83,5,
14,Kyle Brady,0,0,60,5,
14,Fred Taylor,0,0,45,6,
8,Pete Mitchell,0,0,15,2,
12,Stacey Mack,0,0,12,1,
4,Bobby Shaw,0,0,8,2,
31,Randy Moss,0,1,111,11,
29,D Wayne Bates,0,1,68,3,
11,Jimmy Kleinsasser,0,0,56,6,
17,Derrick Alexander,0,1,25,3,
16,Chris Walsh,0,0,21,2,
48,Peerless Price,0,2,185,13,
28,Josh Reed,0,1,110,8,
23,Eric Moulds,0,0,86,8,
14,Larry Centers,0,0,44,4,
28,Jay Riemersma,0,0,38,2,
40,Joe Horn,0,0,120,6,
34,Donte Stallworth,0,1,59,4,
20,David Sloan,0,0,20,1,
7,Jerome Pathon,0,1,12,2,
4,Deuce McAllister,0,0,4,1,
3,Terrelle Smith,0,0,2,2,
14,Terry Glenn,0,1,81,9,
18,Ahman Green,0,0,53,6,
26,Donald Driver,0,1,51,4,
27,Javon Walker,0,0,27,1,
13,Bubba Franks,0,0,13,1,
12,Robert Ferguson,0,0,12,1,
12,William Henderson,0,0,12,1,
9,Rondell Mealey,0,0,10,3,
7,Mike Wahle,0,0,7,1,
5,David Martin,0,0,4,2,
35,Santana Moss,0,0,35,1,
11,Anthony Becht,0,1,33,4,
33,Wayne Chrebet,0,0,33,1,
11,Richie Anderson,0,0,28,5,
21,Kevin Swayne,0,0,21,1,
11,LaMont Jordan,0,0,17,2,
12,Curtis Martin,0,0,15,3,
7,Jerald Sowell,0,0,7,1,
26,Troy Brown,0,0,94,9,
49,Deion Branch,0,1,65,3,
39,David Patten,0,0,65,4,
11,Kevin Faulk,0,0,14,2,
14,Donald Hayes,0,0,14,1,
6,Cameron Cleeland,0,1,11,3,
9,Marc Edwards,0,0,9,1,
3,Antowain Smith,0,0,3,1,
-6,Daniel Graham,0,0,-6,1,
34,Hines Ward,0,2,92,7,
15,Terance Mathis,0,0,38,3,
17,Antwaan Randle El,0,0,23,2,
11,Amos Zereoue,0,0,23,3,
10,Mark Bruener,0,0,10,1,
10,Plaxico Burress,0,0,10,1,
5,Jerome Bettis,0,0,5,1,
18,Jerry Rice,0,0,94,11,
14,Tim Brown,0,0,64,7,
21,Jerry Porter,0,1,62,6,
34,Charlie Garner,0,0,55,5,
14,Roland Williams,0,0,55,7,
24,Terry Kirby,0,0,41,4,
15,Doug Jolley,0,0,15,1,
12,Marcus Knight,0,0,12,1,
5,Jon Ritchie,0,0,5,1,
35,Curtis Conway,0,1,113,5,
9,Terrell Fletcher,0,0,19,3,
18,Josh Norman,0,0,18,2,
6,LaDainian Tomlinson,0,0,6,1,
4,Fred McCrary,0,0,4,1,
7,Stephen Alexander,0,0,3,3,
25,Jabar Gaffney,0,0,37,2,
24,Corey Bradford,0,0,24,1,
14,JaJuan Dawson,0,0,14,1,
7,Avion Black,0,0,7,1,
5,James Allen,0,0,5,1,
48,Darrell Jackson,0,0,174,10,
27,Koren Robinson,0,0,82,5,
11,Shaun Alexander,0,0,46,6,
11,Itula Mili,0,1,18,4,
11,Jerramy Stevens,0,0,16,2,
10,Mack Strong,0,0,10,1,
6,Maurice Morris,0,0,6,1,
20,David Boston,0,0,49,4,
11,Thomas Jones,0,0,18,2,
17,MarTay Jenkins,0,0,17,1,
10,Freddie Jones,0,0,10,1,
9,Steve Bush,0,0,9,1,
4,Frank Sanders,0,1,4,1,
15,Eric Johnson,0,0,69,7,
9,Terrell Owens,0,1,38,5,
11,Garrison Hearst,0,0,30,6,
11,JJ Stokes,0,0,28,4,
12,Fred Beasley,0,0,18,3,
13,Tai Streets,0,0,13,1,
9,Kevan Barlow,0,0,9,1,
16,Shannon Sharpe,0,0,52,5,
12,Rod Smith,0,0,22,3,
11,Olandis Gary,0,0,11,1,
11,Ashley Lelie,0,0,11,1,
6,Ed McCaffrey,0,0,11,2,
11,Scottie Montgomery,0,1,11,1,
1,Mike Anderson,0,1,1,1,
34,Torry Holt,0,0,88,6,
14,Isaac Bruce,0,0,79,8,
14,Marshall Faulk,0,0,36,7,
25,Ricky Proehl,0,1,31,2,
20,Ernie Conwell,0,0,20,1,
7,Brandon Manumaleuna,0,0,7,1,
5,Yo Murphy,0,0,5,1,
38,Ike Hilliard,0,0,97,4,
32,Amani Toomer,0,0,92,4,
28,Jeremy Shockey,0,1,50,4,
7,Tiki Barber,0,0,30,6,
23,Ron Dixon,0,0,23,1,
10,Sean Bennett,0,0,10,1,
5,Dan Campbell,0,0,5,2,
21,Rod Gardner,0,0,63,4,
7,Stephen Davis,0,0,23,6,
8,Bryan Johnson,0,0,14,2,
9,Derrius Thompson,0,0,9,1,
5,Kevin Lockett,0,0,5,1,
6,Kenny Watson,0,0,5,2,
39,James Thrash,0,1,107,6,
22,Duce Staley,0,0,57,7,
26,Todd Pinkston,0,0,36,3,
15,Antonio Freeman,0,0,35,3,
20,Brian Westbrook,0,0,20,1,
16,Jeff Thomason,0,1,18,2,
14,Chad Lewis,0,0,14,1,
6,Freddie Mitchell,0,0,6,1,
1,Cecil Martin,0,0,1,1,
-2,Dorsey Levens,0,0,-2,1,
65,MarTay Jenkins,0,1,70,2,
24,David Boston,0,0,57,3,
12,Freddie Jones,0,0,39,5,
31,Marcel Shipp,0,1,31,1,
13,Steve Bush,0,0,13,1,
6,Frank Sanders,1,0,11,2,
6,Thomas Jones,0,0,6,1,
2,Joel Makovicka,0,0,2,1,
21,Curtis Conway,0,0,92,7,
19,Stephen Alexander,0,0,44,3,
9,LaDainian Tomlinson,0,0,25,5,
16,Tim Dwight,0,0,16,1,
4,Terrell Fletcher,0,0,4,1,
20,Brian Finneran,0,2,77,6,
19,Willie Jackson,0,0,50,4,
16,Bob Christian,0,0,28,3,
15,Alge Crumpler,0,0,15,1,
3,Warrick Dunn,0,0,3,1,
1,Reggie Kelly,0,0,1,1,
15,TJ Houshmandzadeh,0,0,36,3,
16,Peter Warrick,0,0,34,4,
20,Chad Johnson,0,0,20,1,
7,Ron Dugans,0,0,18,4,
9,Corey Dillon,0,0,15,3,
6,Lorenzo Neal,0,0,7,2,
6,Matt Schobel,0,0,6,1,
22,Marty Booker,0,1,97,8,
20,Dez White,0,1,41,3,
14,John Davis,0,0,34,4,
9,Anthony Thomas,0,0,27,4,
9,Stanley Pritchett,0,0,16,2,
5,Marcus Robinson,0,0,7,2,
6,Dustin Lyman,0,0,6,1,
4,Fred Baxter,0,0,4,1,
4,David Terrell,0,0,4,1,
24,Jerome Pathon,0,1,71,5,
29,Donte Stallworth,0,1,43,4,
11,Joe Horn,0,1,42,6,
30,Deuce McAllister,0,0,42,4,
29,David Sloan,0,0,33,2,
2,Lamont Hall,0,0,2,1,
26,Rod Smith,0,1,94,7,
20,Ashley Lelie,0,0,36,2,
24,Ed McCaffrey,0,0,35,3,
22,Mike Anderson,0,0,26,2,
8,Scottie Montgomery,0,0,8,1,
4,Dwayne Carswell,0,1,5,2,
4,Clinton Portis,0,0,4,1,
3,Patrick Hape,0,0,3,1,
44,Eric Moulds,0,1,96,9,
42,Peerless Price,0,0,87,5,
24,Jay Riemersma,0,0,44,4,
16,Travis Henry,0,0,33,4,
8,Josh Reed,0,1,12,2,
10,Larry Centers,0,0,11,3,
52,James Stewart,0,1,56,2,
39,Lamont Warren,0,1,43,3,
12,Az Zahir Hakim,0,0,41,5,
14,Scotty Anderson,0,0,21,2,
9,Cory Schlesinger,0,0,14,2,
7,Mikhael Ricks,0,0,7,1,
25,Donald Driver,0,1,94,5,
19,Bubba Franks,0,1,62,9,
24,Terry Glenn,0,0,55,4,
37,Robert Ferguson,0,1,45,2,
13,Najeh Davenport,0,0,31,4,
11,Rondell Mealey,0,0,24,3,
20,Javon Walker,0,0,20,1,
11,Tony Fisher,0,0,11,1,
10,Karsten Bailey,0,0,10,1,
5,David Martin,0,0,5,1,
36,Randy McMichael,0,1,79,5,
17,Chris Chambers,0,0,33,4,
23,Oronde Gadsden,0,0,23,1,
13,Ricky Williams,0,0,23,2,
12,Dedric Ward,0,0,17,2,
6,Rob Konrad,0,0,6,1,
4,Robert Edwards,0,0,4,1,
18,Wayne Chrebet,0,0,64,5,
8,Richie Anderson,0,0,28,4,
21,Anthony Becht,0,0,21,1,
13,Curtis Martin,0,0,20,2,
9,Laveranues Coles,0,0,14,2,
11,LaMont Jordan,0,0,10,2,
36,Moe Williams,0,0,66,4,
19,D Wayne Bates,0,0,50,4,
24,Michael Bennett,0,0,33,3,
6,Randy Moss,0,0,16,4,
12,Derrick Alexander,0,0,12,1,
5,Hunter Goodwin,0,0,10,2,
4,Chris Walsh,0,1,4,1,
32,Steve Smith,0,1,81,5,
25,Muhsin Muhammad,0,0,63,6,
20,Wesley Walls,0,0,36,4,
19,Isaac Byrd,0,0,19,1,
7,Lamar Smith,0,0,12,2,
6,Brad Hoover,0,0,10,2,
38,Troy Brown,0,1,176,16,
38,David Patten,0,1,108,7,
11,Deion Branch,0,0,33,6,
13,Marc Edwards,0,0,29,4,
23,Kevin Faulk,0,1,23,1,
18,Daniel Graham,0,1,18,1,
8,Donald Hayes,0,0,10,2,
8,Christian Fauria,0,0,8,1,
5,Cameron Cleeland,0,0,5,1,
30,Johnnie Morton,0,0,44,2,
15,Eddie Kennison,0,2,41,4,
9,Priest Holmes,0,1,18,5,
17,Tony Gonzalez,0,0,17,1,
12,Dante Hall,0,0,12,1,
5,Tony Richardson,0,0,10,2,
7,Billy Baber,0,0,7,1,
49,Amani Toomer,0,0,100,4,
33,Tiki Barber,0,0,59,7,
18,Ike Hilliard,0,0,54,4,
21,Jeremy Shockey,0,0,48,4,
11,Charles Stackhouse,0,0,11,1,
8,Ron Dayne,0,0,8,1,
6,Sean Bennett,0,0,6,1,
-4,Ron Dixon,0,0,-4,1,
14,Darrell Jackson,0,0,54,7,
17,Bobby Engram,0,0,39,3,
8,Shaun Alexander,0,0,8,2,
7,Koren Robinson,0,0,7,1,
5,Jerramy Stevens,0,0,5,1,
3,Mack Strong,0,0,5,2,
59,Antonio Freeman,0,1,118,6,
35,James Thrash,0,1,80,6,
25,Todd Pinkston,0,2,48,5,
9,Duce Staley,0,0,24,3,
8,Chad Lewis,0,0,21,3,
13,Brian Westbrook,0,0,13,1,
8,Mike Bartrum,0,0,8,1,
-3,Dorsey Levens,0,0,-3,1,
19,Joey Galloway,0,0,70,7,
15,Antonio Bryant,0,0,35,4,
17,Emmitt Smith,0,0,31,2,
19,Tony McGee,0,0,27,2,
11,Darnay Scott,0,0,23,3,
9,Reggie Swinton,0,0,15,3,
17,Terrell Owens,0,0,33,2,
11,Tai Streets,0,0,27,3,
11,Garrison Hearst,0,0,25,3,
7,Eric Johnson,0,0,20,3,
9,JJ Stokes,0,0,20,4,
25,Zeron Flemister,0,1,57,3,
18,Rock Cartwright,0,0,29,2,
10,Stephen Davis,0,0,26,4,
15,Derrius Thompson,0,0,21,2,
14,Ladell Betts,0,0,19,2,
16,Rod Gardner,0,0,16,1,
9,Jacquez Green,0,0,11,2,
8,Bryan Johnson,0,0,4,2,
14,Eddie George,0,0,35,5,
16,Derrick Mason,0,0,31,3,
12,John Simon,0,1,15,2,
7,Greg Comella,0,0,13,2,
7,Kevin Dyson,0,1,7,1,
6,Frank Wycheck,0,0,6,2,
31,Andre Davis,0,2,99,5,
28,Kevin Johnson,0,0,90,9,
17,Quincy Morgan,0,0,40,5,
9,Jamel White,0,0,38,9,
11,Dennis Northcutt,0,1,24,3,
6,Mark Campbell,0,0,11,2,
11,Steve Heiden,0,0,11,1,
8,Aaron Shea,0,0,8,1,
5,William Green,0,0,5,1,
12,JaJuan Dawson,0,0,32,3,
11,James Allen,0,0,25,3,
14,Avion Black,0,0,14,1,
9,Jonathan Wells,0,0,14,2,
6,Jabar Gaffney,0,0,8,2,
6,Corey Bradford,0,0,6,1,
26,Marvin Harrison,0,0,110,8,
43,Reggie Wayne,0,1,53,3,
42,Qadry Ismail,0,1,39,2,
9,Edgerrin James,0,0,29,4,
19,Marcus Pollard,0,0,25,2,
8,Joe Dean Davenport,0,0,8,1,
8,Jermaine Wiggins,0,0,8,1,
21,Keyshawn Johnson,0,0,59,4,
9,Ken Dilger,0,0,38,5,
17,Keenan McCardell,0,0,28,3,
10,Michael Pittman,0,0,28,6,
16,Todd Yoder,0,0,16,1,
9,Rickey Dudley,0,1,15,2,
10,Mike Alstott,0,0,10,1,
5,Karl Williams,0,0,5,1,
25,Torry Holt,0,0,139,12,
22,Isaac Bruce,0,0,43,4,
13,Ricky Proehl,0,0,31,4,
23,Marshall Faulk,0,0,27,2,
14,Ernie Conwell,0,0,20,2,
8,Lamar Gordon,0,0,15,2,
8,Yo Murphy,0,0,11,2,
10,Terrence Wilkins,0,0,10,1,
5,Trung Canidate,0,0,5,1,
12,Marcel Shipp,0,1,39,5,
23,Freddie Jones,0,0,34,5,
8,MarTay Jenkins,0,0,33,6,
16,Frank Sanders,0,0,28,3,
14,David Boston,0,0,18,2,
14,Bryan Gilmore,0,0,14,1,
2,Jake Plummer,0,0,2,1,
22,Ike Hilliard,0,0,56,4,
23,Jeremy Shockey,0,0,56,4,
12,Tiki Barber,0,0,48,6,
12,Amani Toomer,0,0,32,4,
7,Sean Bennett,0,0,7,1,
35,Eric Moulds,0,1,124,8,
29,Jay Riemersma,0,0,46,4,
26,Travis Henry,0,1,41,3,
17,Larry Centers,0,0,39,4,
19,Dave Moore,0,1,38,3,
14,Josh Reed,0,0,16,2,
8,Peerless Price,0,1,15,3,
9,Shawn Bryson,0,0,9,1,
33,Marty Booker,0,0,82,4,
12,Marcus Robinson,0,0,30,5,
23,Dez White,0,0,28,2,
12,David Terrell,0,1,23,3,
6,John Davis,0,1,14,3,
6,Anthony Thomas,0,0,11,2,
24,Peter Warrick,0,0,51,4,
10,Brandon Bennett,0,0,27,4,
10,TJ Houshmandzadeh,0,0,20,2,
15,Nicolas Luchey,0,0,15,1,
4,Matt Schobel,0,0,4,1,
65,Keenan McCardell,0,1,108,4,
15,Keyshawn Johnson,0,0,56,5,
35,Rickey Dudley,0,1,35,1,
22,Ken Dilger,0,1,33,2,
17,Michael Pittman,0,0,27,5,
12,Joe Jurevicius,0,0,12,1,
6,Mike Alstott,0,0,6,1,
52,Az Zahir Hakim,0,0,98,3,
38,Bill Schroeder,0,1,78,7,
15,Larry Foster,0,0,37,3,
34,Mikhael Ricks,0,0,34,1,
12,Cory Schlesinger,0,0,25,3,
5,James Stewart,0,0,-5,3,
28,Joe Horn,0,0,87,6,
17,Deuce McAllister,0,0,67,8,
16,Jerome Pathon,0,1,55,6,
24,JaReed,0,0,40,2,
9,Donte Stallworth,0,1,14,3,
6,David Sloan,0,0,6,1,
0,Terrelle Smith,0,0,0,1,
31,Donald Driver,0,2,97,5,
20,Robert Ferguson,0,0,58,5,
15,Bubba Franks,0,0,33,4,
17,Terry Glenn,0,0,17,1,
10,Karsten Bailey,0,0,16,2,
8,Ahman Green,0,0,8,1,
2,Najeh Davenport,0,0,2,1,
61,Steve Smith,0,0,116,5,
31,Karl Hankton,0,0,31,1,
31,Brad Hoover,0,0,31,1,
11,Kris Mangum,0,0,17,2,
7,Lamar Smith,0,0,7,1,
72,Fred Taylor,0,0,95,3,
16,Bobby Shaw,0,0,28,2,
19,Kyle Brady,0,0,19,1,
10,Jimmy Smith,0,0,10,1,
8,Stacey Mack,0,0,8,1,
8,Pete Mitchell,0,0,8,1,
5,Chris Luzar,0,0,5,1,
22,Laveranues Coles,0,0,97,8,
24,Wayne Chrebet,0,0,42,2,
27,LaMont Jordan,0,0,42,3,
31,Jerald Sowell,0,0,31,1,
13,Anthony Becht,0,0,25,2,
18,Kevin Swayne,0,0,25,2,
13,Tory Woodbury,0,0,13,1,
3,Richie Anderson,0,0,6,2,
42,Tony Gonzalez,0,3,140,7,
24,Priest Holmes,0,0,63,6,
46,Eddie Kennison,0,0,57,2,
13,Johnnie Morton,0,1,39,4,
14,Dante Hall,0,0,21,3,
5,Tony Richardson,0,0,5,1,
3,Billy Baber,0,1,3,1,
38,Chris Chambers,0,0,102,6,
21,Oronde Gadsden,0,0,69,4,
29,Ricky Williams,0,0,60,7,
9,Rob Konrad,0,1,28,4,
13,Randy McMichael,0,0,18,2,
10,Robert Edwards,0,0,15,3,
10,James McKnight,0,0,10,1,
4,Dedric Ward,0,0,8,2,
34,Todd Pinkston,0,0,70,6,
57,Brian Dawkins,0,1,57,1,
38,James Thrash,0,1,45,2,
15,Duce Staley,0,0,39,3,
14,Chad Lewis,1,0,31,5,
16,Cecil Martin,0,0,29,3,
8,Dorsey Levens,0,0,15,2,
14,Antonio Freeman,0,0,14,1,
13,Jeff Thomason,0,0,13,1,
3,Brian Westbrook,0,0,3,1,
29,Corey Bradford,0,2,97,7,
17,Jabar Gaffney,0,0,49,5,
12,Billy Miller,0,0,22,2,
12,James Allen,0,0,20,2,
29,Hines Ward,0,0,104,9,
21,Plaxico Burress,0,1,84,7,
20,Antwaan Randle El,0,0,51,5,
12,Terance Mathis,0,0,25,3,
3,Amos Zereoue,0,0,3,1,
-2,Mark Bruener,0,0,-2,1,
15,Dennis Northcutt,0,0,38,4,
30,Andre Davis,0,0,36,2,
8,Kevin Johnson,0,0,23,3,
18,Aaron Shea,0,0,22,2,
8,Jamel White,0,0,14,3,
8,Mark Campbell,0,0,11,2,
75,Jerry Rice,0,1,144,7,
41,Tim Brown,0,1,90,6,
17,Charlie Garner,0,1,60,6,
25,Jerry Porter,0,1,35,2,
10,Roland Williams,0,0,18,2,
10,Doug Jolley,0,0,16,2,
5,Terry Kirby,0,0,9,2,
5,Jon Ritchie,0,0,5,1,
4,Randy Jordan,0,0,4,1,
32,Derrick Mason,0,0,99,6,
21,Drew Bennett,0,1,75,6,
49,Justin McCareins,0,1,57,2,
14,Kevin Dyson,0,0,51,7,
21,John Simon,0,0,50,4,
10,Frank Wycheck,0,0,32,4,
21,Mike Green,0,0,21,1,
10,Eddie George,0,0,13,2,
52,Curtis Conway,0,1,69,3,
8,LaDainian Tomlinson,0,0,20,4,
11,Tim Dwight,0,0,11,1,
2,Fred McCrary,0,0,4,2,
18,Deion Branch,0,0,128,13,
26,David Patten,0,0,95,7,
24,Christian Fauria,0,1,39,4,
12,Donald Hayes,0,0,23,2,
15,Daniel Graham,0,0,20,2,
9,Marc Edwards,0,0,18,2,
13,Kevin Faulk,0,0,15,2,
7,Antowain Smith,0,0,12,2,
2,JR Redmond,0,0,2,1,
1,Mike Vrabel,0,1,1,1,
80,Shaun Alexander,0,1,92,3,
26,Darrell Jackson,0,0,47,3,
38,Bobby Engram,0,0,38,1,
12,Koren Robinson,0,0,35,5,
10,Jerramy Stevens,0,0,10,1,
20,Moe Williams,0,0,77,7,
16,Randy Moss,0,0,50,6,
20,Michael Bennett,0,0,44,4,
14,Byron Chamberlain,0,0,29,3,
10,D Wayne Bates,0,0,27,3,
12,Derrick Alexander,0,0,24,4,
16,Chris Walsh,0,0,22,2,
21,Torry Holt,0,0,106,9,
17,Marshall Faulk,0,0,67,8,
21,Isaac Bruce,0,1,52,3,
25,Ernie Conwell,0,0,33,2,
11,Ricky Proehl,0,0,18,2,
3,Yo Murphy,0,0,3,1,
34,Antonio Bryant,0,0,47,3,
10,James Whalen,0,0,38,5,
13,Joey Galloway,0,0,27,4,
17,Darnay Scott,0,1,23,2,
15,Michael Wiley,0,0,23,3,
15,Robert Thomas,0,0,21,3,
6,Ken Yon Rambo,0,0,11,2,
8,Emmitt Smith,0,0,8,1,
6,Troy Hambrick,0,0,6,3,
33,Todd Heap,0,2,84,5,
32,Brandon Stokley,0,0,35,2,
11,Jamal Lewis,0,0,21,4,
8,Travis Taylor,0,0,8,1,
4,John Jones,0,0,4,1,
13,Ed McCaffrey,0,0,90,8,
13,Shannon Sharpe,0,0,75,9,
24,Rod Smith,0,0,61,5,
17,Clinton Portis,0,0,30,3,
9,Dwayne Carswell,0,0,24,3,
15,Ashley Lelie,0,0,24,2,
8,Olandis Gary,0,0,14,2,
4,Mike Anderson,0,0,8,2,
2,Patrick Hape,0,1,2,1,
15,Brian Finneran,0,0,61,5,
20,TJ Duckett,0,0,34,3,
19,Shawn Jefferson,0,0,32,2,
14,Brian Kozlowski,0,0,17,2,
16,Willie Jackson,0,0,16,1,
8,Warrick Dunn,0,0,13,2,
9,Alge Crumpler,0,0,9,1,
5,Reggie Kelly,0,0,5,1,
76,Keyshawn Johnson,0,1,131,6,
30,Keenan McCardell,0,0,83,6,
19,Joe Jurevicius,0,0,19,1,
13,Jameel Cook,0,0,13,1,
7,Michael Pittman,0,0,9,2,
6,Mike Alstott,0,0,6,1,
54,Peerless Price,0,1,126,7,
22,Eric Moulds,0,0,112,8,
38,Josh Reed,0,0,59,3,
16,Travis Henry,0,0,47,7,
25,Larry Centers,0,0,30,2,
13,Dave Moore,0,1,26,4,
17,Jay Riemersma,0,0,17,1,
36,Jerry Porter,0,1,117,7,
69,Charlie Garner,0,1,83,4,
33,Jerry Rice,0,1,77,4,
21,Tim Brown,0,0,55,4,
14,Roland Williams,0,0,14,1,
7,Jon Ritchie,0,0,7,1,
4,Terry Kirby,0,0,4,2,
31,Steve Smith,0,0,79,5,
31,Isaac Byrd,0,1,77,5,
11,Lamar Smith,0,0,17,5,
5,Wesley Walls,0,0,9,2,
8,Brad Hoover,0,0,8,1,
3,Dee Brown,0,0,6,2,
37,Frank Sanders,0,0,70,4,
16,David Boston,0,0,43,3,
12,Damien Anderson,0,0,36,3,
17,MarTay Jenkins,0,0,28,2,
15,Freddie Jones,0,1,28,3,
7,Joel Makovicka,0,0,16,3,
43,Dennis Northcutt,0,2,165,8,
29,Andre Davis,0,0,73,5,
22,Quincy Morgan,0,0,68,5,
13,Kevin Johnson,0,0,36,4,
16,Jamel White,0,0,36,4,
7,Mark Campbell,0,1,9,2,
9,Aaron Shea,0,0,9,1,
35,Brandon Stokley,0,2,78,4,
17,Todd Heap,0,0,53,4,
21,Travis Taylor,0,0,41,4,
8,Jamal Lewis,0,0,26,5,
5,Alan Ricard,0,0,5,1,
5,Chester Taylor,0,0,5,1,
33,Joey Galloway,0,0,109,8,
33,James Whalen,0,0,33,1,
25,Michael Wiley,0,0,31,2,
14,Tony McGee,0,0,27,4,
16,Reggie Swinton,0,0,22,2,
12,Emmitt Smith,0,0,15,2,
9,Antonio Bryant,0,1,14,2,
10,Darnay Scott,0,0,10,1,
1,Troy Hambrick,0,0,1,1,
56,Amani Toomer,0,1,98,5,
18,Ike Hilliard,0,1,38,3,
20,Dan Campbell,0,0,30,3,
9,Tiki Barber,0,0,29,4,
17,Marcellus Rivers,0,1,17,1,
11,Jeremy Shockey,0,0,11,1,
5,Sean Bennett,0,0,5,1,
69,Ed McCaffrey,0,1,113,6,
34,Rod Smith,0,0,83,6,
12,Shannon Sharpe,0,0,39,4,
15,Olandis Gary,0,0,31,3,
9,Clinton Portis,0,1,17,2,
8,Ashley Lelie,0,0,13,2,
11,Scottie Montgomery,0,0,11,1,
7,Patrick Hape,0,0,7,1,
2,Reuben Droughns,0,0,2,1,
17,Curtis Conway,0,1,68,6,
30,Tim Dwight,0,0,68,5,
10,LaDainian Tomlinson,0,0,49,7,
8,Josh Norman,0,0,27,4,
9,Fred McCrary,0,0,12,2,
8,Stephen Alexander,0,0,8,1,
3,Reche Caldwell,0,0,3,1,
69,Marvin Harrison,0,1,145,9,
12,Qadry Ismail,0,0,42,6,
14,Detron Smith,0,0,14,1,
10,Joe Dean Davenport,0,0,10,1,
6,Edgerrin James,0,0,10,3,
3,Marcus Pollard,0,1,3,1,
17,Chad Johnson,0,0,72,6,
30,Peter Warrick,0,1,54,4,
12,Ron Dugans,0,0,48,7,
10,Corey Dillon,0,0,21,6,
16,TJ Houshmandzadeh,0,0,16,1,
11,Matt Schobel,0,0,15,2,
6,Lorenzo Neal,0,0,11,2,
4,Brandon Bennett,0,0,7,3,
47,Jimmy Smith,0,0,91,4,
17,Pat Johnson,0,0,39,3,
32,Kyle Brady,0,1,34,2,
10,Pete Mitchell,0,0,18,2,
8,Fred Taylor,1,0,15,2,
22,James Thrash,0,0,68,5,
14,Chad Lewis,0,1,47,6,
15,Duce Staley,0,0,35,6,
11,Antonio Freeman,0,1,28,4,
10,Todd Pinkston,0,0,21,4,
11,Brian Westbrook,0,0,17,2,
14,Jeff Thomason,0,0,14,1,
17,Chris Chambers,0,1,62,6,
35,James McKnight,0,0,35,1,
17,Oronde Gadsden,0,0,27,2,
18,Randy McMichael,0,1,26,3,
13,Rob Konrad,0,0,14,2,
14,Dedric Ward,0,0,14,1,
10,Robert Edwards,0,0,10,1,
2,Ricky Williams,0,0,2,1,
34,David Patten,0,2,102,5,
24,Deion Branch,0,0,61,4,
16,Kevin Faulk,0,0,27,3,
18,Christian Fauria,0,0,18,1,
12,Cameron Cleeland,0,0,12,1,
9,Marc Edwards,0,0,9,1,
7,Donald Hayes,0,0,7,1,
4,Antowain Smith,0,0,4,1,
64,Jerome Pathon,0,1,79,2,
21,Joe Horn,0,0,68,5,
13,JaReed,0,0,22,2,
17,Deuce McAllister,0,0,20,2,
8,Michael L Lewis,0,0,8,1,
8,David Sloan,0,0,8,1,
54,Amos Zereoue,0,0,84,3,
22,Plaxico Burress,0,1,59,4,
22,Antwaan Randle El,0,0,48,5,
21,Hines Ward,1,1,45,5,
14,Terance Mathis,0,1,20,2,
7,Mark Bruener,0,0,12,3,
21,Laveranues Coles,0,0,116,8,
27,Santana Moss,0,1,57,4,
24,Kevin Swayne,0,0,32,2,
13,Curtis Martin,0,0,25,4,
4,Richie Anderson,0,0,5,3,
2,Anthony Becht,0,1,2,1,
19,Priest Holmes,0,1,81,9,
60,Dante Hall,0,1,66,2,
19,Johnnie Morton,0,0,56,4,
25,Eddie Kennison,0,0,45,2,
11,Tony Gonzalez,0,0,25,4,
15,Tony Richardson,0,0,23,2,
23,Terrell Owens,0,0,89,7,
51,JJ Stokes,0,1,64,2,
13,Eric Johnson,0,0,23,2,
6,Garrison Hearst,0,0,17,4,
9,Tai Streets,0,0,17,2,
4,Fred Beasley,0,0,4,1,
25,Lamar Gordon,0,1,51,3,
21,Ricky Proehl,0,0,41,4,
18,Torry Holt,0,0,38,3,
18,Marshall Faulk,0,0,37,7,
15,Isaac Bruce,0,0,32,4,
25,Brandon Manumaleuna,0,0,30,2,
15,Frank Wycheck,0,0,79,9,
31,Erron Kinney,0,0,43,2,
16,Justin McCareins,0,0,35,3,
13,Kevin Dyson,0,0,33,3,
14,Drew Bennett,0,0,26,2,
8,John Simon,0,1,15,2,
6,Eddie George,0,0,14,3,
21,Rod Gardner,0,1,81,5,
23,Kevin Lockett,0,1,58,4,
44,Jacquez Green,0,0,44,1,
15,Chris Doering,0,0,34,4,
23,Bryan Johnson,0,0,28,3,
11,Zeron Flemister,0,0,22,2,
14,Stephen Davis,0,1,14,1,
6,Kenny Watson,0,0,12,2,
31,Marty Booker,0,1,141,12,
52,David Terrell,0,0,77,3,
23,Dez White,0,0,70,6,
21,John Davis,0,2,33,3,
21,Dustin Lyman,0,0,21,1,
9,Marcus Robinson,0,0,9,1,
2,Anthony Thomas,0,0,2,1,
49,Terry Glenn,0,0,154,8,
85,Donald Driver,0,1,120,4,
19,Tyrone Davis,0,1,30,2,
17,Javon Walker,0,0,24,2,
14,Ahman Green,0,0,21,4,
5,Bubba Franks,0,1,5,1,
5,William Henderson,0,0,5,1,
19,Chad Johnson,0,0,71,7,
23,TJ Houshmandzadeh,0,0,56,4,
9,Ron Dugans,0,0,31,4,
11,Corey Dillon,0,0,19,2,
15,Brandon Bennett,0,0,15,1,
12,Matt Schobel,0,0,12,1,
6,Peter Warrick,0,0,9,2,
5,Lorenzo Neal,0,0,5,1,
4,Danny Farmer,0,0,4,1,
36,Plaxico Burress,0,0,149,8,
25,Antwaan Randle El,0,0,25,1,
12,Hines Ward,0,0,24,4,
7,Amos Zereoue,0,0,14,2,
4,Dan Kreider,0,1,4,1,
80,Joey Galloway,0,1,104,3,
24,Antonio Bryant,0,1,45,3,
10,Darnay Scott,0,0,26,3,
15,Ken Yon Rambo,0,0,21,2,
12,Tony McGee,0,0,12,1,
9,Robert Thomas,0,0,9,1,
7,Emmitt Smith,0,0,7,1,
1,Michael Wiley,0,0,1,1,
24,Muhsin Muhammad,0,0,82,6,
22,Karl Hankton,0,0,38,2,
12,Steve Smith,0,0,31,4,
25,Brad Hoover,0,1,25,1,
8,Nick Goings,0,0,8,1,
7,Kris Mangum,0,0,7,1,
7,Lamar Smith,0,0,7,1,
16,Rod Smith,0,0,88,9,
21,Clinton Portis,0,0,67,6,
22,Ed McCaffrey,0,0,61,5,
52,Mike Anderson,0,1,53,2,
30,Ashley Lelie,0,0,41,2,
13,Shannon Sharpe,0,0,25,3,
29,Oronde Gadsden,0,0,77,5,
26,Randy McMichael,0,0,62,5,
22,Dedric Ward,0,0,30,2,
16,Ricky Williams,0,0,30,4,
7,Rob Konrad,0,0,13,2,
-2,Robert Edwards,0,0,-2,1,
39,Marvin Harrison,0,0,150,12,
14,Qadry Ismail,0,0,54,5,
27,Reggie Wayne,0,0,44,4,
11,Marcus Pollard,0,1,28,5,
8,Edgerrin James,0,0,8,4,
21,Travis Taylor,0,0,57,4,
11,Jamal Lewis,0,0,51,7,
31,Todd Heap,0,0,38,2,
10,Ron Johnson,0,0,10,1,
7,Javin Hunter,0,0,7,1,
25,Randy Moss,0,0,83,9,
45,Michael Bennett,0,1,70,4,
16,Byron Chamberlain,0,0,54,5,
13,Jimmy Kleinsasser,0,1,34,4,
18,Derrick Alexander,0,0,31,2,
9,Moe Williams,0,0,18,2,
5,D Wayne Bates,0,0,5,1,
41,Mikhael Ricks,0,1,79,3,
23,Az Zahir Hakim,0,1,70,5,
24,Cory Schlesinger,0,0,46,6,
26,Aveion Cason,0,0,34,2,
20,Bill Schroeder,0,0,29,2,
12,Scotty Anderson,0,0,20,2,
17,Larry Foster,0,0,15,2,
6,James Stewart,0,0,11,2,
5,John Owens,0,0,5,1,
18,Deion Branch,0,0,38,5,
13,Troy Brown,0,0,37,5,
10,Christian Fauria,0,0,25,3,
10,David Givens,0,1,22,3,
13,David Patten,0,0,18,2,
9,Donald Hayes,0,0,16,2,
14,Antowain Smith,0,0,14,2,
9,Kevin Faulk,0,0,9,1,
4,Marc Edwards,0,0,4,1,
16,Bubba Franks,0,1,46,5,
29,Donald Driver,0,0,43,3,
8,Ahman Green,0,1,21,3,
11,Terry Glenn,0,0,19,3,
10,Javon Walker,0,0,10,1,
5,William Henderson,0,1,8,2,
18,Ike Hilliard,0,1,76,7,
15,Tiki Barber,0,0,32,3,
19,Ron Dixon,0,0,29,2,
12,Amani Toomer,0,0,20,2,
19,Dan Campbell,0,0,19,1,
7,Charles Stackhouse,0,0,16,3,
10,Tim Carter,0,0,10,1,
2,Daryl Jones,0,0,2,1,
63,Shawn Jefferson,0,0,84,3,
27,Warrick Dunn,0,0,69,7,
30,Alge Crumpler,0,0,39,2,
14,Brian Finneran,0,1,31,3,
14,Willie Jackson,0,0,14,1,
7,TJ Duckett,0,0,7,1,
7,Reggie Kelly,0,0,7,1,
6,Trevor Gaylor,0,0,6,1,
25,Curtis Conway,0,0,129,8,
22,LaDainian Tomlinson,0,0,78,9,
29,Josh Norman,0,0,49,2,
11,Tim Dwight,0,1,39,5,
13,Reche Caldwell,0,1,25,3,
-1,Fred McCrary,0,0,-1,1,
22,Priest Holmes,0,0,96,7,
44,Marc Boerigter,0,2,85,4,
21,Eddie Kennison,0,0,21,1,
12,Dante Hall,0,0,12,1,
8,Tony Gonzalez,0,1,11,2,
8,Tony Richardson,0,0,11,2,
50,Torry Holt,0,1,80,4,
17,Isaac Bruce,0,1,70,5,
11,Marshall Faulk,0,1,22,4,
14,Terrence Wilkins,0,0,14,1,
53,Jerry Rice,0,0,133,7,
10,Terry Kirby,0,1,61,9,
26,Jerry Porter,0,0,48,3,
22,Tim Brown,0,0,40,3,
14,Charlie Garner,0,0,35,5,
5,Roland Williams,0,0,9,2,
6,Marcus Knight,0,0,6,1,
64,Michael Pittman,0,0,95,5,
22,Keyshawn Johnson,0,0,64,4,
8,Mike Alstott,0,0,13,2,
12,Ken Dilger,0,0,12,2,
7,Keenan McCardell,0,0,7,1,
3,Rickey Dudley,0,0,3,1,
23,Dennis Northcutt,0,0,74,4,
13,Jamel White,0,0,34,10,
11,Quincy Morgan,0,0,16,2,
12,Steve Heiden,0,0,12,1,
9,Kevin Johnson,0,0,11,2,
4,Andre Davis,0,0,4,1,
20,Drew Bennett,0,0,68,6,
16,Erron Kinney,0,0,44,4,
15,Kevin Dyson,0,0,37,4,
11,Eddie George,0,1,27,3,
13,Justin McCareins,0,0,21,2,
8,Frank Wycheck,0,0,21,3,
9,Greg Comella,0,0,9,1,
4,John Simon,0,0,-1,3,
22,Jimmy Smith,0,0,49,4,
15,Bobby Shaw,0,0,30,2,
5,Fred Taylor,0,0,5,1,
81,Corey Bradford,0,0,126,5,
26,Jabar Gaffney,0,1,48,3,
33,Jermaine Lewis,0,0,33,1,
10,Billy Miller,0,1,17,3,
-1,James Allen,0,0,-1,1,
35,Peerless Price,0,1,121,8,
23,Eric Moulds,0,1,56,4,
28,Josh Reed,0,0,28,1,
12,Jay Riemersma,0,0,24,3,
14,Larry Centers,0,0,14,1,
8,Travis Henry,0,0,11,2,
62,Kenny Watson,0,1,74,4,
18,Derrius Thompson,0,0,44,3,
40,Ladell Betts,0,0,40,1,
23,Rod Gardner,0,0,40,4,
23,Jacquez Green,0,0,39,2,
16,Chris Doering,0,0,31,2,
13,Kevin Lockett,0,0,23,2,
11,Walter Rasby,0,0,20,2,
9,Stephen Davis,0,0,9,1,
41,Joe Horn,0,1,75,5,
58,Michael L Lewis,0,0,70,2,
31,JaReed,0,1,31,1,
24,Jerome Pathon,0,0,24,1,
5,David Sloan,0,0,5,1,
2,Boo Williams,0,1,2,1,
-2,Deuce McAllister,0,0,-2,1,
19,Bobby Engram,0,0,85,6,
19,Darrell Jackson,0,0,53,5,
9,Shaun Alexander,0,0,25,4,
16,Koren Robinson,0,0,24,2,
9,Itula Mili,0,0,16,2,
5,Mack Strong,0,1,9,2,
37,Terrell Owens,0,2,84,6,
35,Tai Streets,0,0,66,4,
16,Garrison Hearst,1,0,33,3,
9,Cedrick Wilson,0,0,18,2,
1,Fred Beasley,0,0,1,1,
23,David Boston,0,0,110,6,
11,MarTay Jenkins,0,0,38,5,
8,Frank Sanders,0,0,27,4,
12,Steve Bush,0,0,22,2,
6,Thomas Jones,0,0,17,3,
14,Marcel Shipp,0,0,14,1,
2,Freddie Jones,0,0,4,2,
78,Antonio Bryant,0,1,96,3,
24,Joey Galloway,0,0,39,2,
14,Darnay Scott,0,0,36,4,
19,Tony McGee,0,0,19,1,
5,Troy Hambrick,0,0,7,2,
5,James Whalen,0,0,5,1,
16,Trevor Gaylor,0,0,38,3,
21,Shawn Jefferson,0,0,38,3,
22,Alge Crumpler,0,0,36,2,
24,Reggie Kelly,0,0,25,2,
12,Brian Kozlowski,0,0,21,2,
6,Willie Jackson,0,0,19,5,
12,Bob Christian,0,0,12,1,
9,TJ Duckett,0,0,9,1,
0,Todd Weiner,0,0,0,1,
27,Karl Hankton,0,0,27,1,
24,Wesley Walls,0,0,24,1,
12,Muhsin Muhammad,0,0,21,2,
20,Steve Smith,0,0,20,1,
12,Kris Mangum,0,0,12,1,
10,Lamar Smith,0,0,10,1,
7,Brad Hoover,0,0,7,1,
5,Nick Goings,0,0,5,1,
19,Travis Taylor,0,0,42,4,
20,Todd Heap,0,2,39,4,
33,Ron Johnson,0,0,37,2,
11,Jamal Lewis,0,0,11,1,
10,Brandon Stokley,0,0,10,1,
9,John Jones,0,0,9,1,
4,Terry Jones,0,0,4,1,
24,Jimmy Smith,0,0,63,7,
16,Fred Taylor,0,0,46,8,
19,Bobby Shaw,0,0,41,3,
15,Kyle Brady,0,0,37,4,
33,Pat Johnson,0,0,33,1,
11,Pete Mitchell,0,0,11,1,
25,Quincy Morgan,0,1,81,7,
13,Jamel White,0,0,34,5,
8,Kevin Johnson,0,0,22,4,
7,Dennis Northcutt,0,0,6,3,
3,Andre Davis,0,0,3,1,
2,James Jackson,0,0,2,1,
21,Billy Miller,0,0,78,6,
39,Corey Bradford,0,2,76,2,
20,Jabar Gaffney,0,0,47,4,
21,James Allen,0,0,38,4,
11,Avion Black,0,0,31,4,
25,JaJuan Dawson,0,0,25,1,
6,Jonathan Wells,0,0,11,2,
36,Aveion Cason,0,0,57,3,
16,Scotty Anderson,0,0,34,3,
20,James Stewart,0,0,28,2,
12,Germane Crowell,0,0,21,2,
18,Larry Foster,0,0,21,2,
10,John Owens,0,0,19,2,
13,Az Zahir Hakim,0,0,13,1,
6,Cory Schlesinger,0,0,6,1,
38,Dez White,0,0,70,3,
22,Fred Baxter,0,0,40,3,
14,Marty Booker,0,1,14,1,
7,Dustin Lyman,0,0,11,2,
10,John Davis,0,0,10,1,
6,Daimon Shelton,0,0,9,2,
3,Anthony Thomas,0,0,5,3,
4,Marcus Robinson,0,0,4,1,
16,Donald Driver,0,0,44,4,
11,William Henderson,0,0,32,4,
20,Javon Walker,0,0,20,1,
9,Bubba Franks,0,0,19,3,
7,David Martin,0,0,17,3,
15,Terry Glenn,0,0,15,1,
8,Ahman Green,0,0,12,3,
8,Robert Ferguson,0,0,8,1,
47,Derrius Thompson,0,0,89,5,
16,Rod Gardner,0,0,35,3,
9,Kevin Lockett,0,0,9,1,
2,Chris Doering,0,0,2,1,
23,Tony Gonzalez,0,0,58,5,
15,Priest Holmes,0,0,38,7,
19,Eddie Kennison,0,0,37,4,
12,Johnnie Morton,0,0,25,3,
14,Dante Hall,0,0,14,1,
82,Shannon Sharpe,0,2,214,12,
29,Rod Smith,0,0,92,7,
21,Ashley Lelie,0,0,33,3,
8,Mike Anderson,0,0,19,4,
5,Clinton Portis,0,0,14,3,
4,Ed McCaffrey,0,0,4,1,
26,James McKnight,0,0,42,3,
26,Randy McMichael,0,1,35,3,
26,Desmond Clark,0,0,26,1,
22,Ricky Williams,0,0,22,1,
15,Dedric Ward,0,0,15,1,
8,Rob Konrad,0,0,13,2,
6,Robert Edwards,0,0,12,2,
70,Eric Moulds,0,1,81,3,
17,Larry Centers,0,0,51,5,
9,Peerless Price,0,0,25,4,
11,Jay Riemersma,0,0,11,1,
9,Josh Reed,0,0,9,1,
5,Travis Henry,0,0,5,1,
20,Joe Horn,0,2,109,8,
19,Jerome Pathon,0,0,59,4,
25,JaReed,0,0,54,4,
16,Deuce McAllister,0,1,35,5,
0,Michael L Lewis,0,0,0,1,
-3,Boo Williams,0,0,-3,1,
22,Tai Streets,0,0,80,6,
31,Terrell Owens,0,1,61,4,
19,Kevan Barlow,0,0,43,3,
15,Garrison Hearst,0,0,43,4,
12,Eric Johnson,0,0,20,2,
7,Fred Beasley,0,0,16,3,
12,Cedrick Wilson,0,0,12,1,
34,Santana Moss,0,0,111,5,
28,Laveranues Coles,0,1,86,6,
16,Wayne Chrebet,0,0,53,4,
22,Curtis Martin,0,0,32,3,
15,LaMont Jordan,0,0,28,2,
6,Richie Anderson,0,0,7,2,
5,Jerald Sowell,0,0,7,2,
26,D Wayne Bates,0,0,86,6,
46,Randy Moss,0,0,86,4,
8,Byron Chamberlain,0,0,38,6,
10,Moe Williams,0,0,30,4,
13,Derrick Alexander,0,0,22,2,
8,Chris Walsh,0,0,15,2,
8,Jimmy Kleinsasser,0,0,11,2,
42,Todd Pinkston,0,1,61,4,
24,Dorsey Levens,0,0,37,3,
12,James Thrash,0,0,17,2,
6,Duce Staley,0,0,12,2,
0,Cecil Martin,0,0,0,1,
18,Keyshawn Johnson,0,0,38,3,
14,Joe Jurevicius,0,0,35,3,
9,Keenan McCardell,0,0,32,5,
18,Rickey Dudley,0,0,18,1,
7,Michael Pittman,0,0,15,4,
5,Ken Dilger,0,0,9,2,
7,Mike Alstott,0,0,8,5,
30,Jerry Rice,0,1,86,9,
45,Tim Brown,0,0,83,6,
22,Charlie Garner,0,0,80,7,
28,Jerry Porter,0,1,67,5,
10,Roland Williams,0,0,27,5,
6,Doug Jolley,0,0,11,2,
7,Jon Ritchie,0,1,7,1,
31,Tim Dwight,0,0,75,4,
17,Curtis Conway,0,0,55,5,
11,LaDainian Tomlinson,0,1,28,5,
9,Reche Caldwell,0,1,9,1,
3,Fred McCrary,0,0,3,1,
52,Torry Holt,0,0,71,3,
22,Isaac Bruce,0,0,63,4,
13,Marshall Faulk,0,1,52,7,
18,Ernie Conwell,0,0,38,3,
23,Ricky Proehl,0,0,37,2,
8,Lamar Gordon,0,0,6,2,
-2,Terrence Wilkins,0,0,-2,1,
83,Koren Robinson,0,1,166,3,
15,James Williams,0,0,26,2,
18,Itula Mili,0,0,22,2,
16,Shaun Alexander,0,0,16,1,
13,Bobby Engram,0,0,13,1,
12,Maurice Morris,0,0,12,1,
18,Plaxico Burress,0,0,79,6,
31,Hines Ward,0,2,76,5,
9,Dan Kreider,0,0,9,1,
9,Antwaan Randle El,0,0,9,1,
8,Mark Bruener,0,0,8,1,
7,Jerome Bettis,0,0,7,1,
23,Edgerrin James,0,0,83,11,
17,Marvin Harrison,0,0,76,8,
41,Marcus Pollard,0,1,64,4,
14,Reggie Wayne,0,0,33,4,
9,Qadry Ismail,0,0,20,3,
15,Mike Roberg,0,0,15,1,
13,Troy Walters,0,0,13,1,
18,Travis Taylor,0,0,82,7,
11,Todd Heap,1,0,51,6,
37,Jamal Lewis,0,0,50,5,
17,Brandon Stokley,0,0,50,4,
12,Ron Johnson,0,0,26,3,
18,John Jones,0,1,24,2,
10,Terry Jones,0,0,10,1,
5,Chester Taylor,0,0,5,1,
20,Hines Ward,0,0,97,8,
20,Plaxico Burress,0,2,55,5,
7,Terance Mathis,0,0,13,2,
7,Verron Haynes,0,0,7,2,
4,Mark Bruener,0,0,4,1,
3,Antwaan Randle El,0,0,3,1,
42,Eric Moulds,0,0,123,9,
59,Peerless Price,0,1,101,4,
13,Josh Reed,0,0,18,2,
9,Jay Riemersma,0,0,18,2,
16,Sammy Morris,0,0,16,1,
8,Phillip Crosby,0,0,14,2,
12,Travis Henry,0,0,12,1,
11,James Stewart,0,0,53,8,
24,Bill Schroeder,0,0,46,2,
23,Az Zahir Hakim,0,1,33,3,
17,Mikhael Ricks,0,0,29,2,
14,Germane Crowell,0,0,23,3,
11,Cory Schlesinger,0,0,15,2,
17,Muhsin Muhammad,0,0,31,3,
8,Brad Hoover,0,0,8,1,
7,Wesley Walls,0,0,7,1,
16,Joe Jurevicius,0,0,55,5,
22,Ken Dilger,0,0,45,4,
9,Aaron Stecker,0,0,26,4,
12,Keyshawn Johnson,0,0,21,2,
15,Rickey Dudley,0,0,15,1,
9,Mike Alstott,0,0,11,3,
6,Reggie Barlow,0,0,10,2,
7,Karl Williams,0,0,7,1,
-4,Michael Pittman,0,0,-4,1,
24,Chad Johnson,0,0,86,6,
13,Lorenzo Neal,0,1,37,5,
21,Peter Warrick,0,0,30,2,
19,Ron Dugans,0,0,19,1,
8,Matt Schobel,0,1,8,1,
7,Brandon Bennett,0,0,7,1,
6,Danny Farmer,0,0,6,1,
32,Derrick Mason,0,2,98,7,
39,Kevin Dyson,0,1,80,5,
12,Drew Bennett,0,0,12,1,
11,Mike Green,0,0,11,1,
8,Frank Wycheck,0,0,8,1,
6,Eddie George,0,0,6,1,
39,Joey Galloway,0,1,62,4,
13,Tony McGee,0,0,35,3,
14,Darnay Scott,0,0,25,2,
14,Antonio Bryant,0,0,14,1,
6,Ken Yon Rambo,0,0,6,1,
3,Emmitt Smith,0,0,3,1,
21,Bobby Engram,0,0,69,6,
34,Darrell Jackson,0,0,42,2,
15,Shaun Alexander,0,0,38,7,
15,Koren Robinson,0,0,23,2,
7,Mack Strong,0,0,5,2,
25,Jimmy Smith,0,1,80,4,
11,Bobby Shaw,0,0,36,4,
16,Pete Mitchell,0,0,33,3,
23,Kyle Brady,0,0,31,2,
9,Fred Taylor,0,0,22,3,
40,Billy Miller,0,1,78,3,
27,Jabar Gaffney,1,0,60,3,
11,Jabari Holloway,0,0,17,2,
16,Corey Bradford,0,0,16,1,
8,James Allen,0,0,8,1,
5,Jarrod Baxter,0,0,5,1,
49,Priest Holmes,0,0,93,6,
24,Tony Gonzalez,0,0,57,6,
18,Eddie Kennison,0,0,32,3,
17,Marc Boerigter,0,0,17,1,
5,Jason Dunn,0,0,5,1,
4,Tony Richardson,0,1,4,1,
25,Tim Brown,0,0,144,13,
13,Charlie Garner,0,0,72,10,
24,Jerry Porter,0,0,63,4,
14,Jerry Rice,0,0,45,5,
6,Roland Williams,0,0,6,1,
3,Doug Jolley,0,1,4,2,
39,Randy Moss,0,1,119,9,
7,Michael Bennett,0,0,30,6,
11,Byron Chamberlain,0,0,25,3,
13,Chris Walsh,0,0,13,1,
13,Moe Williams,0,0,13,1,
9,Derrick Alexander,0,0,9,1,
7,Jimmy Kleinsasser,0,0,7,1,
40,Marty Booker,0,1,80,4,
28,Dez White,0,0,65,4,
22,Marcus Robinson,0,0,22,1,
8,Daimon Shelton,0,0,14,3,
7,Ahmad Merritt,0,0,11,2,
9,Stanley Pritchett,0,0,9,1,
3,Anthony Thomas,0,0,3,1,
15,Troy Brown,0,0,59,7,
9,Christian Fauria,0,1,23,3,
17,Kevin Faulk,0,0,17,1,
8,Marc Edwards,0,0,16,2,
10,Antowain Smith,0,0,10,1,
5,David Givens,0,0,5,1,
21,Ed McCaffrey,0,0,116,8,
21,Rod Smith,0,0,54,7,
40,Ashley Lelie,0,0,40,1,
11,Shannon Sharpe,0,1,19,2,
25,Joe Horn,0,1,61,5,
19,Deuce McAllister,0,1,56,5,
20,Donte Stallworth,0,0,29,2,
14,Jerome Pathon,0,0,21,2,
15,JaReed,0,0,15,1,
10,David Sloan,0,0,10,1,
,Boo Williams,1,,,,
33,Alge Crumpler,0,0,62,4,
28,Brian Finneran,0,0,62,4,
12,Warrick Dunn,0,0,28,5,
18,Willie Jackson,0,0,18,1,
14,Shawn Jefferson,0,0,14,1,
11,Brian Kozlowski,0,0,11,1,
37,Laveranues Coles,0,1,61,5,
24,Wayne Chrebet,0,1,40,4,
17,Curtis Martin,0,0,39,4,
15,Santana Moss,0,0,23,2,
9,Richie Anderson,0,0,16,3,
4,Anthony Becht,0,0,4,1,
26,Kevin Johnson,0,0,73,5,
43,Dennis Northcutt,1,0,63,3,
11,Jamel White,0,0,42,6,
19,Quincy Morgan,0,0,40,4,
7,Mark Campbell,0,1,34,7,
18,Andre Davis,0,1,29,3,
5,Aaron Shea,0,0,10,3,
3,James Jackson,0,0,3,1,
61,Terrell Owens,0,2,132,8,
47,Tai Streets,0,1,62,2,
15,Kevan Barlow,0,1,35,4,
10,Garrison Hearst,0,0,16,3,
7,Cedrick Wilson,0,0,7,1,
26,David Boston,0,0,83,6,
25,Frank Sanders,0,0,76,6,
17,MarTay Jenkins,0,0,46,4,
16,Freddie Jones,0,0,42,5,
17,Thomas Jones,0,0,24,2,
15,Marcel Shipp,0,0,15,1,
22,Derrius Thompson,0,0,63,4,
32,Darnerien McCants,0,1,49,3,
16,Rod Gardner,0,0,48,4,
33,Chris Doering,0,1,33,1,
13,Leonard Stephens,0,0,13,1,
8,Stephen Davis,0,0,12,2,
5,Rock Cartwright,0,0,5,1,
-13,Shane Matthews,0,0,-13,1,
20,Marvin Harrison,0,0,77,6,
20,Marcus Pollard,0,0,38,2,
12,Qadry Ismail,0,0,30,3,
21,Reggie Wayne,0,0,25,2,
20,Ricky Williams,0,1,20,1,
7,Edgerrin James,0,1,14,5,
8,Troy Walters,0,0,8,1,
2,Jim Finn,0,0,2,1,
32,James Thrash,0,0,69,7,
29,Duce Staley,0,0,37,2,
8,Todd Pinkston,0,0,20,3,
6,Cecil Martin,0,0,6,1,
5,Antonio Freeman,0,0,5,1,
,Chad Lewis,1,,,,
38,Tiki Barber,0,0,92,5,
21,Jeremy Shockey,0,0,69,6,
28,Ron Dixon,0,0,43,2,
12,Charles Stackhouse,0,0,16,2,
8,Amani Toomer,0,0,16,2,
8,Marcellus Rivers,0,0,8,1,
5,Delvin Joyce,0,0,5,1,
2,Ron Dayne,0,0,2,1,
35,Frank Sanders,0,1,67,6,
11,Thomas Jones,0,0,31,4,
25,Jason McAddley,0,0,30,2,
11,Marcel Shipp,0,0,26,3,
15,Freddie Jones,0,0,23,2,
14,David Boston,0,0,14,1,
2,Steve Bush,0,0,2,1,
48,Troy Edwards,0,0,63,4,
40,Marshall Faulk,0,0,58,5,
31,Ricky Proehl,0,1,43,2,
11,Isaac Bruce,0,0,31,3,
12,Ernie Conwell,0,0,27,3,
13,Trung Canidate,0,0,13,1,
7,Torry Holt,0,1,7,1,
3,James Hodgins,0,0,3,1,
25,Brian Finneran,0,0,42,3,
15,Trevor Gaylor,0,0,32,4,
23,Warrick Dunn,0,0,23,1,
14,Shawn Jefferson,0,0,14,1,
14,Reggie Kelly,0,0,14,1,
11,Alge Crumpler,0,0,11,1,
0,TJ Duckett,0,0,0,1,
64,Travis Taylor,0,1,127,4,
16,Todd Heap,0,0,60,5,
12,Jamal Lewis,0,0,23,2,
7,Brandon Stokley,0,0,11,2,
8,Javin Hunter,0,0,8,1,
20,Peerless Price,0,1,98,9,
22,Eric Moulds,0,0,68,5,
17,Larry Centers,0,0,56,6,
18,Sammy Morris,0,0,32,2,
21,Josh Reed,0,0,24,2,
7,Travis Henry,0,0,12,3,
12,Dave Moore,0,0,12,1,
19,David Patten,0,0,88,6,
31,Daniel Graham,0,0,68,3,
14,Troy Brown,0,0,38,3,
14,Antowain Smith,0,2,31,5,
19,Kevin Faulk,0,0,19,1,
10,Marc Edwards,0,0,10,1,
5,Christian Fauria,0,1,8,2,
3,Cameron Cleeland,0,0,3,1,
19,Anthony Thomas,0,0,52,4,
15,Stanley Pritchett,0,0,39,4,
19,Marty Booker,0,0,37,5,
25,Ahmad Merritt,0,0,30,2,
24,Dez White,0,0,27,2,
12,Marcus Robinson,0,0,12,1,
8,John Davis,0,0,8,1,
28,Antonio Freeman,0,0,67,4,
39,Todd Pinkston,0,0,63,2,
9,Chad Lewis,0,0,23,3,
15,Duce Staley,0,0,19,2,
7,James Thrash,0,0,19,3,
11,Dorsey Levens,0,0,12,2,
4,Cecil Martin,0,0,4,1,
2,Freddie Mitchell,0,0,2,1,
63,Quincy Morgan,0,1,98,4,
17,Andre Davis,0,0,31,3,
10,Dennis Northcutt,0,0,27,2,
13,Jamel White,0,0,18,3,
4,Kevin Johnson,0,0,7,2,
1,Steve Heiden,0,1,1,1,
21,Hines Ward,0,1,79,9,
31,Plaxico Burress,0,0,69,4,
25,Amos Zereoue,0,0,62,5,
15,Dan Kreider,0,0,23,2,
6,Antwaan Randle El,0,0,18,3,
13,Terance Mathis,0,0,13,1,
1,Mark Bruener,0,1,1,1,
13,James Stewart,0,0,41,4,
11,Bill Schroeder,0,0,23,3,
9,Az Zahir Hakim,0,0,17,2,
12,John Owens,0,0,12,1,
5,Scotty Anderson,0,0,5,1,
5,Cory Schlesinger,0,0,4,2,
2,Mikhael Ricks,0,0,2,1,
30,Joey Galloway,0,0,56,6,
28,Ken Yon Rambo,0,0,42,2,
17,Tony McGee,0,0,33,3,
11,Darnay Scott,0,0,27,3,
12,Troy Hambrick,0,0,17,2,
11,James Whalen,0,0,17,2,
4,Robert Thomas,0,0,10,3,
6,Antonio Bryant,0,0,6,1,
27,Marvin Harrison,1,1,99,11,
39,Reggie Wayne,0,0,93,5,
12,Marcus Pollard,0,0,42,7,
10,James Mungro,0,0,33,6,
12,Jim Finn,0,0,29,3,
8,Qadry Ismail,0,0,18,3,
11,Drew Haddad,0,0,11,1,
2,Mike Roberg,0,1,2,1,
14,Derrick Mason,0,0,41,5,
10,Eddie George,0,0,16,3,
8,Kevin Dyson,0,0,10,2,
3,Mike Green,0,1,9,3,
6,Frank Wycheck,0,0,6,1,
36,Tiki Barber,0,0,62,4,
15,Ron Dixon,0,1,46,4,
12,Amani Toomer,0,0,36,4,
27,Tim Carter,0,0,27,1,
13,Jeremy Shockey,0,0,24,2,
11,Dan Campbell,0,0,19,2,
6,Ron Dayne,0,0,7,2,
7,Charles Stackhouse,0,0,7,1,
32,Jimmy Smith,0,1,123,10,
27,Bobby Shaw,0,1,65,5,
8,Kyle Brady,0,0,20,3,
11,Stacey Mack,0,0,18,3,
4,Pete Mitchell,0,0,4,1,
0,Fred Taylor,0,0,0,1,
24,Jerry Rice,0,0,74,6,
16,Jerry Porter,0,1,53,6,
7,Charlie Garner,0,0,16,3,
10,Tim Brown,0,0,10,1,
6,Roland Williams,0,0,6,1,
5,Jon Ritchie,0,0,5,1,
41,Terrell Owens,0,0,191,12,
13,Tai Streets,0,1,61,8,
8,Garrison Hearst,0,0,12,3,
11,Cedrick Wilson,0,1,11,1,
7,Justin Swift,0,0,7,1,
26,Stephen Alexander,0,0,84,7,
13,Curtis Conway,0,1,58,6,
10,Terrell Fletcher,0,0,26,5,
10,LaDainian Tomlinson,0,0,13,2,
8,Tim Dwight,0,0,8,1,
3,Fred McCrary,0,0,3,1,
20,Laveranues Coles,0,0,60,5,
15,Richie Anderson,0,0,56,7,
20,Wayne Chrebet,0,0,47,3,
13,Curtis Martin,0,0,34,5,
11,Anthony Becht,0,1,26,4,
12,LaMont Jordan,0,0,12,1,
10,Chris Baker,0,0,10,1,
12,Santana Moss,0,0,8,2,
23,Koren Robinson,0,0,100,8,
31,Itula Mili,0,0,71,6,
19,Shaun Alexander,0,0,48,8,
12,James Williams,0,0,19,2,
7,Mack Strong,0,0,15,3,
11,Bobby Engram,0,0,11,1,
19,Rod Gardner,0,1,47,4,
19,Kenny Watson,0,0,42,4,
14,Rock Cartwright,0,0,14,1,
11,Darnerien McCants,0,1,11,1,
26,Keyshawn Johnson,0,2,133,9,
40,Ken Dilger,0,0,61,3,
17,Karl Williams,0,1,49,4,
18,Michael Pittman,0,0,18,1,
8,Mike Alstott,0,1,16,3,
13,Reggie Barlow,0,0,13,1,
12,Aaron Stecker,0,0,12,1,
9,Rickey Dudley,0,1,11,2,
39,Jimmy Kleinsasser,0,0,64,3,
20,Randy Moss,0,0,41,4,
28,Chris Walsh,0,0,40,2,
29,Cedric James,0,0,29,1,
20,Michael Bennett,0,0,27,3,
8,Moe Williams,0,0,24,5,
16,Corey Bradford,0,0,53,5,
26,Billy Miller,0,0,46,4,
20,JaJuan Dawson,0,0,43,3,
14,Jabar Gaffney,0,0,35,3,
13,James Allen,0,0,19,2,
3,Jabari Holloway,0,0,3,1,
33,Peter Warrick,0,1,86,7,
18,Chad Johnson,0,1,41,3,
14,Matt Schobel,0,0,41,4,
26,Michael Westbrook,0,2,38,2,
16,TJ Houshmandzadeh,0,0,30,3,
15,Lorenzo Neal,0,0,24,2,
3,Brandon Bennett,0,0,3,1,
23,Ahman Green,0,1,71,6,
30,Donald Driver,0,0,60,3,
12,Bubba Franks,0,0,29,3,
11,Terry Glenn,0,0,24,3,
3,Javon Walker,0,0,3,1,
1,William Henderson,0,0,1,1,
13,Chris Chambers,0,0,55,5,
11,Cris Carter,0,0,31,3,
10,Ricky Williams,0,0,23,4,
8,Rob Konrad,0,0,21,3,
16,Desmond Clark,0,0,16,1,
14,James McKnight,0,0,14,1,
13,Robert Edwards,0,0,13,1,
10,Dedric Ward,0,0,13,2,
6,Randy McMichael,0,0,12,2,
42,Jason McAddley,0,0,113,5,
27,Frank Sanders,0,0,62,5,
18,Marcel Shipp,0,0,20,2,
14,Jake Soliday,0,0,14,1,
9,Steve Bush,0,0,9,1,
6,Thomas Jones,0,0,8,3,
20,Koren Robinson,0,0,96,7,
27,Itula Mili,0,0,55,4,
13,Bobby Engram,0,0,52,5,
11,Heath Evans,0,0,16,2,
16,Ryan Hannam,0,1,16,1,
8,Mack Strong,0,0,8,1,
8,James Williams,0,0,8,1,
7,Maurice Morris,0,0,7,1,
2,Shaun Alexander,0,0,2,1,
29,Todd Heap,0,0,65,4,
16,Travis Taylor,0,1,52,7,
33,Brandon Stokley,0,0,33,1,
14,Terry Jones,0,0,22,2,
6,Alan Ricard,0,0,6,1,
5,Javin Hunter,0,0,5,1,
39,Chad Johnson,0,1,110,7,
19,Corey Dillon,0,0,48,5,
14,Peter Warrick,0,1,33,5,
13,Ron Dugans,0,0,19,2,
14,TJ Houshmandzadeh,0,0,19,2,
12,Nicolas Luchey,0,0,16,2,
9,Lorenzo Neal,0,0,13,2,
8,Matt Schobel,0,0,8,1,
6,Michael Westbrook,0,0,6,1,
0,Brandon Bennett,0,0,0,1,
42,Muhsin Muhammad,0,0,112,4,
37,Steve Smith,0,0,68,4,
35,Kris Mangum,0,0,47,2,
15,Wesley Walls,0,1,24,2,
22,Karl Hankton,0,0,22,1,
12,Lamar Smith,0,0,17,4,
15,Dee Brown,0,0,9,3,
7,Isaac Byrd,0,0,7,1,
3,Jermaine Wiggins,0,1,3,1,
1,Brad Hoover,0,0,1,1,
42,Joe Horn,0,0,101,6,
38,Donte Stallworth,0,1,65,3,
19,Deuce McAllister,0,0,34,4,
15,Jerome Pathon,0,0,32,3,
12,Boo Williams,0,0,16,2,
6,David Sloan,0,0,6,1,
5,Terrelle Smith,0,0,5,1,
27,Marty Booker,0,0,65,4,
44,Marcus Robinson,0,1,63,3,
11,Stanley Pritchett,0,1,26,4,
9,John Davis,0,0,17,2,
7,Dez White,0,0,8,2,
4,Anthony Thomas,0,0,4,1,
36,Kevin Faulk,0,2,109,7,
16,Troy Brown,1,0,90,11,
20,David Patten,0,1,51,4,
13,Marc Edwards,0,0,29,4,
19,Antowain Smith,0,0,24,4,
9,Deion Branch,0,0,9,1,
6,David Givens,0,0,6,1,
5,Christian Fauria,0,0,5,1,
4,Cameron Cleeland,0,0,4,1,
3,Daniel Graham,0,0,1,2,
38,Donald Driver,0,0,130,11,
46,Terry Glenn,0,0,82,3,
19,Bubba Franks,0,1,53,4,
30,Javon Walker,0,0,50,2,
10,Ahman Green,0,0,20,3,
8,Tony Fisher,0,0,14,4,
9,William Henderson,0,1,14,2,
64,Az Zahir Hakim,0,1,143,7,
16,Germane Crowell,0,0,32,3,
15,James Stewart,0,0,19,2,
7,Aveion Cason,0,0,17,3,
15,Scotty Anderson,0,0,15,1,
8,Cory Schlesinger,0,0,9,3,
1,Mikhael Ricks,0,1,1,1,
48,Bobby Shaw,0,0,69,3,
20,Jimmy Smith,0,0,68,5,
8,Fred Taylor,0,0,27,7,
9,Kyle Brady,0,0,24,3,
6,Pete Mitchell,0,0,6,1,
33,Rod Gardner,0,1,100,7,
17,Ladell Betts,0,0,35,3,
11,Kenny Watson,0,0,28,5,
12,Derrius Thompson,0,0,24,3,
12,Chris Doering,0,0,22,2,
11,Bryan Johnson,0,0,18,2,
9,Walter Rasby,0,0,11,2,
9,Zeron Flemister,0,0,9,1,
6,Darnerien McCants,0,0,6,1,
3,Willie Jackson,0,0,3,1,
48,Randy Moss,0,0,85,3,
23,Chris Walsh,0,0,23,1,
19,D Wayne Bates,0,0,19,1,
10,Jimmy Kleinsasser,0,0,19,2,
6,Byron Chamberlain,0,0,11,2,
10,Moe Williams,0,0,10,1,
6,Michael Bennett,0,0,9,2,
33,Ron Dixon,0,0,107,4,
46,Amani Toomer,0,1,83,5,
19,Tiki Barber,0,0,46,7,
27,Dan Campbell,0,0,35,4,
7,Jeremy Shockey,0,0,19,3,
9,Daryl Jones,0,0,9,1,
1,Charles Stackhouse,0,1,1,1,
,Marcellus Rivers,1,,,,
42,Laveranues Coles,0,0,80,5,
16,Wayne Chrebet,0,0,30,2,
8,Curtis Martin,0,0,18,4,
11,Santana Moss,0,0,16,2,
8,Richie Anderson,0,0,12,2,
6,LaMont Jordan,0,0,6,1,
5,Anthony Becht,0,0,5,1,
27,James McKnight,0,0,52,2,
21,Chris Chambers,0,0,48,3,
10,Ricky Williams,0,0,36,5,
10,Robert Edwards,0,0,26,3,
24,Jed Weaver,0,0,24,1,
9,Randy McMichael,0,0,18,2,
8,Rob Konrad,0,1,12,2,
11,Dedric Ward,0,0,11,1,
29,Antonio Freeman,0,0,84,7,
21,Todd Pinkston,0,0,57,3,
14,Duce Staley,0,0,39,4,
11,Chad Lewis,0,0,36,4,
18,Brian Westbrook,0,0,25,2,
12,Freddie Mitchell,0,0,20,2,
8,Cecil Martin,0,0,9,3,
9,James Thrash,0,0,9,1,
2,Jeff Thomason,0,1,2,1,
57,Marvin Harrison,0,2,137,6,
48,Reggie Wayne,0,1,121,6,
11,James Mungro,0,0,20,2,
18,Marcus Pollard,0,0,18,1,
13,Qadry Ismail,0,0,13,1,
10,Troy Walters,0,0,10,1,
0,Jim Finn,0,0,0,1,
62,Plaxico Burress,0,2,253,9,
30,Hines Ward,1,1,139,11,
36,Antwaan Randle El,0,0,51,3,
18,Jerame Tuman,0,1,18,1,
10,Terance Mathis,0,0,15,2,
-1,Amos Zereoue,0,0,-3,2,
43,Shawn Jefferson,0,1,131,9,
23,Brian Finneran,0,0,72,6,
27,Trevor Gaylor,0,0,27,1,
21,Alge Crumpler,0,0,25,2,
11,Bob Christian,0,0,19,2,
16,Warrick Dunn,0,0,14,3,
6,Quentin McCord,0,0,6,1,
17,Terrell Owens,0,0,51,7,
18,Tai Streets,0,0,41,4,
9,Garrison Hearst,0,0,21,3,
11,Justin Swift,0,0,18,3,
9,Fred Beasley,0,0,16,3,
6,JJ Stokes,0,0,11,2,
9,Kevan Barlow,0,0,9,1,
7,Cedrick Wilson,0,0,8,2,
23,Eddie Kennison,0,0,134,8,
24,Marc Boerigter,0,0,42,2,
6,Tony Gonzalez,0,0,6,1,
6,Priest Holmes,0,0,5,2,
4,Mike Cloud,0,0,4,1,
2,Tony Richardson,0,0,2,1,
34,Isaac Bruce,0,3,163,10,
39,Torry Holt,0,0,118,7,
27,Brandon Manumaleuna,0,0,38,2,
21,Ricky Proehl,0,0,37,3,
13,Marshall Faulk,0,0,36,6,
13,Lamar Gordon,0,0,27,4,
17,Ernie Conwell,0,1,20,2,
11,James Hodgins,0,0,11,1,
3,Troy Edwards,0,0,3,1,
26,Tim Dwight,0,0,53,4,
11,LaDainian Tomlinson,0,0,24,3,
12,Curtis Conway,0,0,19,2,
18,Reche Caldwell,0,0,18,1,
13,Terrell Fletcher,0,0,13,1,
12,Stephen Alexander,0,0,12,1,
20,Derrick Mason,0,1,47,4,
20,Erron Kinney,0,0,20,1,
17,Shad Meier,0,1,17,1,
15,Kevin Dyson,0,0,15,1,
10,Frank Wycheck,0,0,10,1,
4,Mike Green,0,0,4,1,
-4,John Simon,0,0,-4,1,
28,JaJuan Dawson,0,0,75,4,
13,Jabar Gaffney,0,0,26,3,
13,James Allen,0,0,25,4,
10,Corey Bradford,0,0,22,3,
7,Billy Miller,0,0,19,3,
10,Jarrod Baxter,0,1,10,1,
5,Jonathan Wells,0,0,5,1,
17,Rod Smith,0,0,72,8,
17,Ashley Lelie,0,0,65,8,
19,Dwayne Carswell,0,0,57,5,
18,Ed McCaffrey,0,0,54,6,
15,Clinton Portis,0,0,26,4,
10,Shannon Sharpe,0,0,10,1,
7,Patrick Hape,0,0,7,1,
2,Mike Anderson,0,0,2,1,
34,Jerry Rice,0,2,103,9,
49,Charlie Garner,0,0,89,7,
27,Jerry Porter,1,1,56,3,
19,Tim Brown,0,0,42,6,
16,Doug Jolley,0,0,41,4,
5,Tyrone Wheatley,0,0,12,3,
6,Roland Williams,0,0,9,2,
74,Trevor Gaylor,0,1,100,3,
12,Warrick Dunn,0,0,29,4,
17,Alge Crumpler,0,1,21,3,
10,Brian Kozlowski,0,0,10,1,
63,Joe Horn,0,1,134,3,
15,Jerome Pathon,0,0,48,7,
20,Boo Williams,0,0,38,2,
14,Deuce McAllister,0,0,30,4,
12,Donte Stallworth,0,1,18,2,
6,David Sloan,0,0,6,1,
5,James Fenderson,0,0,5,1,
72,Chad Johnson,0,1,103,4,
31,TJ Houshmandzadeh,0,0,59,3,
26,Peter Warrick,0,0,26,1,
14,Corey Dillon,0,0,18,2,
9,Lorenzo Neal,0,0,17,2,
17,Matt Schobel,0,0,17,2,
6,Brandon Bennett,0,0,9,2,
9,Michael Westbrook,0,0,9,1,
26,Quincy Morgan,0,0,81,5,
18,Dennis Northcutt,0,1,71,6,
19,Kevin Johnson,0,0,32,3,
8,Steve Heiden,0,0,15,2,
15,Andre Davis,0,1,15,1,
14,Darnell Sanders,0,1,14,1,
6,Frisman Jackson,0,0,6,1,
4,Mark Campbell,0,0,4,1,
3,William Green,0,0,4,2,
37,Bill Schroeder,0,2,57,3,
43,Cory Schlesinger,0,0,43,2,
9,Aveion Cason,0,0,17,2,
11,Mikhael Ricks,0,0,17,2,
7,Germane Crowell,0,0,15,3,
14,Az Zahir Hakim,0,0,14,1,
5,James Stewart,0,0,8,2,
31,Laveranues Coles,1,0,114,7,
23,Wayne Chrebet,0,2,46,4,
19,Curtis Martin,0,0,28,4,
10,Santana Moss,0,1,15,2,
10,LaMont Jordan,0,0,10,1,
8,Richie Anderson,0,0,8,1,
7,Anthony Becht,0,1,8,2,
31,Marvin Harrison,0,2,138,14,
27,Troy Walters,0,0,91,7,
6,Reggie Wayne,0,0,9,2,
8,Marcus Pollard,0,0,8,1,
3,Edgerrin James,0,0,6,4,
0,Jim Finn,0,0,0,1,
15,Joey Galloway,0,0,49,4,
24,Antonio Bryant,0,0,44,3,
19,Michael Wiley,0,0,19,1,
11,James Whalen,0,0,16,2,
3,Troy Hambrick,0,0,3,1,
44,Eddie Kennison,0,0,93,3,
21,Johnnie Morton,0,0,52,3,
13,Priest Holmes,0,0,23,3,
15,Tony Gonzalez,0,0,17,2,
12,Marc Boerigter,0,0,12,1,
17,Josh Reed,0,0,44,4,
20,Peerless Price,0,0,40,4,
16,Travis Henry,0,0,38,4,
19,Eric Moulds,0,1,36,4,
11,Dave Moore,0,0,24,3,
11,Larry Centers,0,0,19,3,
16,Jay Riemersma,0,0,16,1,
8,Phillip Crosby,0,0,8,1,
39,James McKnight,0,0,59,4,
18,Chris Chambers,0,0,50,4,
45,Randy McMichael,0,0,50,2,
8,Ricky Williams,0,0,28,5,
25,Jed Weaver,0,0,25,1,
6,Rob Konrad,0,0,9,2,
28,Travis Taylor,0,1,48,4,
26,Jamal Lewis,0,0,26,1,
15,Terry Jones,0,0,22,2,
8,Javin Hunter,0,0,15,2,
6,Todd Heap,0,0,6,1,
5,Ron Johnson,0,0,5,1,
4,Chester Taylor,0,0,5,3,
41,Randy Moss,0,1,115,6,
22,D Wayne Bates,0,1,40,2,
20,Byron Chamberlain,0,0,38,2,
11,Kelly Campbell,0,0,11,1,
9,Michael Bennett,0,0,9,1,
4,Jimmy Kleinsasser,0,0,4,1,
84,Donald Driver,0,1,121,4,
19,Terry Glenn,0,0,61,4,
9,Ahman Green,0,0,38,8,
12,Bubba Franks,0,1,25,4,
24,Tyrone Davis,0,0,24,1,
14,Javon Walker,0,0,14,1,
9,Robert Ferguson,0,0,9,1,
4,William Henderson,0,0,4,1,
15,Jeremy Shockey,0,0,111,11,
35,Amani Toomer,0,1,95,8,
7,Dan Campbell,0,0,7,1,
2,Tiki Barber,0,0,-2,2,
18,Rod Gardner,0,1,47,5,
11,Willie Jackson,0,1,36,5,
10,Kenny Watson,0,0,17,2,
8,Derrius Thompson,0,0,8,1,
5,Walter Rasby,0,0,5,1,
0,Chris Doering,0,0,0,1,
45,Duce Staley,0,1,82,3,
28,James Thrash,0,1,63,7,
27,Todd Pinkston,0,1,35,2,
12,Antonio Freeman,0,0,27,3,
10,Jeff Thomason,0,0,20,2,
18,Freddie Mitchell,0,0,18,1,
7,Cecil Martin,0,0,7,1,
3,Dorsey Levens,0,1,3,1,
16,Marcel Shipp,0,0,50,5,
24,Freddie Jones,0,0,43,4,
16,Jake Soliday,0,0,20,2,
10,Arnold Jackson,0,0,17,2,
8,Steve Bush,0,0,12,2,
12,Jason McAddley,0,1,12,1,
5,Joel Makovicka,0,1,7,2,
1,Thomas Jones,0,0,2,2,
29,Tim Brown,0,0,71,5,
15,Charlie Garner,0,0,65,7,
16,Jerry Rice,0,0,65,6,
30,Doug Jolley,0,0,58,3,
17,Tyrone Wheatley,0,0,25,3,
7,Jon Ritchie,0,0,7,1,
6,Roland Williams,0,0,6,1,
18,Troy Brown,0,0,55,5,
33,Christian Fauria,0,0,38,2,
22,Cameron Cleeland,0,0,27,2,
9,David Patten,0,0,16,2,
12,Antowain Smith,0,0,15,3,
6,Deion Branch,0,0,11,3,
10,David Givens,0,0,10,1,
47,Curtis Conway,0,0,152,7,
23,Tim Dwight,0,0,64,5,
16,LaDainian Tomlinson,0,0,57,8,
10,Reche Caldwell,0,1,21,3,
14,Stephen Alexander,0,0,18,2,
18,Eric Parker,0,0,18,1,
3,Fred McCrary,0,1,4,2,
2,Justin Peelle,0,0,2,1,
76,Terrell Owens,0,2,171,7,
17,Tai Streets,0,0,78,8,
20,JJ Stokes,0,0,44,3,
12,Garrison Hearst,0,0,22,3,
14,Cedrick Wilson,0,0,14,1,
4,Justin Swift,0,0,4,1,
3,Kevan Barlow,0,0,3,1,
1,Fred Beasley,0,0,1,1,
19,Itula Mili,0,0,41,4,
22,Bobby Engram,0,0,40,3,
10,Shaun Alexander,0,0,23,6,
9,Mack Strong,0,0,22,3,
13,Koren Robinson,0,0,21,2,
18,James Williams,0,0,20,2,
18,Jerramy Stevens,0,0,18,1,
-5,Heath Evans,0,0,-5,1,
16,Rod Smith,0,1,58,5,
38,Clinton Portis,0,0,52,2,
20,Ed McCaffrey,0,0,36,4,
9,Ashley Lelie,0,0,18,2,
17,Reuben Droughns,0,0,17,1,
12,Dwayne Carswell,0,0,12,1,
7,Olandis Gary,0,0,9,2,
6,Mike Anderson,0,0,6,1,
1,Patrick Hape,0,1,1,1,
18,Keyshawn Johnson,0,1,74,7,
22,Keenan McCardell,0,1,56,4,
26,Joe Jurevicius,0,0,48,2,
21,Rickey Dudley,0,0,21,1,
16,Michael Pittman,0,0,21,4,
10,Aaron Stecker,0,0,20,2,
10,Mike Alstott,0,0,13,2,
29,Muhsin Muhammad,0,0,59,3,
14,Dee Brown,0,0,44,6,
11,Nick Goings,0,0,35,4,
20,Steve Smith,0,1,30,4,
14,Wesley Walls,0,0,21,2,
6,Karl Hankton,0,0,6,1,
6,Jermaine Wiggins,0,0,6,1,
4,Lamar Smith,0,0,4,1,
23,Kevin Dyson,0,2,87,8,
23,Derrick Mason,0,0,85,6,
55,Justin McCareins,0,0,55,1,
14,Eddie George,0,0,14,1,
11,Drew Bennett,0,0,11,1,
5,Erron Kinney,0,0,5,1,
72,Hines Ward,1,2,168,10,
15,Plaxico Burress,0,0,41,4,
22,Terance Mathis,0,1,38,3,
15,Amos Zereoue,0,0,37,4,
9,Antwaan Randle El,0,0,26,5,
8,Mark Bruener,0,0,8,1,
,Dan Kreider,1,,,,
52,Corey Bradford,0,1,73,5,
16,Jabar Gaffney,0,0,45,3,
13,Billy Miller,0,0,41,4,
11,James Allen,0,0,32,7,
21,JaJuan Dawson,0,0,21,1,
14,Jarrod Baxter,0,0,16,2,
21,Jimmy Smith,0,1,70,6,
45,Pete Mitchell,0,0,50,2,
30,Bobby Shaw,0,0,46,3,
35,Kevin Lockett,0,0,35,1,
14,Kyle Brady,0,1,23,3,
33,Isaac Bruce,0,0,141,6,
52,Ernie Conwell,0,0,69,2,
22,Torry Holt,0,0,54,4,
22,Lamar Gordon,0,1,52,4,
9,Troy Edwards,0,0,26,3,
8,Ricky Proehl,0,1,15,2,
3,Marc Bulger,0,0,3,1,
24,Marty Booker,0,0,65,7,
21,Stanley Pritchett,0,0,33,4,
11,John Davis,0,0,30,4,
10,Dez White,0,0,18,2,
5,Marcus Robinson,0,0,11,3,
31,Frank Sanders,0,0,55,3,
11,Arnold Jackson,0,1,25,3,
11,Jason McAddley,0,0,20,2,
13,Marcel Shipp,0,0,20,2,
10,Joel Makovicka,0,1,11,2,
6,Freddie Jones,0,0,9,3,
5,Steve Bush,0,0,5,1,
37,Jerry Rice,0,1,110,7,
42,Charlie Garner,0,0,82,5,
26,Jerry Porter,0,2,67,5,
12,Tim Brown,0,0,32,4,
16,Doug Jolley,0,0,25,3,
19,Roland Williams,0,0,19,1,
4,Jon Ritchie,0,0,4,1,
1,Tyrone Wheatley,0,0,1,1,
17,Todd Heap,0,0,42,4,
10,Chester Taylor,0,0,19,2,
17,Alan Ricard,0,0,17,1,
14,Ron Johnson,0,0,14,1,
13,Jamal Lewis,0,0,13,1,
2,Terry Jones,0,0,2,1,
2,Travis Taylor,0,0,2,1,
40,Kevin Dyson,0,0,87,4,
30,Drew Bennett,0,0,49,3,
17,Derrick Mason,0,0,49,4,
19,Frank Wycheck,0,0,38,3,
18,Justin McCareins,0,0,33,2,
15,Erron Kinney,0,0,15,1,
6,Eddie George,0,0,11,2,
4,Robert Holcombe,0,0,8,2,
6,Greg Comella,0,0,6,1,
33,Brad Hoover,0,0,46,3,
9,Karl Hankton,0,0,16,2,
12,Lamar Smith,0,0,16,2,
9,Kris Mangum,0,0,14,2,
5,Dee Brown,0,0,8,2,
8,Isaac Byrd,0,0,8,1,
7,Nick Goings,0,0,7,1,
42,Brian Finneran,0,0,104,4,
31,Warrick Dunn,0,1,53,5,
33,Reggie Kelly,0,0,42,2,
16,Alge Crumpler,0,1,25,3,
21,Bob Christian,0,0,21,2,
14,Trevor Gaylor,0,1,19,2,
9,Shawn Jefferson,0,0,13,2,
40,Marty Booker,0,0,157,10,
33,Dez White,0,1,106,8,
14,Leon Johnson,0,0,27,3,
11,Dustin Lyman,0,0,25,3,
11,Ahmad Merritt,0,0,24,3,
11,Anthony Thomas,0,0,11,1,
5,Stanley Pritchett,0,0,5,1,
3,Marcus Robinson,0,1,3,1,
3,Daimon Shelton,0,0,3,1,
34,Scotty Anderson,0,0,70,5,
22,Germane Crowell,0,1,38,4,
13,James Stewart,0,0,38,6,
17,Bill Schroeder,0,0,31,3,
13,Larry Foster,0,0,13,1,
12,Cory Schlesinger,0,0,12,1,
11,Mikhael Ricks,0,0,11,1,
49,Joey Galloway,0,2,144,7,
47,Ken Yon Rambo,0,0,65,2,
14,Troy Hambrick,0,0,33,3,
22,Mike Lucky,0,0,22,1,
13,Tony McGee,0,0,13,1,
12,Antonio Bryant,0,0,12,1,
12,Emmitt Smith,0,0,12,1,
26,Jimmy Smith,0,0,90,8,
12,Kyle Brady,0,0,40,5,
14,Kevin Lockett,0,1,29,3,
14,Fred Taylor,0,0,29,3,
7,Bobby Shaw,0,0,14,3,
27,Rod Smith,0,1,73,6,
25,Ed McCaffrey,0,0,29,2,
23,Ashley Lelie,0,0,23,1,
9,Dwayne Carswell,0,0,21,3,
21,Scottie Montgomery,0,0,21,1,
10,Olandis Gary,0,0,10,1,
8,Reuben Droughns,0,0,8,1,
21,Marvin Harrison,0,0,107,11,
24,Qadry Ismail,0,0,51,3,
12,Edgerrin James,0,0,31,6,
9,Joe Dean Davenport,0,0,19,3,
8,Troy Walters,0,0,8,1,
5,Reggie Wayne,0,0,7,2,
6,Marcus Pollard,0,0,6,1,
77,James McKnight,0,1,111,3,
11,Chris Chambers,0,0,34,4,
9,Rob Konrad,0,0,19,3,
17,Robert Baker,0,0,17,1,
12,Ricky Williams,0,0,8,2,
5,Robert Edwards,0,0,5,1,
23,Stephen Alexander,0,0,61,8,
10,Reche Caldwell,0,0,17,2,
12,LaDainian Tomlinson,0,0,14,2,
9,Tim Dwight,0,0,12,2,
3,Justin Peelle,0,0,3,1,
19,David Patten,0,0,62,5,
27,Marc Edwards,0,0,43,3,
26,Antowain Smith,0,0,38,2,
10,Troy Brown,0,1,33,4,
20,Deion Branch,0,0,20,1,
17,Daniel Graham,0,0,17,1,
7,Kevin Faulk,0,0,16,3,
9,Christian Fauria,0,2,10,2,
19,Randy Moss,0,0,92,8,
16,Kelly Campbell,0,1,63,6,
21,Byron Chamberlain,0,0,38,3,
22,Jimmy Kleinsasser,0,0,31,2,
18,D Wayne Bates,0,1,29,3,
11,Moe Williams,0,0,11,1,
8,Michael Bennett,0,0,8,1,
59,Michael L Lewis,0,0,114,3,
18,Joe Horn,0,0,47,3,
13,Boo Williams,0,0,43,4,
16,Jerome Pathon,0,0,39,4,
13,James Fenderson,0,0,33,5,
18,Donte Stallworth,0,0,24,2,
14,David Sloan,0,0,14,1,
4,Lamont Hall,0,0,4,1,
40,Dennis Northcutt,0,0,68,3,
46,Quincy Morgan,0,0,57,2,
24,Kevin Johnson,0,1,31,3,
9,Darnell Sanders,0,0,9,1,
8,Steve Heiden,0,0,8,1,
5,James Jackson,0,0,5,1,
4,Mark Campbell,0,0,4,1,
28,Laveranues Coles,0,1,78,7,
22,Santana Moss,0,0,38,2,
19,Anthony Becht,0,0,25,2,
18,Curtis Martin,0,0,18,1,
15,Wayne Chrebet,0,0,15,1,
4,LaMont Jordan,0,0,4,1,
0,Richie Anderson,0,0,0,1,
12,Peerless Price,0,0,49,6,
19,Travis Henry,0,0,43,7,
18,Eric Moulds,0,0,24,2,
11,Jay Riemersma,0,0,22,2,
7,Larry Centers,0,0,13,3,
12,Dave Moore,0,0,12,1,
12,Josh Reed,0,0,12,1,
11,Phillip Crosby,0,0,11,1,
64,Hines Ward,0,1,125,5,
15,Plaxico Burress,0,0,38,4,
15,Jerome Bettis,0,0,27,2,
10,Dan Kreider,0,0,19,4,
14,Amos Zereoue,0,0,17,5,
5,Antwaan Randle El,0,0,10,2,
55,Chad Johnson,0,0,152,7,
20,Ron Dugans,0,0,49,6,
36,Peter Warrick,0,0,47,3,
20,Matt Schobel,0,1,37,3,
6,TJ Houshmandzadeh,0,0,6,1,
5,Corey Dillon,0,0,5,1,
2,Nicolas Luchey,0,0,2,1,
44,Koren Robinson,0,1,168,8,
29,Darrell Jackson,0,0,92,6,
20,Itula Mili,0,0,53,4,
11,Bobby Engram,0,0,28,3,
7,Jerramy Stevens,0,1,13,2,
6,Shaun Alexander,0,0,6,1,
2,Mack Strong,0,1,2,1,
64,Priest Holmes,0,1,110,7,
25,Johnnie Morton,0,0,92,6,
23,Eddie Kennison,0,0,54,4,
17,Tony Gonzalez,0,0,51,4,
15,Marc Boerigter,0,1,15,1,
4,Tony Richardson,0,0,11,3,
10,Dante Hall,0,0,10,1,
39,Keyshawn Johnson,1,0,48,2,
12,Joe Jurevicius,0,1,41,5,
23,Michael Pittman,0,0,23,2,
8,Keenan McCardell,0,0,18,3,
9,Ken Dilger,0,1,17,3,
16,Karl Williams,0,0,16,1,
8,Mike Alstott,0,0,8,1,
-4,Aaron Stecker,0,0,-4,1,
30,Terry Glenn,0,0,61,4,
20,Ahman Green,0,0,40,4,
14,Donald Driver,0,1,32,3,
11,Bubba Franks,0,0,29,4,
10,William Henderson,0,0,19,2,
5,Tony Fisher,0,0,8,2,
7,Javon Walker,0,0,7,1,
42,Billy Miller,0,0,70,4,
16,Corey Bradford,0,0,16,1,
9,Jabar Gaffney,0,0,14,2,
8,Jabari Holloway,0,0,8,1,
-2,James Allen,1,0,-2,1,
-3,Jonathan Wells,0,0,-3,1,
31,Amani Toomer,0,1,113,8,
24,Jeremy Shockey,0,0,60,4,
11,Tiki Barber,0,0,20,4,
18,Daryl Jones,0,0,18,1,
3,Dan Campbell,0,0,3,1,
33,Rod Gardner,0,0,76,4,
22,Rock Cartwright,0,0,46,3,
26,Derrius Thompson,0,0,33,2,
19,Willie Jackson,0,0,19,1,
18,Walter Rasby,0,0,18,1,
16,Bryan Johnson,0,0,16,1,
8,Chris Doering,0,0,15,2,
10,Kenny Watson,0,0,12,2,
30,Isaac Bruce,0,0,89,7,
29,Torry Holt,0,0,75,5,
16,Lamar Gordon,0,0,68,10,
14,Ricky Proehl,0,1,33,4,
11,Trung Canidate,0,0,11,1,
8,James Hodgins,0,0,11,2,
6,Troy Edwards,0,1,10,2,
4,Terrence Wilkins,0,0,4,1,
8,Ernie Conwell,0,0,0,2,
32,Terrell Owens,0,2,166,13,
14,Tai Streets,0,0,65,8,
9,Garrison Hearst,0,0,31,4,
9,JJ Stokes,0,0,28,5,
15,Fred Beasley,0,0,15,1,
7,Paul Smith,0,0,12,2,
9,Cedrick Wilson,0,0,9,1,
8,Justin Swift,0,0,8,1,
3,Kevan Barlow,0,0,3,1,
32,Todd Pinkston,0,1,94,6,
37,James Thrash,0,0,45,2,
21,Chad Lewis,0,1,41,5,
11,Antonio Freeman,0,1,26,4,
24,Jeff Thomason,0,0,24,1,
7,Duce Staley,0,0,12,2,
2,Dorsey Levens,0,0,2,1,
41,Joey Galloway,0,1,54,3,
29,Antonio Bryant,0,1,41,2,
23,Robert Thomas,0,0,23,1,
11,Darnay Scott,0,0,11,1,
10,Tony McGee,0,0,10,1,
8,Michael Wiley,0,0,8,1,
1,Troy Hambrick,0,0,2,2,
-4,Emmitt Smith,0,0,-4,1,
35,Derrius Thompson,0,1,94,6,
40,Rod Gardner,0,1,76,6,
7,Bryan Johnson,0,0,17,3,
16,Zeron Flemister,0,1,16,1,
9,Chris Doering,0,0,15,2,
8,Kenny Watson,0,0,14,2,
11,Stephen Davis,0,0,11,1,
19,Germane Crowell,0,0,46,5,
27,Scotty Anderson,0,0,40,2,
22,Larry Foster,0,0,38,2,
23,Bill Schroeder,0,0,27,2,
7,James Stewart,0,0,23,5,
9,Mikhael Ricks,0,0,18,2,
8,Stephen Trejo,0,0,13,2,
7,Mike McMahon,0,0,7,1,
-2,Eddie Drummond,0,0,-2,1,
24,Troy Brown,0,0,111,10,
28,David Patten,0,0,36,2,
15,Christian Fauria,0,0,19,2,
17,Kevin Faulk,0,0,17,1,
16,Daniel Graham,0,0,16,1,
9,Antowain Smith,0,0,9,1,
2,Marc Edwards,0,0,2,1,
57,Eric Moulds,0,1,130,5,
73,Peerless Price,0,2,93,2,
15,Larry Centers,0,0,35,3,
20,Travis Henry,0,0,27,2,
8,Dave Moore,0,0,8,1,
8,Jay Riemersma,0,0,8,1,
5,Josh Reed,0,0,5,1,
17,Jed Weaver,0,1,18,2,
14,Chris Chambers,0,0,17,2,
11,Dedric Ward,0,0,11,1,
7,Ricky Williams,0,0,7,4,
2,Randy McMichael,0,0,2,2,
31,Ron Dugans,0,0,81,7,
35,Chad Johnson,0,1,78,4,
32,Peter Warrick,0,0,48,3,
18,TJ Houshmandzadeh,0,1,35,4,
11,Matt Schobel,0,0,32,4,
8,Corey Dillon,0,0,28,6,
3,Rudi Johnson,0,0,3,1,
3,Nicolas Luchey,0,0,3,1,
39,Travis Taylor,0,1,59,3,
22,Todd Heap,0,1,30,3,
16,Chester Taylor,0,0,16,1,
4,Jamal Lewis,0,0,4,1,
3,John Jones,0,0,3,1,
3,Alan Ricard,0,0,3,1,
18,Kevin Johnson,0,0,57,5,
18,William Green,0,0,44,3,
9,Steve Heiden,0,0,18,2,
10,Jamel White,0,0,11,2,
17,Muhsin Muhammad,0,0,49,4,
24,Wesley Walls,0,1,24,1,
9,Kris Mangum,0,0,9,1,
4,Dee Brown,0,0,4,1,
3,Steve Smith,0,0,3,1,
42,Donald Driver,0,0,65,5,
16,Ahman Green,0,0,45,5,
23,Terry Glenn,0,0,39,2,
16,Bubba Franks,0,1,34,6,
10,Tony Fisher,0,0,15,2,
12,Javon Walker,0,0,12,1,
6,Robert Ferguson,0,0,6,1,
4,William Henderson,0,1,5,2,
12,Dustin Lyman,0,2,58,7,
21,Marty Booker,0,0,52,6,
45,Marcus Robinson,0,1,45,1,
18,Dez White,0,0,39,5,
12,Leon Johnson,0,0,27,3,
11,John Gilmore,0,0,16,2,
6,Stanley Pritchett,0,0,6,1,
5,Ahmad Merritt,0,0,5,1,
0,Anthony Thomas,0,0,0,1,
33,Marvin Harrison,0,0,101,9,
35,Reggie Wayne,0,0,43,3,
26,Qadry Ismail,0,0,26,1,
16,Marcus Pollard,0,1,16,1,
4,Joe Dean Davenport,0,0,4,1,
12,James Allen,0,0,49,10,
13,Billy Miller,0,0,41,4,
17,JaJuan Dawson,0,0,20,2,
17,Jabar Gaffney,0,0,18,2,
7,Jabari Holloway,0,0,7,1,
2,Jarrod Baxter,0,0,2,1,
42,Kyle Brady,0,1,54,3,
19,Bobby Shaw,0,0,53,4,
12,Jimmy Smith,0,1,26,3,
17,Fred Taylor,0,0,13,2,
54,Plaxico Burress,0,0,95,5,
12,Hines Ward,0,0,51,8,
27,Jerame Tuman,0,0,27,1,
11,Dan Kreider,0,0,17,2,
11,Jerome Bettis,0,0,11,1,
29,Tony Gonzalez,0,1,74,4,
41,Priest Holmes,0,0,56,3,
23,Eddie Kennison,0,0,54,4,
29,Marc Boerigter,0,2,30,2,
15,Dante Hall,0,0,23,2,
13,Johnnie Morton,0,0,18,2,
11,Mike Cloud,0,0,11,1,
13,Marcel Shipp,0,0,37,7,
15,Nate Poole,0,0,35,3,
26,Jason McAddley,0,0,32,2,
9,Freddie Jones,0,0,29,5,
0,Steve Bush,0,0,0,1,
40,Randy Moss,0,0,134,9,
30,D Wayne Bates,0,0,70,5,
13,Jimmy Kleinsasser,0,0,30,3,
9,Chris Walsh,0,0,17,2,
7,Byron Chamberlain,0,0,7,1,
5,Michael Bennett,0,0,6,2,
2,Hunter Goodwin,0,1,2,1,
39,Brian Finneran,0,1,114,5,
16,Alge Crumpler,0,0,36,3,
10,Reggie Kelly,0,0,13,2,
10,Trevor Gaylor,0,0,10,1,
52,Joe Horn,0,1,106,5,
29,JaReed,0,1,43,3,
9,Donte Stallworth,0,0,9,1,
7,Deuce McAllister,0,0,7,1,
26,Keenan McCardell,0,1,107,11,
16,Keyshawn Johnson,1,0,53,5,
44,Mike Alstott,0,1,47,2,
16,Michael Pittman,0,0,27,6,
11,Joe Jurevicius,0,0,18,2,
13,Jameel Cook,0,0,13,1,
11,Ken Dilger,0,0,11,1,
34,Amani Toomer,0,0,104,5,
28,Ron Dixon,0,1,93,5,
23,Jeremy Shockey,0,0,71,7,
8,Ron Dayne,0,0,12,3,
2,Tiki Barber,0,0,2,1,
1,Dan Campbell,0,1,1,1,
24,Derrick Mason,0,1,116,12,
26,Drew Bennett,0,1,65,4,
23,John Simon,0,0,44,2,
12,Justin McCareins,0,0,29,4,
9,Frank Wycheck,0,1,24,3,
13,Eddie George,0,0,19,2,
14,Eddie Berlin,0,0,14,1,
13,Robert Holcombe,0,0,13,1,
10,Erron Kinney,0,0,10,1,
41,Todd Pinkston,0,0,64,3,
22,Chad Lewis,0,0,44,3,
19,Antonio Freeman,0,0,26,2,
8,Duce Staley,0,0,22,3,
8,James Thrash,0,0,16,2,
9,Brian Westbrook,0,0,9,1,
16,Torry Holt,0,0,80,6,
28,Isaac Bruce,0,0,74,5,
11,Ricky Proehl,0,0,29,3,
10,Marshall Faulk,0,0,22,4,
8,Ernie Conwell,0,0,13,2,
14,LaDainian Tomlinson,0,0,51,11,
30,Eric Parker,0,0,48,3,
20,Stephen Alexander,0,0,40,3,
11,Reche Caldwell,0,0,27,3,
18,Tim Dwight,0,0,18,1,
12,Josh Norman,0,0,18,2,
5,Fred McCrary,0,0,15,4,
47,Ed McCaffrey,0,0,126,7,
19,Dwayne Carswell,0,0,54,5,
23,Rod Smith,0,0,36,2,
17,Clinton Portis,0,0,34,3,
22,Reuben Droughns,0,1,26,2,
6,Patrick Hape,0,0,6,1,
4,Ashley Lelie,0,0,4,1,
2,Olandis Gary,0,0,2,1,
22,Tai Streets,0,0,66,6,
10,Terrell Owens,0,0,45,5,
16,Garrison Hearst,0,0,28,2,
20,JJ Stokes,0,0,20,1,
4,Paul Smith,0,0,4,1,
1,Fred Beasley,0,0,1,1,
37,Darrell Jackson,0,2,114,7,
39,Koren Robinson,0,1,95,4,
16,Shaun Alexander,0,0,77,8,
15,Bobby Engram,0,0,72,6,
21,Itula Mili,0,0,40,3,
26,Jerramy Stevens,0,0,29,2,
20,Tim Brown,0,0,90,8,
26,Jerry Rice,0,1,66,4,
14,Charlie Garner,0,0,60,9,
19,Doug Jolley,0,0,58,5,
17,Jerry Porter,0,0,32,2,
17,Roland Williams,0,0,22,2,
14,Jon Ritchie,0,0,14,1,
27,Laveranues Coles,0,0,158,10,
37,Wayne Chrebet,0,1,66,5,
12,LaMont Jordan,0,0,24,3,
11,Curtis Martin,0,0,11,2,
6,Jerald Sowell,0,1,6,1,
0,Richie Anderson,0,0,0,1,
23,Kevin Kasper,0,0,49,3,
19,Jason McAddley,0,0,48,5,
13,Marcel Shipp,0,0,45,4,
17,Freddie Jones,0,0,42,4,
11,Nate Poole,0,1,41,6,
2,Joel Makovicka,0,1,3,2,
28,James Stewart,0,0,34,3,
10,Mikhael Ricks,0,1,29,4,
10,Cory Schlesinger,0,0,25,6,
19,Germane Crowell,0,0,19,1,
9,Bill Schroeder,0,0,16,2,
13,John Owens,0,0,13,1,
10,Scotty Anderson,0,0,10,1,
7,Larry Foster,0,0,7,1,
-1,Eddie Drummond,0,0,-1,1,
77,Jamal Lewis,0,1,108,4,
43,Todd Heap,0,0,87,5,
34,Travis Taylor,0,0,83,5,
19,Chester Taylor,0,0,19,1,
6,Terry Jones,0,1,11,2,
8,Alan Ricard,0,0,8,1,
39,Joe Horn,0,0,87,7,
28,Donte Stallworth,0,1,57,3,
54,JaReed,0,0,54,1,
11,Jerome Pathon,0,0,11,1,
10,Deuce McAllister,0,0,10,3,
7,David Sloan,0,0,7,1,
49,Steve Smith,0,1,144,5,
26,Muhsin Muhammad,0,1,106,8,
27,Wesley Walls,0,1,29,2,
12,Kris Mangum,0,0,22,2,
8,Dee Brown,0,0,9,2,
8,Nick Goings,0,0,9,2,
32,Chad Johnson,0,0,114,6,
37,Peter Warrick,0,2,52,3,
18,TJ Houshmandzadeh,0,0,43,3,
16,Corey Dillon,0,0,30,4,
10,Ron Dugans,0,0,28,4,
9,Rudi Johnson,0,0,15,2,
7,Matt Schobel,0,0,9,2,
4,Danny Farmer,0,0,4,1,
58,Tony McGee,0,0,73,3,
31,Michael Wiley,0,0,31,1,
9,Troy Hambrick,0,0,12,2,
10,Antonio Bryant,0,0,10,1,
7,Joey Galloway,0,0,7,1,
7,James Whalen,0,0,7,1,
6,Ken Yon Rambo,0,0,6,1,
1,Robert Thomas,0,0,1,1,
23,Terrell Owens,0,2,123,12,
9,Eric Johnson,0,0,60,8,
23,Tai Streets,0,1,36,6,
14,Fred Beasley,0,0,28,3,
11,Paul Smith,0,0,17,2,
11,Justin Swift,0,0,11,1,
5,JJ Stokes,0,0,3,2,
4,Garrison Hearst,0,0,-2,2,
40,Robert Ferguson,0,2,105,6,
16,Javon Walker,0,0,33,3,
15,Donald Driver,0,0,25,2,
9,Tony Fisher,0,0,19,5,
9,Bubba Franks,0,0,15,2,
11,Tyrone Davis,0,0,11,2,
4,Jay Graham,0,0,6,2,
24,D Wayne Bates,0,0,71,5,
15,Randy Moss,0,1,25,3,
17,Chris Walsh,0,0,17,1,
7,Jimmy Kleinsasser,0,0,10,2,
5,Michael Bennett,0,0,8,3,
5,Byron Chamberlain,0,0,5,1,
17,Jimmy Smith,0,0,23,2,
8,Kyle Brady,0,1,16,3,
13,Bobby Shaw,0,0,13,1,
11,Fred Taylor,0,0,12,2,
5,Patrick Washington,0,0,5,1,
4,Stacey Mack,0,0,4,1,
60,Quincy Morgan,0,2,118,3,
22,Kevin Johnson,0,0,29,2,
26,Mark Campbell,0,0,26,1,
12,William Green,0,0,25,3,
8,Jamel White,0,0,25,4,
8,Steve Heiden,0,0,21,5,
10,Andre Davis,0,0,20,3,
16,Tony Gonzalez,0,0,38,5,
29,Eddie Kennison,0,0,29,1,
20,Johnnie Morton,0,0,20,1,
13,Priest Holmes,0,0,16,2,
7,Tony Richardson,0,0,7,1,
6,Marc Boerigter,0,1,6,1,
12,Isaac Bruce,0,1,47,5,
20,Torry Holt,0,0,45,4,
19,Marshall Faulk,0,0,35,4,
12,Ricky Proehl,0,0,33,4,
15,Brandon Manumaleuna,0,0,25,2,
12,Ernie Conwell,0,0,17,3,
11,Lamar Gordon,0,0,11,1,
5,Terrence Wilkins,0,0,5,1,
41,Deion Branch,0,0,41,1,
33,Christian Fauria,0,0,33,1,
30,David Givens,0,0,30,1,
12,Troy Brown,0,0,27,3,
10,David Patten,0,1,14,2,
9,Donald Hayes,0,1,9,1,
6,Antowain Smith,0,0,9,2,
6,Daniel Graham,0,0,8,2,
7,Marc Edwards,0,0,7,1,
5,Kevin Faulk,0,0,5,1,
41,Peerless Price,0,0,105,9,
42,Josh Reed,0,0,68,3,
12,Eric Moulds,0,2,63,8,
11,Larry Centers,0,0,42,5,
12,Jay Riemersma,0,0,39,4,
10,Charles Johnson,0,0,17,2,
-6,Ruben Brown,0,0,-6,1,
34,Laveranues Coles,0,1,126,6,
19,Wayne Chrebet,0,0,69,5,
14,Anthony Becht,0,0,22,2,
10,Curtis Martin,0,0,9,3,
9,Santana Moss,0,0,9,1,
6,Richie Anderson,0,0,6,1,
3,Jerald Sowell,0,0,3,1,
22,Shannon Sharpe,0,0,100,9,
16,Ashley Lelie,0,1,38,3,
9,Rod Smith,0,0,38,6,
15,Ed McCaffrey,0,0,32,3,
13,Olandis Gary,0,0,23,3,
12,Clinton Portis,0,0,22,3,
13,Mike Anderson,0,0,13,1,
26,Antwaan Randle El,0,0,88,8,
19,Plaxico Burress,0,0,83,6,
17,Hines Ward,0,0,76,9,
14,Terance Mathis,0,0,42,5,
14,Amos Zereoue,0,0,27,2,
10,Dan Kreider,0,0,10,1,
15,Billy Miller,0,0,33,3,
28,Eric Parker,0,0,96,7,
25,Jesse Chatman,0,0,40,2,
14,Tim Dwight,0,0,26,3,
26,Josh Norman,0,0,26,1,
8,Stephen Alexander,0,0,24,4,
8,LaDainian Tomlinson,0,0,22,4,
5,Fred McCrary,0,0,5,1,
56,Jerry Rice,0,0,113,7,
33,Doug Jolley,0,0,104,6,
24,Charlie Garner,0,0,43,4,
9,Tim Brown,0,0,23,3,
13,Jerry Porter,0,0,16,2,
8,Tyrone Wheatley,0,0,15,2,
8,Marcus Knight,0,0,8,1,
6,Roland Williams,0,0,6,1,
13,Bobby Engram,0,0,48,5,
20,Koren Robinson,0,1,44,4,
19,Darrell Jackson,0,0,34,3,
16,Jerramy Stevens,0,1,32,3,
12,Itula Mili,0,0,24,2,
13,Heath Evans,0,0,17,2,
12,Mack Strong,0,0,16,2,
9,Shaun Alexander,0,0,8,3,
22,Todd Pinkston,0,1,88,7,
12,Dorsey Levens,0,0,30,3,
17,Antonio Freeman,0,0,24,2,
7,James Thrash,0,1,23,5,
9,Chad Lewis,0,0,19,3,
6,Duce Staley,0,0,6,1,
22,Joe Jurevicius,0,2,100,8,
42,Michael Pittman,0,0,50,4,
27,Keenan McCardell,0,2,49,4,
31,Rickey Dudley,0,0,31,1,
15,Keyshawn Johnson,0,0,25,2,
9,Ken Dilger,0,0,18,3,
3,Jameel Cook,0,0,3,1,
47,Trevor Gaylor,0,0,47,1,
20,Alge Crumpler,0,1,25,2,
15,Reggie Kelly,0,0,25,2,
7,TJ Duckett,0,0,11,2,
6,Shawn Jefferson,0,0,11,2,
3,Bob Christian,0,0,3,1,
2,Brian Finneran,0,0,3,2,
23,Derrick Mason,0,0,77,6,
29,Drew Bennett,0,0,46,2,
42,John Simon,0,1,42,1,
11,Frank Wycheck,0,0,40,5,
10,Robert Holcombe,0,0,18,2,
6,Eddie George,0,0,8,2,
6,Erron Kinney,0,0,6,1,
49,Reggie Wayne,0,0,103,5,
17,Marvin Harrison,0,0,76,9,
24,Marcus Pollard,0,1,47,3,
15,Qadry Ismail,0,0,30,3,
8,Edgerrin James,0,0,25,4,
10,James Mungro,0,0,16,2,
36,Derrius Thompson,0,0,122,6,
23,Rod Gardner,0,1,76,5,
24,Ladell Betts,0,0,53,4,
18,Darnerien McCants,0,0,41,3,
15,Walter Rasby,0,0,24,2,
10,Kenny Watson,0,0,19,2,
15,Zeron Flemister,0,0,15,1,
12,Chris Doering,1,0,12,1,
1,Stephen Davis,0,0,1,1,
30,Jeremy Shockey,0,0,89,5,
29,Amani Toomer,0,1,60,4,
32,Daryl Jones,0,0,41,3,
9,Tiki Barber,0,0,13,2,
3,Charles Stackhouse,0,1,5,2,
4,Ron Dayne,0,0,4,1,
34,James McKnight,0,0,90,4,
26,Chris Chambers,0,0,34,2,
11,Rob Konrad,0,0,27,5,
26,Randy McMichael,0,0,26,1,
8,Cris Carter,0,0,8,1,
6,Dedric Ward,0,0,6,1,
5,Jed Weaver,0,1,5,1,
26,Marty Booker,0,1,46,5,
12,John Gilmore,0,0,24,2,
11,Ahmad Merritt,0,0,11,1,
9,Leon Johnson,0,0,9,1,
7,Adrian Peterson,0,0,7,1,
4,Dez White,0,0,4,1,
20,Alge Crumpler,0,1,75,5,
28,Trevor Gaylor,0,1,60,4,
23,Warrick Dunn,0,0,45,6,
28,Brian Finneran,0,0,45,4,
8,Shawn Jefferson,0,0,15,2,
35,Koren Robinson,0,0,143,9,
30,Darrell Jackson,0,0,99,7,
13,Jerramy Stevens,0,1,19,3,
17,James Williams,0,0,17,1,
15,Shaun Alexander,0,0,15,1,
5,Itula Mili,0,0,5,1,
17,Eric Moulds,0,0,61,5,
11,Peerless Price,0,0,31,3,
7,Dave Moore,0,0,7,1,
5,Larry Centers,0,0,5,1,
3,Jay Riemersma,0,0,3,1,
42,Tim Dwight,0,0,81,5,
47,Curtis Conway,0,0,58,3,
31,Stephen Alexander,0,0,42,3,
7,LaDainian Tomlinson,0,0,13,3,
10,Justin Peelle,0,0,10,1,
8,Fred McCrary,0,0,8,1,
12,Marty Booker,0,0,62,9,
16,John Gilmore,0,0,28,3,
12,Dez White,0,0,28,4,
24,Stanley Pritchett,0,0,24,1,
9,Leon Johnson,0,0,22,3,
16,Adrian Peterson,0,0,16,1,
-3,Ahmad Merritt,0,0,-3,1,
21,Laveranues Coles,0,0,71,5,
12,Curtis Martin,0,0,33,4,
22,Wayne Chrebet,0,1,30,3,
15,Jerald Sowell,0,0,24,2,
15,Richie Anderson,0,0,23,3,
8,Chad Morton,0,0,13,2,
7,Santana Moss,0,0,7,2,
6,Anthony Becht,0,0,6,1,
44,Chad Johnson,0,0,91,4,
25,Ron Dugans,0,0,69,6,
21,TJ Houshmandzadeh,0,0,41,3,
12,Brandon Bennett,0,0,26,3,
9,Matt Schobel,0,0,17,3,
5,Lorenzo Neal,0,0,8,2,
6,Tony Stewart,0,0,6,1,
26,Jimmy Smith,0,1,98,7,
20,Fred Taylor,0,0,43,4,
12,Pete Mitchell,0,1,31,4,
23,Kyle Brady,0,0,23,1,
9,Bobby Shaw,0,0,16,2,
12,Kevin Lockett,0,1,12,1,
78,Quincy Morgan,0,1,90,3,
33,Jamel White,0,0,73,6,
30,Kevin Johnson,0,1,70,5,
17,William Green,0,0,24,3,
10,Mark Campbell,0,0,15,2,
13,Andre King,0,0,13,1,
2,Andre Davis,0,0,2,1,
46,Marvin Harrison,0,2,172,9,
22,Marcus Pollard,0,0,41,2,
22,Joe Dean Davenport,0,0,22,1,
10,Edgerrin James,0,0,20,3,
9,Qadry Ismail,0,0,14,3,
7,James Mungro,0,0,8,2,
46,Rod Smith,0,0,83,3,
66,Clinton Portis,0,1,75,3,
40,Ashley Lelie,0,0,68,2,
9,Shannon Sharpe,0,0,31,5,
10,Mike Anderson,0,0,19,2,
6,Ed McCaffrey,0,0,11,2,
10,Dwayne Carswell,0,0,10,1,
75,Dante Hall,0,2,143,5,
23,Eddie Kennison,0,0,69,4,
25,Tony Gonzalez,0,0,58,4,
16,Priest Holmes,0,0,22,2,
12,Tony Richardson,0,0,14,2,
4,M Minnis,0,0,4,1,
46,Bill Schroeder,0,1,96,4,
37,Aveion Cason,0,0,38,2,
9,Mikhael Ricks,0,0,9,1,
7,Germane Crowell,0,0,7,1,
6,Cory Schlesinger,0,0,6,1,
2,Scotty Anderson,0,0,2,1,
30,Keyshawn Johnson,0,0,90,6,
15,Michael Pittman,0,0,47,5,
23,Ken Dilger,0,0,35,3,
16,Rickey Dudley,0,0,29,3,
19,Keenan McCardell,0,0,25,2,
11,Mike Alstott,0,0,23,3,
5,Aaron Stecker,0,0,4,2,
40,Chris Chambers,0,0,138,7,
14,Ricky Williams,0,0,39,5,
10,James McKnight,0,0,36,4,
6,Cris Carter,0,1,12,3,
9,Randy McMichael,0,0,12,2,
25,Doug Jolley,0,0,62,3,
15,Charlie Garner,0,0,46,6,
20,Jerry Porter,1,1,36,2,
16,Tim Brown,0,0,30,3,
15,Jerry Rice,0,0,30,3,
18,Joe Horn,1,0,60,5,
20,Jerome Pathon,0,0,57,4,
35,JaReed,0,1,53,3,
17,Donte Stallworth,0,0,42,4,
17,Deuce McAllister,0,1,27,3,
10,Terrelle Smith,0,0,10,1,
6,Boo Williams,0,0,6,1,
33,Randy Moss,0,2,113,11,
35,Michael Bennett,0,0,61,3,
17,Byron Chamberlain,0,0,50,4,
32,Kelly Campbell,0,0,42,2,
9,D Wayne Bates,0,0,20,3,
13,Jimmy Kleinsasser,0,0,20,2,
6,Moe Williams,0,0,6,1,
33,Amani Toomer,0,0,99,6,
30,Tiki Barber,0,0,51,3,
17,Jeremy Shockey,0,0,28,3,
14,Dan Campbell,0,0,20,2,
12,Daryl Jones,0,0,12,1,
10,Charles Stackhouse,0,0,10,1,
14,Antonio Bryant,0,1,31,3,
12,Michael Wiley,0,0,31,4,
30,Joey Galloway,0,0,30,1,
14,Reggie Swinton,0,0,26,2,
23,Ken Yon Rambo,0,0,23,1,
12,Darnay Scott,0,0,12,1,
4,Robert Thomas,0,0,4,1,
4,James Whalen,0,0,4,1,
2,Troy Hambrick,0,0,2,1,
-2,Emmitt Smith,0,0,-2,1,
53,Cecil Martin,0,0,59,3,
21,Todd Pinkston,0,0,49,5,
30,Chad Lewis,0,0,44,2,
38,Duce Staley,0,1,44,2,
13,Dorsey Levens,0,0,11,2,
7,Freddie Mitchell,0,0,7,1,
6,Antonio Freeman,0,1,6,1,
21,Derrius Thompson,0,1,70,7,
30,Rod Gardner,0,1,58,3,
15,Darnerien McCants,0,0,39,4,
7,Rock Cartwright,0,0,15,3,
15,Chris Doering,0,1,15,1,
8,Zeron Flemister,0,0,8,1,
4,Ladell Betts,0,0,7,2,
3,Kenny Watson,0,0,1,2,
47,Plaxico Burress,0,1,120,6,
27,Hines Ward,0,0,39,3,
10,Amos Zereoue,0,0,31,6,
9,Jerome Bettis,0,0,9,1,
6,Jerame Tuman,0,0,6,1,
5,Antwaan Randle El,0,0,5,1,
3,Verron Haynes,0,0,3,1,
3,Dan Kreider,0,0,2,2,
23,Steve Smith,0,0,57,5,
17,Muhsin Muhammad,0,0,39,5,
11,Isaac Byrd,0,0,20,2,
6,Dee Brown,0,1,6,1,
6,Karl Hankton,0,0,6,1,
-1,Nick Goings,0,0,-1,1,
3,Jermaine Wiggins,0,0,-1,2,
45,Terrell Owens,0,1,75,8,
14,Eric Johnson,0,0,66,8,
8,Fred Beasley,0,0,8,1,
6,Garrison Hearst,0,0,6,1,
1,Tai Streets,0,0,1,1,
22,Terry Glenn,0,0,46,3,
15,Donald Driver,0,1,42,4,
15,Bubba Franks,0,0,37,4,
23,Tyrone Davis,0,0,34,2,
10,William Henderson,0,0,33,5,
6,Javon Walker,0,0,6,1,
5,Tony Fisher,0,0,3,3,
3,Ahman Green,0,0,0,3,
58,Torry Holt,0,1,141,7,
19,Ernie Conwell,0,0,54,5,
33,Ricky Proehl,0,0,53,4,
24,Isaac Bruce,0,0,29,2,
18,Lamar Gordon,0,0,22,2,
9,Troy Edwards,0,1,13,2,
4,Marshall Faulk,0,0,7,2,
80,Marcel Shipp,0,1,79,2,
22,Jason McAddley,0,0,57,3,
24,Kevin Kasper,0,0,54,4,
17,Joel Makovicka,0,0,22,2,
14,Nate Poole,0,0,22,2,
11,Steve Bush,0,1,12,2,
7,Jason Starkey,0,0,7,1,
5,Jake Soliday,0,0,5,1,
20,Billy Miller,0,0,77,8,
19,JaJuan Dawson,0,0,38,3,
12,Corey Bradford,0,0,28,3,
24,Jabari Holloway,0,0,24,1,
6,James Allen,0,0,10,2,
10,Jabar Gaffney,0,0,10,1,
9,Jonathan Wells,0,0,9,1,
30,Travis Taylor,0,1,96,5,
15,Chester Taylor,0,1,40,3,
27,Terry Jones,0,0,35,2,
21,Todd Heap,0,0,34,3,
5,Jamal Lewis,0,0,12,4,
11,Randy Hymes,0,0,11,1,
20,Derrick Mason,0,0,86,6,
16,Drew Bennett,0,0,16,1,
9,Eddie George,0,0,16,2,
9,Greg Comella,0,0,9,1,
9,Robert Holcombe,0,0,9,1,
12,Troy Brown,0,0,73,8,
35,Antowain Smith,0,0,41,2,
10,Cameron Cleeland,0,0,10,1,
5,Daniel Graham,0,0,8,2,
5,David Patten,0,0,5,1,
0,Kevin Faulk,0,0,0,1,
15,Kevin Kasper,0,2,33,4,
15,Marcel Shipp,0,0,31,4,
8,Steve Bush,0,0,23,4,
9,Jason McAddley,0,0,12,2,
6,Nate Poole,0,0,10,2,
33,Tai Streets,0,0,90,8,
22,Cedrick Wilson,0,0,56,4,
21,JJ Stokes,0,0,48,4,
25,Fred Beasley,0,1,25,1,
7,Eric Johnson,0,0,19,3,
9,Garrison Hearst,0,0,9,1,
7,Justin Swift,0,0,9,2,
24,Antonio Bryant,0,0,34,3,
14,Tony McGee,0,0,28,3,
14,Darnay Scott,0,0,25,2,
10,James Whalen,0,0,24,3,
6,Troy Hambrick,0,0,6,1,
7,Emmitt Smith,0,0,6,2,
5,Robert Thomas,0,0,5,1,
41,Antonio Freeman,0,0,82,4,
28,Todd Pinkston,0,1,55,4,
20,Chad Lewis,0,0,34,3,
34,James Thrash,0,0,34,1,
16,Duce Staley,0,0,27,3,
12,Freddie Mitchell,0,0,17,2,
5,Dorsey Levens,0,0,5,1,
-1,Brian Westbrook,0,0,-1,1,
60,Randy Moss,0,0,110,7,
20,D Wayne Bates,0,1,79,7,
13,Byron Chamberlain,0,0,33,3,
24,Jimmy Kleinsasser,0,0,20,2,
8,Michael Bennett,0,0,15,2,
59,Chris Chambers,0,1,68,2,
14,James McKnight,0,0,47,5,
9,Ricky Williams,0,0,16,3,
15,Cris Carter,0,0,15,1,
13,Rob Konrad,0,0,15,2,
13,Randy McMichael,0,0,13,1,
3,Jed Weaver,0,1,3,1,
60,Quentin McCord,0,1,182,7,
34,Brian Finneran,0,1,54,3,
17,Warrick Dunn,0,0,37,5,
14,Bob Christian,0,0,27,2,
21,Reggie Kelly,0,0,21,1,
11,Trevor Gaylor,0,0,16,2,
46,Bill Schroeder,1,0,60,2,
21,Cory Schlesinger,0,0,39,2,
18,Scotty Anderson,0,0,18,1,
15,Aveion Cason,0,1,15,1,
9,James Stewart,0,1,10,3,
5,Mikhael Ricks,0,0,7,2,
12,Todd Heap,0,0,61,7,
17,Travis Taylor,0,1,39,3,
15,Randy Hymes,0,0,36,3,
4,Alan Ricard,0,0,4,1,
3,Jamal Lewis,0,0,3,1,
0,Chester Taylor,0,0,0,1,
28,Jamel White,0,0,63,4,
17,Quincy Morgan,0,0,50,3,
13,Kevin Johnson,0,0,44,5,
13,Andre Davis,0,0,21,3,
11,Andre King,0,0,20,2,
6,Mark Campbell,0,1,7,2,
4,William Green,0,0,2,2,
2,Steve Heiden,0,0,2,1,
69,Steve Smith,0,0,97,4,
15,Isaac Byrd,0,0,24,3,
10,Muhsin Muhammad,0,1,22,5,
14,Nick Goings,0,0,19,2,
9,Wesley Walls,0,0,9,1,
3,Brad Hoover,0,0,4,2,
4,Kris Mangum,0,0,4,1,
76,Dez White,0,2,81,2,
27,John Gilmore,0,0,32,2,
28,Marcus Robinson,0,0,28,1,
7,Marty Booker,0,0,20,5,
4,Leon Johnson,0,0,7,4,
-5,Adrian Peterson,0,0,-5,1,
30,Peter Warrick,0,1,71,7,
15,Chad Johnson,0,0,47,4,
11,TJ Houshmandzadeh,0,0,20,2,
16,Corey Dillon,0,0,16,1,
15,Ron Dugans,0,0,15,1,
7,Danny Farmer,0,0,7,1,
6,Brandon Bennett,0,0,6,1,
6,Nicolas Luchey,0,0,6,1,
2,Matt Schobel,0,0,2,1,
0,Lorenzo Neal,0,0,0,1,
57,Donte Stallworth,0,1,111,6,
15,Joe Horn,0,0,64,6,
9,Boo Williams,0,0,9,1,
8,Michael L Lewis,0,0,8,1,
7,Terrelle Smith,0,0,7,1,
4,JaReed,0,0,4,1,
20,Donald Driver,0,1,52,5,
12,Terry Glenn,0,0,27,4,
10,Ahman Green,0,0,17,2,
11,Robert Ferguson,0,0,11,1,
6,William Henderson,0,0,6,1,
1,Tyrone Davis,0,0,1,1,
0,Tony Fisher,0,0,0,1,
13,Eric Moulds,0,0,45,5,
13,Peerless Price,0,0,39,5,
11,Jay Riemersma,0,0,31,3,
22,Charles Johnson,0,0,22,1,
17,Josh Reed,0,0,17,1,
7,Dave Moore,0,0,14,2,
11,Travis Henry,0,0,11,1,
25,Marvin Harrison,0,1,128,10,
40,Reggie Wayne,0,2,104,6,
40,Marcus Pollard,1,0,69,5,
18,Troy Walters,0,0,35,3,
14,Qadry Ismail,0,0,20,2,
7,Joe Dean Davenport,0,0,7,1,
5,Edgerrin James,0,0,2,3,
82,Amani Toomer,0,3,204,10,
26,Jeremy Shockey,0,0,116,7,
12,Dan Campbell,0,0,19,2,
18,Charles Stackhouse,0,1,18,1,
4,Tiki Barber,0,0,5,2,
4,Ron Dayne,0,0,4,1,
15,Kyle Brady,0,0,55,5,
25,Bobby Shaw,0,0,50,4,
16,Pete Mitchell,0,0,16,1,
9,Stacey Mack,0,0,15,3,
7,Jimmy Smith,0,1,14,3,
5,Fred Taylor,0,0,7,2,
12,Derrick Mason,0,1,56,6,
18,Drew Bennett,0,0,32,2,
7,Greg Comella,0,0,12,2,
11,Frank Wycheck,0,0,11,1,
8,Justin McCareins,0,0,8,1,
5,Erron Kinney,0,0,5,1,
-1,Eddie George,0,0,-1,1,
99,Marc Boerigter,0,2,144,5,
22,Eddie Kennison,0,0,70,5,
32,Tony Gonzalez,0,0,65,6,
13,Mike Cloud,0,0,28,3,
13,Omar Easy,0,1,23,3,
7,Dante Hall,0,0,7,1,
24,Tim Dwight,0,1,63,6,
26,Reche Caldwell,0,0,53,4,
21,Eric Parker,0,0,48,3,
32,Stephen Alexander,0,0,45,2,
13,LaDainian Tomlinson,0,0,26,9,
4,Jesse Chatman,0,0,4,1,
3,Fred McCrary,0,1,3,1,
14,Kevin Faulk,0,0,38,4,
15,David Patten,0,0,38,5,
8,Antowain Smith,0,0,22,4,
6,Christian Fauria,0,1,12,2,
9,Marc Edwards,0,0,9,1,
7,Troy Brown,0,0,8,2,
6,David Givens,0,0,6,1,
32,Laveranues Coles,0,1,78,5,
47,Santana Moss,0,1,77,4,
21,Wayne Chrebet,0,1,61,4,
8,Richie Anderson,0,0,34,5,
15,Anthony Becht,0,0,21,2,
7,Jerald Sowell,0,0,7,1,
4,Chris Baker,0,0,4,1,
3,Curtis Martin,0,0,3,1,
37,Charlie Garner,0,1,91,8,
27,Tim Brown,0,0,79,6,
10,Jerry Rice,0,0,25,3,
6,Jerry Porter,0,0,6,1,
48,Ashley Lelie,0,0,106,4,
30,Shannon Sharpe,0,0,84,7,
24,Rod Smith,0,0,64,5,
15,Ed McCaffrey,0,0,23,3,
5,Clinton Portis,0,0,5,1,
44,Koren Robinson,0,0,94,4,
38,Darrell Jackson,0,1,71,4,
29,Jerramy Stevens,0,0,70,4,
21,Itula Mili,0,0,21,1,
12,Mack Strong,0,0,19,3,
8,Bobby Engram,0,0,15,2,
7,Heath Evans,0,0,7,1,
6,Shaun Alexander,0,0,6,1,
18,Torry Holt,0,1,92,9,
18,Isaac Bruce,0,0,49,4,
15,Troy Edwards,0,0,39,5,
14,Lamar Gordon,0,0,26,2,
14,Ricky Proehl,0,0,22,3,
7,James Hodgins,0,0,19,4,
11,Marshall Faulk,0,0,17,4,
6,Ernie Conwell,0,0,6,1,
28,Derrius Thompson,0,1,73,5,
33,Rod Gardner,0,0,53,4,
30,Darnerien McCants,0,0,50,3,
12,Rock Cartwright,0,1,12,1,
2,Kenny Watson,0,0,2,1,
15,Corey Bradford,0,0,43,5,
16,Billy Miller,0,0,30,3,
16,Jabar Gaffney,0,0,16,1,
12,James Allen,0,0,12,1,
6,Jonathan Wells,0,0,6,1,
5,JaJuan Dawson,0,0,5,1,
23,Keyshawn Johnson,0,1,132,8,
15,Keenan McCardell,0,0,45,6,
21,Joe Jurevicius,0,0,28,2,
11,Ken Dilger,0,0,11,1,
6,Rickey Dudley,0,0,8,2,
4,Mike Alstott,0,0,4,1,
4,Michael Pittman,0,0,4,1,
41,Plaxico Burress,0,0,127,5,
22,Hines Ward,0,0,78,6,
8,Amos Zereoue,0,0,18,3,
11,Antwaan Randle El,0,1,11,1,
8,Dan Kreider,0,0,8,1,
4,Matt Cushing,0,0,4,1,
-2,Jerome Bettis,0,0,-2,1,
24,Jeremy Shockey,0,1,98,10,
19,Tiki Barber,0,0,73,8,
33,Amani Toomer,0,0,57,2,
4,Dan Campbell,0,0,8,2,
8,Ron Dayne,0,0,8,1,
8,Daryl Jones,0,0,8,1,
4,Charles Stackhouse,0,0,4,1,
35,Duce Staley,0,0,39,3,
20,Jeff Thomason,0,0,37,2,
14,Freddie Mitchell,0,0,35,4,
16,Chad Lewis,0,0,16,1,
11,Cecil Martin,0,0,11,1,
8,James Thrash,0,0,8,1,
4,Antonio Freeman,0,0,4,1,
20,Tim Brown,0,0,31,2,
15,Jerry Rice,0,0,21,2,
15,Doug Jolley,0,1,15,1,
9,Jerry Porter,0,0,12,2,
21,Derrick Blaylock,0,0,47,5,
16,Tony Gonzalez,0,0,35,4,
13,Eddie Kennison,0,0,20,2,
15,Marc Boerigter,0,0,18,2,
13,Johnnie Morton,0,0,13,1,
4,Dante Hall,0,0,4,1,
16,Eric Moulds,0,1,75,9,
28,Peerless Price,0,0,57,5,
21,Josh Reed,0,0,54,3,
22,Larry Centers,0,0,23,2,
15,Jay Riemersma,0,0,22,2,
1,Travis Henry,0,0,0,2,
50,Chad Johnson,0,0,123,6,
22,Danny Farmer,0,0,40,3,
11,Peter Warrick,0,0,27,3,
11,TJ Houshmandzadeh,0,0,26,3,
12,Ron Dugans,0,0,12,1,
7,Corey Dillon,0,0,9,2,
4,Matt Schobel,0,0,4,1,
31,Leon Johnson,0,0,31,1,
30,John Gilmore,0,0,30,1,
8,Marty Booker,0,0,25,4,
8,Ahmad Merritt,0,0,22,4,
17,Dez White,0,0,21,2,
8,Daimon Shelton,0,0,8,1,
16,Keyshawn Johnson,0,0,41,5,
16,Ken Dilger,0,0,32,3,
21,Michael Pittman,0,0,28,2,
9,Joe Jurevicius,0,0,12,2,
6,Keenan McCardell,0,0,11,2,
6,Rickey Dudley,0,0,6,1,
4,Mike Alstott,0,0,4,1,
22,Andre Davis,0,0,36,2,
15,Kevin Johnson,0,1,32,3,
24,Quincy Morgan,0,0,32,2,
22,Dennis Northcutt,0,0,22,1,
12,Mark Campbell,0,0,12,1,
11,William Green,0,0,9,2,
7,Steve Heiden,0,0,9,2,
2,Jamel White,0,0,2,1,
47,Brian Finneran,0,1,77,3,
31,Quentin McCord,0,0,65,3,
18,Alge Crumpler,0,0,34,2,
12,Trevor Gaylor,0,0,30,3,
9,Warrick Dunn,0,0,14,3,
6,George Layne,0,0,11,2,
9,Reggie Kelly,0,0,9,1,
52,Ed McCaffrey,0,0,112,7,
20,Rod Smith,0,1,62,5,
14,Clinton Portis,0,0,18,2,
6,Shannon Sharpe,0,0,6,1,
5,Ashley Lelie,0,1,5,1,
18,Freddie Jones,0,0,45,4,
22,Kevin Kasper,0,1,44,4,
19,Jason McAddley,0,0,38,3,
9,Steve Bush,0,0,14,3,
6,Joel Makovicka,0,0,6,1,
6,Marcel Shipp,0,0,6,1,
46,Bill Schroeder,0,1,132,6,
20,Scotty Anderson,0,1,56,4,
26,Aveion Cason,0,1,49,2,
9,Larry Foster,0,0,17,2,
8,Cory Schlesinger,0,0,15,2,
12,James Stewart,0,0,12,1,
8,Matt Murphy,0,0,8,1,
4,Rafael Cooper,0,0,4,1,
56,Randy Moss,0,0,109,6,
59,D Wayne Bates,0,0,75,5,
27,Kelly Campbell,0,2,60,4,
15,Michael Bennett,0,0,31,3,
18,Jimmy Kleinsasser,0,0,29,2,
8,Hunter Goodwin,0,0,8,1,
11,Marcus Pollard,0,1,39,5,
17,Edgerrin James,0,0,33,4,
15,Reggie Wayne,0,0,29,3,
8,Marvin Harrison,0,0,28,6,
13,Troy Walters,0,0,13,1,
4,James Mungro,0,0,4,1,
21,Jimmy Smith,0,0,35,3,
12,Pete Mitchell,0,0,32,4,
14,Kyle Brady,0,0,24,2,
12,Stacey Mack,0,0,22,2,
14,Fred Taylor,0,0,14,1,
8,Bobby Shaw,0,0,8,1,
23,Kevin Faulk,0,0,70,9,
19,Troy Brown,0,1,67,8,
20,David Patten,0,0,56,5,
13,David Givens,0,0,13,1,
11,Antowain Smith,0,0,11,1,
4,Christian Fauria,1,0,4,1,
16,Dedric Ward,0,0,34,4,
32,James McKnight,0,1,32,1,
14,Randy McMichael,0,0,25,3,
12,Rob Konrad,0,0,12,1,
8,Ricky Williams,0,0,7,2,
28,Donte Stallworth,0,0,60,4,
20,Joe Horn,0,0,43,4,
16,JaReed,0,0,32,2,
8,Deuce McAllister,0,0,10,2,
31,Muhsin Muhammad,0,0,95,7,
29,Steve Smith,0,0,37,3,
17,Jermaine Wiggins,0,0,37,4,
15,Brad Hoover,0,1,23,2,
6,Kris Mangum,0,0,6,1,
7,Nick Goings,0,0,5,3,
43,Laveranues Coles,0,0,93,6,
28,Curtis Martin,0,0,42,4,
18,Wayne Chrebet,0,2,37,3,
13,Santana Moss,0,1,20,2,
8,Richie Anderson,0,1,9,2,
9,Anthony Becht,0,0,9,1,
23,Terry Glenn,0,1,76,5,
16,Robert Ferguson,0,0,39,4,
23,Javon Walker,0,0,37,3,
20,Bubba Franks,0,1,35,3,
10,Donald Driver,0,0,10,1,
7,Tyrone Davis,0,0,7,1,
5,William Henderson,0,0,6,2,
5,Ahman Green,0,0,5,3,
21,Plaxico Burress,1,0,52,3,
23,Hines Ward,0,1,46,5,
14,Antwaan Randle El,0,1,34,3,
10,Dan Kreider,0,0,21,3,
10,Amos Zereoue,0,0,13,3,
12,Jerame Tuman,0,0,12,1,
10,Terance Mathis,0,0,10,1,
6,Chris Fuamatu Maafala,0,0,6,1,
42,Todd Heap,0,1,146,7,
43,Randy Hymes,0,0,76,2,
19,Travis Taylor,0,0,62,5,
18,Jamal Lewis,0,0,23,2,
20,Chester Taylor,0,1,20,1,
7,Alan Ricard,0,0,9,2,
30,Stephen Alexander,0,1,129,8,
24,Josh Norman,0,0,62,4,
31,Eric Parker,0,1,58,3,
20,Tim Dwight,0,0,44,4,
15,Reche Caldwell,1,0,35,4,
12,LaDainian Tomlinson,0,0,18,3,
5,Fred McCrary,0,1,6,2,
49,Itula Mili,0,0,119,7,
21,Koren Robinson,0,1,103,9,
41,Darrell Jackson,0,1,90,5,
29,Bobby Engram,0,0,84,6,
8,Jerramy Stevens,0,0,22,4,
14,Shaun Alexander,0,0,14,1,
9,James Williams,0,0,9,1,
8,Heath Evans,0,0,6,2,
2,Mack Strong,0,0,2,1,
18,Jabar Gaffney,0,0,73,6,
21,James Allen,0,0,46,6,
25,Billy Miller,0,0,42,3,
14,Corey Bradford,0,0,18,2,
14,Jabari Holloway,0,0,14,1,
7,JaJuan Dawson,0,0,13,2,
8,Atnaf Harris,0,0,8,1,
53,Drew Bennett,0,0,58,2,
36,Justin McCareins,0,0,46,2,
18,Robert Holcombe,0,0,26,2,
10,Eddie George,0,0,18,2,
40,Derrius Thompson,0,0,78,4,
18,Darnerien McCants,0,0,60,6,
16,Rod Gardner,0,0,59,5,
7,Walter Rasby,0,0,7,1,
5,Kenny Watson,0,0,5,1,
46,Antonio Bryant,0,1,170,7,
8,James Whalen,0,0,8,1,
9,Troy Hambrick,0,0,7,2,
7,Jason McKie,0,0,7,1,
-3,Emmitt Smith,0,0,-3,1,
33,Torry Holt,0,0,77,6,
26,Isaac Bruce,0,1,53,4,
32,Ernie Conwell,0,1,52,3,
20,Marshall Faulk,0,0,30,6,
15,Ricky Proehl,0,0,28,2,
6,Brandon Manumaleuna,0,1,6,1,
3,Troy Edwards,0,0,3,1,
3,James Hodgins,0,0,3,1,
27,Tai Streets,0,2,53,5,
18,Cedrick Wilson,0,0,31,2,
19,JJ Stokes,0,0,29,2,
10,Fred Beasley,0,0,19,2,
6,Garrison Hearst,0,0,16,4,
6,Justin Swift,0,0,6,1,
56,Richie Anderson,0,1,66,2,
23,Wayne Chrebet,0,0,44,2,
16,Santana Moss,0,1,42,5,
14,Laveranues Coles,0,0,36,4,
6,Curtis Martin,0,0,12,2,
9,LaMont Jordan,0,0,9,1,
8,Anthony Becht,0,0,8,1,
3,Chris Baker,0,1,3,1,
2,Jerald Sowell,0,0,2,1,
17,Marvin Harrison,0,0,47,4,
13,James Mungro,0,0,31,3,
17,Troy Walters,0,0,17,1,
7,Reggie Wayne,0,0,17,3,
16,Marcus Pollard,0,0,16,1,
5,Edgerrin James,0,0,9,2,
37,Javon Walker,0,0,104,5,
25,Donald Driver,0,1,64,3,
13,Bubba Franks,0,0,20,2,
10,Robert Ferguson,0,0,17,3,
11,Karsten Bailey,0,0,11,1,
10,Tony Fisher,0,0,11,3,
11,Terry Glenn,0,0,11,1,
6,William Henderson,0,0,6,1,
3,Ahman Green,0,0,3,1,
17,Warrick Dunn,0,0,40,4,
12,Brian Finneran,0,0,35,4,
15,Reggie Kelly,0,0,16,2,
10,Shawn Jefferson,0,1,10,1,
9,Alge Crumpler,0,0,9,1,
7,Trevor Gaylor,0,0,7,1,
19,Hines Ward,0,1,104,11,
24,Plaxico Burress,0,1,100,6,
30,Antwaan Randle El,0,0,85,5,
15,Terance Mathis,0,0,40,3,
10,Chris Fuamatu Maafala,0,0,20,2,
9,Jerame Tuman,1,1,18,3,
83,Kevin Johnson,0,0,140,4,
32,Dennis Northcutt,0,2,92,6,
43,Andre Davis,0,1,65,2,
17,Jamel White,0,0,45,5,
16,Mark Campbell,0,0,31,3,
15,Quincy Morgan,0,0,30,2,
16,Andre King,0,0,16,1,
7,William Green,0,0,8,2,
2,Darnell Sanders,0,0,2,1,
76,Terrell Owens,2,2,177,9,
25,Eric Johnson,0,0,78,8,
25,Tai Streets,0,1,58,5,
18,Cedrick Wilson,0,0,18,1,
10,JJ Stokes,0,0,14,2,
5,Fred Beasley,0,0,8,2,
3,Garrison Hearst,0,0,3,1,
46,Amani Toomer,0,3,136,8,
27,Jeremy Shockey,0,1,68,7,
30,Tiki Barber,0,0,62,5,
19,Ron Dixon,0,0,52,5,
10,Dan Campbell,0,0,13,2,
6,Charles Stackhouse,0,0,11,2,
39,Frank Wycheck,0,1,123,10,
20,Drew Bennett,0,0,85,7,
31,Justin McCareins,0,0,53,2,
18,Derrick Mason,0,0,47,5,
18,Erron Kinney,0,1,20,2,
10,Robert Holcombe,0,0,10,1,
21,Hines Ward,0,2,82,7,
40,Plaxico Burress,1,0,62,2,
30,Antwaan Randle El,0,0,53,4,
22,Terance Mathis,0,0,40,3,
8,Dan Kreider,0,0,14,2,
6,Amos Zereoue,0,0,10,2,
5,Chris Fuamatu Maafala,0,0,5,1,
42,James Thrash,0,1,77,2,
24,Todd Pinkston,0,0,48,5,
19,Duce Staley,0,0,39,5,
15,Chad Lewis,0,0,22,2,
13,Cecil Martin,0,0,18,2,
17,Dorsey Levens,0,0,17,1,
13,Brian Westbrook,0,0,17,2,
9,Antonio Freeman,0,0,9,1,
28,Brian Finneran,0,0,72,5,
25,Alge Crumpler,0,0,66,4,
20,Warrick Dunn,0,0,56,6,
23,Quentin McCord,0,0,31,2,
14,Trevor Gaylor,0,0,28,3,
18,TJ Duckett,0,0,18,1,
10,Reggie Kelly,0,0,17,2,
28,Keyshawn Johnson,0,0,85,5,
20,Joe Jurevicius,0,1,48,3,
21,Ken Dilger,0,0,35,3,
17,Mike Alstott,0,0,27,3,
12,Rickey Dudley,0,1,12,1,
10,Michael Pittman,0,0,10,1,
30,Tai Streets,0,0,62,5,
13,Terrell Owens,0,0,35,4,
13,Garrison Hearst,0,0,29,4,
22,Cedrick Wilson,0,0,22,1,
7,JJ Stokes,0,0,20,3,
12,Fred Beasley,0,0,15,2,
5,Eric Johnson,0,0,7,2,
3,Kevan Barlow,0,0,3,1,
50,Jerry Porter,0,1,123,6,
27,Tim Brown,0,0,52,3,
15,Jerry Rice,0,1,47,4,
20,Charlie Garner,0,0,26,3,
9,Doug Jolley,0,0,21,3,
14,Jon Ritchie,0,0,14,1,
17,Santana Moss,0,0,45,4,
19,Curtis Martin,0,0,31,3,
14,Laveranues Coles,0,0,30,4,
16,Chris Baker,0,0,23,2,
11,Richie Anderson,0,0,20,2,
6,Anthony Becht,0,0,14,3,
12,Kevin Swayne,0,0,12,1,
7,Wayne Chrebet,0,0,7,1,
1,Jerald Sowell,0,1,1,1,
23,Antonio Freeman,0,0,66,5,
16,Chad Lewis,0,0,65,6,
24,Todd Pinkston,0,0,51,3,
12,Duce Staley,0,0,26,6,
11,James Thrash,0,0,23,4,
8,Brian Westbrook,0,0,8,1,
4,Cecil Martin,0,0,4,1,
71,Joe Jurevicius,0,0,71,1,
31,Michael Pittman,0,0,53,5,
19,Ken Dilger,0,0,41,3,
22,Keyshawn Johnson,0,1,40,3,
11,Keenan McCardell,0,0,37,5,
7,Rickey Dudley,0,0,7,1,
7,Karl Williams,0,0,7,1,
3,Aaron Stecker,0,0,3,1,
29,Jerry Rice,0,0,79,5,
14,Tim Brown,0,0,73,9,
17,Charlie Garner,0,1,55,7,
31,Jerry Porter,0,1,52,4,
14,Jon Ritchie,0,0,14,1,
7,Doug Jolley,0,1,13,3,
33,Drew Bennett,0,1,58,3,
14,Derrick Mason,0,0,41,5,
18,Frank Wycheck,0,0,41,4,
9,Robert Holcombe,0,0,25,5,
14,Erron Kinney,0,0,15,2,
9,Eddie George,0,0,9,1,
5,Eddie Berlin,0,0,5,1,
33,Joe Jurevicius,0,0,78,4,
18,Keyshawn Johnson,0,0,69,6,
16,Mike Alstott,0,0,43,5,
8,Keenan McCardell,0,2,13,2,
12,Ken Dilger,0,0,12,1,
48,Jerry Rice,0,1,77,5,
39,Jerry Porter,0,1,62,4,
25,Doug Jolley,0,0,59,5,
9,Charlie Garner,0,0,51,7,
9,Tim Brown,0,0,9,1,
7,Jon Ritchie,0,0,7,1,
7,Tyrone Wheatley,0,0,7,1,