fumbles, fumbles lost, longest rush, name, rushes, rushing conversions, rushing touchdowns, rushing yards
,,21,Marshawn Lynch,20,0,2,110
,,16,Percy Harvin,4,0,0,41
,,13,Russell Wilson,7,0,0,29
,,7,Robert Turbin,6,0,0,27
,,12,James Starks,7,0,0,37
,,15,Eddie Lacy,12,0,0,34
,,7,DuJuan Harris,1,0,0,7
,,2,John Kuhn,1,0,1,2
,,14,Matt Forte,17,0,0,82
,,4,KaDeem Carey,1,0,0,4
,,38,Fred Jackson,7,0,0,61
,,47,Anthony Dixon,5,0,0,60
,,13,CJ Spiller,15,0,0,53
,,8,EJ Manuel,6,0,1,19
,,15,Montee Ball,23,0,1,67
,,13,CJ Anderson,4,0,0,27
,,11,Emmanuel Sanders,1,0,0,11
,,0,Peyton Manning,4,0,0,-3
,,7,Trent Richardson,6,0,0,20
,,9,Andrew Luck,5,0,1,19
,,9,Ahmad Bradshaw,3,0,0,15
,,54,Jorvorskie Lane,1,0,0,54
,,13,Josh McCown,3,0,0,27
,,6,Bobby Rainey,4,0,0,12
,,4,Doug Martin,9,0,0,9
,,17,DeAngelo Williams,14,0,0,72
,,6,Jonathan Stewart,9,0,0,20
,,5,Mike Tolbert,7,0,0,11
,,8,Derek Anderson,3,0,0,10
,,17,Alex Smith,6,0,0,36
,,6,Jamaal Charles,7,0,0,19
,,4,Cyrus Gray,2,0,0,5
,,4,Anthony Sherman,1,0,0,4
,,3,Knile Davis,1,0,0,3
,,18,Shonn Greene,15,0,0,71
,,7,Dexter McCluster,9,0,0,29
,,12,Bishop Sankey,6,0,0,25
,,16,Leon Washington,2,0,0,23
,,8,Jake Locker,6,0,0,14
,,15,DeMarco Murray,22,0,1,118
,,9,Dwayne Harris,1,0,0,9
,,20,Frank Gore,16,0,0,66
,,15,Carlos Hyde,7,0,1,50
,,8,Colin Kaepernick,5,0,0,11
,,1,LaMichael James,2,0,0,0
,,15,Knowshon Moreno,24,0,1,134
,,13,Lamar Miller,11,0,0,59
,,0,Ryan Tannehill,3,0,0,-2
,,11,Shane Vereen,7,0,1,36
,,17,Julian Edelman,2,0,0,21
,,11,Stevan Ridley,8,0,0,21
,,7,Brandon Bolden,2,0,0,8
,,3,Tom Brady,1,0,0,3
,,19,LeSean McCoy,21,0,0,74
,,49,Darren Sproles,11,0,1,71
,,11,Toby Gerhart,18,0,0,42
,,8,Chad Henne,1,0,0,8
,,6,Denard Robinson,3,0,0,8
,,5,Jordan Todman,3,0,0,6
,,17,Steven Jackson,12,0,0,52
,,17,Jacquizz Rodgers,6,0,1,34
,,10,Devonta Freeman,2,0,0,15
,,9,Matt Ryan,3,0,0,15
,,5,Antone Smith,2,0,0,7
,,19,Mark Ingram,13,0,2,60
,,13,Pierre Thomas,7,0,0,31
,,21,Khiry Robinson,6,0,1,28
,,18,Brandin Cooks,1,0,0,18
,,2,Drew Brees,1,0,0,2
,,71,Chris Ivory,10,0,1,102
,,11,Chris Johnson,13,0,0,68
,,17,Geno Smith,10,0,0,38
,,4,Bilal Powell,1,0,0,4
,,6,Darren McFadden,4,0,0,15
,,12,Maurice Jones Drew,9,0,0,11
,,0,Marcel Reece,1,0,0,0
,,-1,Derek Carr,1,0,0,-1
,,7,Zac Stacy,11,0,0,43
,,7,Benny Cunningham,5,0,0,21
,,5,Tavon Austin,3,0,0,5
,,4,Chris Givens,1,0,0,4
,,0,Austin Davis,1,0,0,0
,,-1,Shaun Hill,1,0,0,-1
,,67,Cordarrelle Patterson,3,0,1,102
,,17,Adrian Peterson,21,0,0,75
,,5,Matt Asiata,2,0,0,10
,,1,Jerick McKinnon,1,0,0,1
,,0,Matt Cassel,4,0,0,-3
,,13,Justin Forsett,11,0,1,70
,,6,Bernard Pierce,6,0,0,14
,,3,Joe Flacco,3,0,0,7
,,16,Giovani Bernard,14,0,0,48
,,8,Jeremy Hill,4,0,0,19
,,5,AJ Green,1,0,0,5
,,4,Mohamed Sanu,1,0,0,4
,,3,Andy Dalton,6,0,0,3
,,38,LeVeon Bell,21,0,1,109
,,7,Ben Roethlisberger,2,0,0,8
,,7,LeGarrette Blount,4,0,1,6
,,4,Dri Archer,1,0,0,4
,,29,Terrance West,16,0,0,100
,,25,Ben Tate,6,0,0,41
,,16,Isaiah Crowell,5,0,2,32
,,10,Travis Benjamin,1,0,0,10
,,2,Ray Agnew,1,0,0,2
,,-2,Brian Hoyer,1,0,0,-2
,,10,Arian Foster,27,0,0,103
,,9,Ryan Fitzpatrick,4,0,0,10
,,2,Jonathan Grimes,1,0,0,2
,,0,Alfred Blue,1,0,0,0
,,21,Alfred Morris,14,0,0,91
,,16,Roy Helu,4,0,0,46
,,1,Robert Griffin,3,0,0,2
,,1,Darrel Young,1,0,1,1
,,-9,DeSean Jackson,1,0,0,-9
,,18,Andre Ellington,13,0,0,53
,,12,Carson Palmer,4,0,0,29
,,7,Jonathan Dwyer,7,0,0,20
,,5,Stepfan Taylor,1,0,0,5
,,2,Michael Floyd,1,0,0,2
,,20,Ryan Mathews,12,0,1,40
,,10,Philip Rivers,2,0,0,10
,,5,Danny Woodhead,6,0,0,5
,,2,Eddie Royal,2,0,0,-1
,,2,Donald Brown,2,0,0,-2
,,12,Joique Bell,15,0,1,51
,,6,Reggie Bush,9,0,0,15
,,4,Theo Riddick,1,0,0,4
,,4,Golden Tate,1,0,0,4
,,5,Matthew Stafford,4,0,1,2
,,14,Rashad Jennings,16,0,1,46
,,5,Andre Williams,5,0,0,9
,,-2,Jerrel Jernigan,1,0,0,-2
,,17,Bernard Pierce,22,0,0,96
,,41,Justin Forsett,8,0,0,56
,,3,Joe Flacco,5,0,0,3
,,2,Jacoby Jones,1,0,0,2
,,21,LeVeon Bell,11,0,0,59
,,12,Markus Wheaton,2,0,0,22
,,9,Antonio Brown,2,0,0,10
,,6,LeGarrette Blount,3,0,0,8
,,12,Giovani Bernard,27,0,1,90
,,13,Jeremy Hill,15,0,1,74
,,4,Andy Dalton,3,0,0,6
,,13,Steven Jackson,11,0,0,46
,,12,Matt Ryan,3,0,0,28
,,9,Jacquizz Rodgers,5,0,0,23
,,47,CJ Spiller,12,0,0,69
,,11,Fred Jackson,12,0,0,24
,,4,Frank Summers,2,0,0,7
,,4,EJ Manuel,4,0,0,6
,,4,Marquise Goodwin,1,0,0,4
,,4,Anthony Dixon,2,0,0,3
,,7,Lamar Miller,11,0,0,46
,,7,Damian Williams,5,0,0,19
,,6,Ryan Tannehill,4,0,0,11
,,4,Knowshon Moreno,1,0,0,4
,,23,Montee Ball,12,0,0,60
,,13,CJ Anderson,5,0,0,31
,,-1,Peyton Manning,1,0,0,-1
,,-2,Emmanuel Sanders,1,0,0,-2
,,25,Knile Davis,22,0,2,79
,,25,Alex Smith,5,0,0,42
,,6,Cyrus Gray,2,0,0,8
,,2,Jamaal Charles,2,0,0,4
,,15,Terrance West,19,0,1,68
,,17,Isaiah Crowell,11,0,0,54
,,0,Spencer Lanning,0,0,0,0
,,26,Mark Ingram,11,0,1,83
,,28,Brandin Cooks,2,0,0,31
,,9,Khiry Robinson,8,0,0,31
,,7,Pierre Thomas,3,0,0,16
,,8,Austin Johnson,2,0,0,10
,,3,Drew Brees,1,0,0,3
,,31,Bobby Rainey,22,0,0,144
,,8,Mike James,6,0,0,7
,,5,Josh McCown,2,0,2,6
,,12,Zac Stacy,19,0,1,71
,,18,Tavon Austin,2,0,0,21
,,11,Benny Cunningham,6,0,0,15
,,12,Kenny Britt,1,0,0,12
,,0,Austin Davis,1,0,0,0
,,13,Danny Woodhead,8,0,0,32
,,6,Ryan Mathews,11,0,0,31
,,16,Donald Brown,7,0,0,21
,,12,Philip Rivers,11,0,0,17
,,51,Percy Harvin,2,0,1,45
,,10,Marshawn Lynch,6,0,0,36
,,13,Russell Wilson,2,0,0,18
,,10,Robert Turbin,2,0,0,7
,,2,Ricardo Lockette,1,0,0,2
,,15,Colin Kaepernick,9,0,0,66
,,19,Frank Gore,13,0,1,63
,,3,Carlos Hyde,4,0,0,0
,,0,Bruce Miller,1,0,0,0
,,25,Jay Cutler,5,0,0,25
,,7,Matt Forte,12,0,0,21
,,13,Rashad Jennings,18,0,0,64
,,5,Andre Williams,8,0,0,12
,,5,Eli Manning,1,0,0,5
,,22,Andre Ellington,15,0,0,91
,,20,Jonathan Dwyer,9,0,1,31
,,2,John Brown,1,0,0,2
,,2,Robert Hughes,1,0,0,2
,,-1,Drew Stanton,2,0,0,-2
,,10,Eddie Lacy,13,0,0,43
,,11,Aaron Rodgers,6,0,0,28
,,4,Randall Cobb,2,0,0,6
,,3,John Kuhn,1,0,0,3
,,9,Chris Ivory,13,0,1,43
,,37,Jeremy Kerley,0,0,0,37
,,9,Geno Smith,7,0,1,26
,,8,Chris Johnson,12,0,0,21
,,11,Bilal Powell,4,0,0,16
,,3,Tommy Bohanon,1,0,0,3
,,22,Jonathan Stewart,15,0,1,37
,,13,Cam Newton,4,0,0,19
,,11,C Brown,1,0,0,11
,,2,Mike Tolbert,4,0,0,-5
,,12,Joique Bell,10,0,0,36
,,8,Reggie Bush,6,0,0,26
,,8,Matthew Stafford,1,0,0,8
,,0,Theo Riddick,1,0,0,0
,,41,Derek Carr,4,0,0,58
,,10,Darren McFadden,12,0,1,37
,,6,Latavius Murray,1,0,0,6
,,40,Arian Foster,28,0,1,138
,,11,Alfred Blue,11,0,0,40
,,7,Jonathan Grimes,3,0,0,9
,,2,Ronnie Brown,3,0,0,2
,,-1,Ryan Mallett,1,0,0,-1
,,23,Alfred Morris,22,0,2,85
,,14,Silas Redd,8,0,1,41
,,9,Roy Helu,8,0,0,25
,,12,Robert Griffin,2,0,0,22
,,19,Andre Roberts,1,0,0,19
,,-1,Kirk Cousins,1,0,0,-1
,,12,Chad Henne,3,0,0,17
,,3,Toby Gerhart,7,0,0,8
,,13,Shonn Greene,5,0,0,40
,,16,Dexter McCluster,4,0,0,30
,,8,Jake Locker,2,0,0,9
,,4,Bishop Sankey,2,0,0,3
,,22,DeMarco Murray,29,0,1,167
,,7,Lance Dunbar,11,0,0,27
,,11,Joseph Randle,3,0,0,26
,,7,Matt Asiata,13,0,0,36
,,13,Matt Cassel,3,0,0,16
,,4,Jerick McKinnon,2,0,0,7
,,-5,Jarius Wright,1,0,0,-5
,,16,Stevan Ridley,25,0,1,101
,,12,Shane Vereen,6,0,0,40
,,9,Julian Edelman,1,0,0,9
,,2,Brandon Bolden,4,0,0,0
,,0,Tom Brady,1,0,0,0
,,15,Trent Richardson,21,0,0,79
,,29,Ahmad Bradshaw,13,0,0,70
,,15,Andrew Luck,4,0,0,20
,,21,LeSean McCoy,20,0,1,79
,,19,Darren Sproles,4,0,1,26
,,7,Nick Foles,4,0,0,22
,,13,Steven Jackson,14,0,1,54
,,38,Antone Smith,4,0,1,50
,,20,Devin Hester,1,0,1,20
,,6,Devonta Freeman,11,0,0,12
,,4,Jacquizz Rodgers,5,0,0,6
,,2,Matt Ryan,1,0,0,2
,,8,Bobby Rainey,11,0,0,41
,,19,Mike Glennon,3,0,0,19
,,3,Mike James,4,0,0,4
,,12,Giovani Bernard,14,0,2,47
,,12,Jeremy Hill,7,0,1,39
,,4,Cedric Peerman,5,0,0,15
,,12,Brandon Tate,1,0,0,12
,,3,Andy Dalton,3,0,0,3
,,0,Ryan Hewitt,1,0,0,0
,,18,Bishop Sankey,10,0,0,61
,,29,Jake Locker,6,0,0,50
,,20,Shonn Greene,10,0,1,33
,,5,Jackie Battle,1,0,0,5
,,0,Dexter McCluster,1,0,0,0
,,17,Fred Jackson,6,0,0,34
,,6,CJ Spiller,10,0,0,25
,,8,EJ Manuel,5,0,0,24
,,4,Frank Summers,1,0,0,4
,,14,Donald Brown,31,0,0,62
,,6,Branden Oliver,3,0,0,11
,,9,Philip Rivers,2,0,0,11
,,1,Danny Woodhead,1,0,0,1
,,22,Isaiah Crowell,11,0,1,55
,,8,Terrance West,12,0,1,36
,,3,Brian Hoyer,2,0,0,4
,,0,Ray Agnew,1,0,0,0
,,-2,Travis Benjamin,1,0,0,-2
,,8,Taylor Gabriel,2,0,0,-2
,,31,Lorenzo Taliaferro,18,0,1,91
,,22,Justin Forsett,11,0,0,63
,,7,Joe Flacco,4,0,0,6
,,20,Andre Ellington,18,0,0,62
,,13,Drew Stanton,6,0,0,16
,,4,Ted Ginn,1,0,0,4
,,2,Stepfan Taylor,1,0,0,2
,,0,Jalen Parmele,1,0,0,0
,,10,Colin Kaepernick,13,0,0,54
,,6,Carlos Hyde,3,0,1,13
,,4,Frank Gore,6,0,0,10
,,4,Michael Crabtree,1,0,0,4
,,1,Bruce Ellington,1,0,0,1
,,24,Lamar Miller,15,0,0,108
,,10,Daniel Thomas,2,0,0,15
,,12,Mike Wallace,1,0,0,12
,,9,Ryan Tannehill,1,0,0,9
,,-3,Damian Williams,1,0,0,-3
,,21,Knile Davis,32,0,1,132
,,6,Cyrus Gray,4,0,1,18
,,13,Alex Smith,2,0,0,17
,,4,Anthony Sherman,1,0,0,4
,,3,Joe McKnight,1,0,0,3
,,0,AJ Jenkins,1,0,0,0
,,9,LeSean McCoy,19,0,0,22
,,18,Darren Sproles,2,0,0,20
,,9,Nick Foles,4,0,0,12
,,12,Alfred Morris,23,0,0,77
,,3,Kirk Cousins,3,0,0,5
,,1,Roy Helu,1,0,1,1
,,1,Darrel Young,1,0,0,1
,,18,Rashad Jennings,34,0,1,176
,,5,Andre Williams,6,0,0,18
,,0,Steve Weatherford,1,0,0,0
,,-1,Eli Manning,1,0,0,-1
,,46,Alfred Blue,13,0,0,78
,,8,Ryan Fitzpatrick,7,0,1,34
,,5,Jonathan Grimes,1,0,0,5
,,1,Ronnie Brown,3,0,0,2
,,0,Dennis Johnson,1,0,0,0
,,10,Denard Robinson,8,0,0,33
,,13,Toby Gerhart,9,0,0,32
,,20,Blake Bortles,2,0,0,30
,,10,Jordan Todman,1,0,0,10
,,28,Ahmad Bradshaw,9,0,0,65
,,27,Trent Richardson,14,0,0,57
,,10,Andrew Luck,3,0,0,15
,,7,Donte Moncrief,1,0,0,7
,,1,Dan Herron,1,0,0,1
,,-1,Matt Hasselbeck,1,0,0,-1
,,26,Reggie Bush,12,0,1,61
,,5,Joique Bell,15,0,0,33
,,6,Theo Riddick,3,0,0,16
,,5,Matthew Stafford,6,0,0,8
,,2,Jed Collins,1,0,0,2
,,-5,Jeremy Ross,1,0,0,-5
,,15,James Starks,8,0,0,38
,,17,Eddie Lacy,11,0,0,36
,,4,DuJuan Harris,3,0,0,2
,,15,Jonathan Stewart,5,0,0,31
,,5,Cam Newton,2,0,0,7
,,2,Mike Tolbert,3,0,0,4
,,81,LeVeon Bell,21,0,0,147
,,50,LeGarrette Blount,10,0,1,118
,,1,Ben Roethlisberger,1,0,0,1
,,-1,Bruce Gradkowski,2,0,0,-2
,,9,Stevan Ridley,19,0,0,54
,,11,Shane Vereen,7,0,0,20
,,5,Julian Edelman,1,0,0,5
,,3,Brandon Bolden,2,0,0,4
,,-2,Tom Brady,3,0,0,-7
,,10,Darren McFadden,18,0,0,59
,,7,Marcel Reece,1,0,0,7
,,1,Latavius Murray,3,0,0,1
,,16,Zac Stacy,12,0,0,67
,,7,Benny Cunningham,9,0,0,29
,,9,Trey Watts,5,0,0,24
,,2,Kenny Britt,1,0,0,2
,,0,Jared Cook,1,0,0,0
,,0,Austin Davis,2,0,0,-1
,,44,DeMarco Murray,24,0,1,100
,,16,Tony Romo,3,0,0,14
,,7,Joseph Randle,2,0,0,9
,,13,Khiry Robinson,18,0,0,69
,,11,Pierre Thomas,8,0,1,30
,,6,Travaris Cadet,2,0,0,9
,,2,Austin Johnson,1,0,0,2
,,0,Drew Brees,3,0,0,-2
,,8,Matt Asiata,12,0,0,35
,,15,Teddy Bridgewater,6,0,0,27
,,5,Matt Cassel,1,0,0,5
,,1,Jerick McKinnon,2,0,0,-1
,,-7,Cordarrelle Patterson,1,0,0,-7
,,12,Marshawn Lynch,26,0,1,88
,,9,Russell Wilson,9,0,0,40
,,1,Robert Turbin,2,0,0,1
,,10,Montee Ball,14,0,0,38
,,2,Ronnie Hillman,2,0,0,2
,,0,Virgil Green,1,0,0,0
,,-1,Peyton Manning,1,0,0,-1
,,-1,CJ Anderson,2,0,0,-3
,,17,Chris Ivory,10,0,0,44
,,6,Chris Johnson,10,0,0,34
,,11,Geno Smith,3,0,0,20
,,7,Bilal Powell,2,0,0,13
,,3,Michael Vick,1,0,0,3
,,8,Matt Forte,13,0,0,33
,,16,Jay Cutler,5,0,0,14
,,7,Alshon Jeffery,2,0,0,13
,,0,KaDeem Carey,1,0,0,0
,,20,Alfred Morris,12,0,1,63
,,12,Kirk Cousins,1,0,0,12
,,6,Roy Helu,2,0,0,8
,,2,Andre Roberts,1,0,0,2
,,1,Darrel Young,1,0,0,1
,,23,Andre Williams,15,0,1,66
,,12,Rashad Jennings,13,0,0,55
,,9,Peyton Hillis,8,0,0,31
,,1,Henry Hynoski,1,0,0,1
,,1,Eli Manning,1,0,1,1
,,19,Matt Forte,23,0,0,122
,,13,KaDeem Carey,14,0,0,72
,,15,Jay Cutler,3,0,0,29
,,12,Alshon Jeffery,1,0,0,12
,,10,Eddie Lacy,17,0,1,48
,,8,Aaron Rodgers,1,0,0,8
,,7,Branden Oliver,9,0,0,23
,,5,Donald Brown,10,0,0,19
,,0,Philip Rivers,1,0,0,0
,,10,Toby Gerhart,10,0,1,32
,,10,Denard Robinson,9,0,0,25
,,8,Blake Bortles,5,0,0,24
,,4,Jordan Todman,1,0,0,4
,,10,Trent Richardson,20,0,1,47
,,6,Ahmad Bradshaw,9,0,0,32
,,7,Dan Herron,7,0,0,24
,,5,TY Hilton,1,0,0,5
,,-1,Andrew Luck,1,0,0,-1
,,0,Matt Hasselbeck,3,0,0,-2
,,23,Charlie Whitehurst,5,0,0,40
,,10,Bishop Sankey,6,0,1,34
,,6,Shonn Greene,3,0,0,10
,,1,Dexter McCluster,2,0,0,1
,,28,DeMarco Murray,24,0,2,149
,,14,Joseph Randle,4,0,0,22
,,21,Tony Romo,6,0,0,20
,,-1,Dwayne Harris,1,0,0,-1
,,62,Khiry Robinson,8,0,0,87
,,8,Pierre Thomas,2,0,0,8
,,6,Drew Brees,1,0,0,6
,,2,Austin Johnson,1,0,0,2
,,1,Travaris Cadet,1,0,0,1
,,28,Frank Gore,24,0,0,119
,,23,Colin Kaepernick,7,0,0,58
,,6,Carlos Hyde,10,0,0,26
,,15,Bruce Ellington,1,0,0,15
,,5,LeSean McCoy,10,0,0,17
,,4,Darren Sproles,1,0,0,4
,,1,Nick Foles,1,0,0,1
,,17,Chris Ivory,17,0,0,84
,,35,Chris Johnson,6,0,1,44
,,2,Geno Smith,4,0,0,4
,,16,Reggie Bush,12,0,0,46
,,17,Joique Bell,8,0,0,32
,,7,Matthew Stafford,6,0,1,8
,,2,Theo Riddick,1,0,0,2
,,12,Darren McFadden,11,0,0,40
,,8,Derek Carr,2,0,0,9
,,3,Matt McGloin,2,0,0,3
,,1,Maurice Jones Drew,2,0,0,1
,,0,Jamize Olawale,1,0,0,0
,,21,Lamar Miller,12,0,2,64
,,18,Ryan Tannehill,5,0,0,35
,,15,Daniel Thomas,5,0,0,35
,,12,Damian Williams,6,0,0,23
,,7,Orleans Darkwa,4,0,0,2
,,0,Mike Wallace,1,0,0,0
,,-1,Matt Moore,2,0,0,-2
,,21,Justin Forsett,14,0,1,66
,,23,Lorenzo Taliaferro,15,0,1,58
,,3,Joe Flacco,1,0,0,3
,,7,DeAngelo Williams,11,0,0,34
,,5,Darrin Reaves,12,0,0,26
,,7,Cam Newton,2,0,0,7
,,0,Tauren Poole,1,0,0,0
,,16,LeVeon Bell,19,0,0,63
,,11,LeGarrette Blount,4,0,0,25
,,2,Ben Roethlisberger,2,0,0,4
,,0,Will Johnson,1,0,0,0
,,-7,Markus Wheaton,1,0,0,-7
,,9,Doug Martin,14,0,1,40
,,19,Solomon Patton,1,0,0,19
,,2,Jorvorskie Lane,1,0,0,2
,,3,Bobby Rainey,4,0,0,2
,,11,Ryan Fitzpatrick,6,0,0,14
,,6,Alfred Blue,9,0,0,9
,,8,Dennis Johnson,1,0,0,8
,,4,Arian Foster,8,0,0,6
,,22,CJ Spiller,15,0,0,60
,,14,Fred Jackson,7,0,0,33
,,3,EJ Manuel,1,0,0,3
,,55,Jerick McKinnon,18,0,0,135
,,12,Matt Asiata,20,0,3,78
,,13,Teddy Bridgewater,5,0,1,27
,,1,Christian Ponder,1,0,0,1
,,48,Antone Smith,4,0,1,62
,,11,Steven Jackson,13,0,0,49
,,5,Devonta Freeman,2,0,0,8
,,2,Jacquizz Rodgers,1,0,0,2
,,1,Matt Ryan,2,0,0,2
,,48,Knile Davis,16,0,0,107
,,17,Jamaal Charles,18,0,1,92
,,8,Alex Smith,4,0,0,8
,,8,Stevan Ridley,5,0,0,28
,,9,Shane Vereen,8,0,0,26
,,11,James White,3,0,0,21
,,29,Eddie Lacy,13,0,2,105
,,17,James Starks,12,0,0,46
,,3,John Kuhn,2,0,0,6
,,-1,Matt Flynn,1,0,0,-1
,,11,Matt Asiata,15,0,0,72
,,10,Jerick McKinnon,7,0,0,24
,,8,Christian Ponder,3,0,1,15
,,16,Ronnie Hillman,15,0,0,64
,,8,Juwan Thompson,3,0,1,15
,,5,Emmanuel Sanders,2,0,0,8
,,5,Montee Ball,6,0,0,7
,,-1,Peyton Manning,2,0,0,-2
,,6,Andre Ellington,16,0,1,32
,,6,Stepfan Taylor,1,0,0,6
,,0,Robert Hughes,1,0,0,0
,,-1,Ted Ginn,1,0,0,-1
,,52,Branden Oliver,19,0,1,114
,,13,Donald Brown,9,0,0,26
,,6,Shaun Draughn,10,0,0,19
,,4,Philip Rivers,2,0,0,3
,,11,Chris Ivory,9,0,0,44
,,7,Chris Johnson,7,0,0,24
,,13,Michael Vick,2,0,0,14
,,5,Bilal Powell,2,0,0,6
,,3,Geno Smith,1,0,0,3
,,20,Ahmad Bradshaw,15,0,0,68
,,14,Trent Richardson,9,0,0,37
,,13,Andrew Luck,6,0,1,12
,,29,Justin Forsett,6,0,1,42
,,13,Bernard Pierce,4,0,0,30
,,9,Lorenzo Taliaferro,5,0,0,18
,,17,DeMarco Murray,31,0,0,136
,,2,Joseph Randle,2,0,0,4
,,33,Arian Foster,23,0,2,157
,,5,Alfred Blue,5,0,0,16
,,2,Ryan Fitzpatrick,3,0,0,3
,,19,LeSean McCoy,24,0,0,81
,,25,Darren Sproles,7,0,0,51
,,14,Nick Foles,2,0,0,13
,,14,Benny Cunningham,7,0,1,47
,,14,Zac Stacy,11,0,0,42
,,12,Austin Davis,3,0,0,30
,,4,Trey Watts,2,0,0,6
,,14,Frank Gore,18,0,0,107
,,11,Carlos Hyde,10,0,0,43
,,9,Colin Kaepernick,10,0,0,18
,,3,Craig Dahl,1,0,0,3
,,0,Bruce Ellington,1,0,0,0
,,26,Jamaal Charles,15,0,0,80
,,3,Knile Davis,2,0,0,6
,,6,Alex Smith,1,0,0,6
,,-2,AJ Jenkins,1,0,0,-2
,,11,Andre Williams,20,0,1,65
,,16,Rashad Jennings,10,0,0,55
,,4,Peyton Hillis,2,0,0,7
,,-1,Eli Manning,2,0,0,-3
,,24,Devonta Freeman,4,0,0,38
,,11,Steven Jackson,13,0,1,37
,,9,Jacquizz Rodgers,2,0,0,10
,,3,Devin Hester,1,0,0,3
,,2,Antone Smith,1,0,0,2
,,20,Storm Johnson,4,0,0,27
,,11,Blake Bortles,4,0,0,14
,,3,Toby Gerhart,4,0,0,9
,,6,Denard Robinson,3,0,0,6
,,29,LeVeon Bell,15,0,0,82
,,9,LeGarrette Blount,8,0,0,29
,,2,Dri Archer,1,0,0,2
,,0,Will Johnson,1,0,0,0
,,0,Ben Roethlisberger,3,0,0,-2
,,16,George Winn,11,0,0,48
,,5,Reggie Bush,6,0,0,13
,,8,Matthew Stafford,3,0,0,8
,,10,Fred Jackson,10,1,0,49
,,2,CJ Spiller,10,0,0,8
,,0,Kyle Orton,1,0,0,0
,,-8,Marquise Goodwin,1,0,0,-8
,,9,Darrin Reaves,11,0,0,35
,,5,Chris Ogbonnaya,8,0,1,24
,,14,C Brown,2,0,0,22
,,3,Cam Newton,6,0,0,9
,,15,Matt Forte,17,0,0,61
,,13,Jay Cutler,3,0,1,22
,,2,KaDeem Carey,2,0,0,2
,,43,Stevan Ridley,27,0,1,113
,,19,Shane Vereen,9,0,0,90
,,6,Tom Brady,4,0,0,13
,,5,James Develin,2,0,0,5
,,3,Brandon Bolden,1,0,0,3
,,-1,Jimmy Garoppolo,3,0,0,-4
,,13,Giovani Bernard,13,0,0,62
,,12,Andy Dalton,2,0,0,16
,,5,Jeremy Hill,2,0,0,1
,,0,Brandon Tate,1,0,0,0
,,18,Khiry Robinson,21,0,1,89
,,27,Pierre Thomas,4,0,1,35
,,12,Brandin Cooks,2,0,0,15
,,2,Austin Johnson,1,0,0,2
,,-1,Drew Brees,1,0,0,-1
,,16,Doug Martin,14,0,0,45
,,9,Bobby Rainey,6,0,1,21
,,0,Mike Glennon,1,0,0,0
,,38,Kendall Wright,2,0,0,43
,,10,Shonn Greene,11,0,0,36
,,12,Jake Locker,4,0,1,34
,,11,Bishop Sankey,8,0,0,27
,,8,Dexter McCluster,3,0,0,10
,,0,Charlie Whitehurst,2,0,0,-1
,,15,Ben Tate,22,0,0,123
,,9,Terrance West,7,0,0,31
,,11,Isaiah Crowell,6,0,0,19
,,2,Brian Hoyer,1,0,0,2
,,11,Alfred Morris,13,0,0,29
,,4,Kirk Cousins,2,0,0,4
,,4,Roy Helu,2,0,0,-1
,,29,Russell Wilson,11,0,1,122
,,17,Marshawn Lynch,17,0,0,72
,,9,Robert Turbin,5,0,0,19
,,6,Percy Harvin,2,0,0,7
,,5,Jon Ryan,1,0,0,5
,,34,Arian Foster,20,0,2,109
,,17,Alfred Blue,3,0,0,22
,,5,Ryan Fitzpatrick,1,0,0,5
,,9,Trent Richardson,17,0,1,41
,,13,Ahmad Bradshaw,11,0,0,34
,,10,Andrew Luck,7,0,0,18
,,0,TY Hilton,0,0,0,0
,,89,Giovani Bernard,18,0,1,137
,,20,Andy Dalton,4,0,0,25
,,5,Jeremy Hill,8,0,1,22
,,9,Brandon Tate,1,0,0,9
,,12,Cam Newton,17,0,1,107
,,6,Fozzy Whittaker,9,0,1,25
,,9,Darrin Reaves,8,0,0,15
,,8,Fred Jackson,10,0,1,26
,,6,Anthony Dixon,7,0,0,23
,,12,CJ Spiller,6,0,0,19
,,10,Stevan Ridley,10,0,0,23
,,8,Brandon Bolden,6,0,0,10
,,10,Julian Edelman,1,0,0,10
,,2,Shane Vereen,5,0,0,4
,,4,Tom Brady,4,0,0,3
,,0,James Develin,1,0,0,0
,,12,Ben Tate,25,0,2,78
,,24,Isaiah Crowell,11,0,1,77
,,3,Travis Benjamin,1,0,0,3
,,0,Brian Hoyer,1,0,0,0
,,12,LeVeon Bell,18,0,0,82
,,8,LeGarrette Blount,8,0,0,27
,,15,Dri Archer,3,0,0,24
,,7,Ben Roethlisberger,1,0,0,7
,,0,Brad Wing,1,0,0,0
,,-2,Antonio Brown,1,0,0,-2
,,19,Doug Martin,11,0,0,45
,,21,Bobby Rainey,7,0,0,42
,,52,Justin Forsett,14,0,0,111
,,6,Bernard Pierce,15,0,1,32
,,25,Lorenzo Taliaferro,2,0,0,29
,,0,Tyrod Taylor,4,0,0,-3
,,18,Andre Ellington,19,0,0,67
,,8,Stepfan Taylor,3,0,0,10
,,-3,Carson Palmer,1,0,0,-3
,,9,Alfred Morris,13,0,0,41
,,16,Roy Helu,3,0,0,26
,,5,DeSean Jackson,1,0,0,5
,,14,Lamar Miller,14,0,1,53
,,40,Ryan Tannehill,3,0,0,49
,,5,Knowshon Moreno,6,0,0,10
,,10,Eddie Lacy,14,0,0,40
,,9,Aaron Rodgers,7,0,0,34
,,12,James Starks,8,0,0,31
,,5,John Kuhn,4,0,0,15
,,1,Randall Cobb,1,0,0,1
,,28,LeSean McCoy,22,0,0,149
,,15,Darren Sproles,7,0,1,39
,,4,Trey Burton,5,0,0,10
,,4,Nick Foles,2,0,0,5
,,17,Andre Williams,16,0,0,58
,,12,Peyton Hillis,5,0,0,24
,,2,Eli Manning,2,0,0,3
,,14,Steven Jackson,6,0,0,25
,,7,Jacquizz Rodgers,1,0,0,7
,,3,Devonta Freeman,2,0,0,5
,,3,Antone Smith,2,0,0,5
,,1,Julio Jones,1,0,0,1
,,-1,Matt Ryan,1,0,0,-1
,,12,Matt Forte,17,0,2,80
,,15,KaDeem Carey,4,0,0,19
,,9,Jay Cutler,5,0,0,11
,,1,Alshon Jeffery,2,0,0,0
,,11,Geno Smith,2,0,0,11
,,4,Chris Johnson,3,0,0,9
,,5,Chris Ivory,8,0,0,7
,,4,Bilal Powell,2,0,0,4
,,26,Ronnie Hillman,24,0,0,100
,,16,Juwan Thompson,8,0,0,38
,,0,Peyton Manning,1,0,0,0
,,17,Darren McFadden,14,0,0,80
,,10,Maurice Jones Drew,4,0,0,30
,,2,Derek Carr,1,0,0,2
,,2,Marcel Reece,1,0,0,2
,,12,Branden Oliver,26,0,1,101
,,9,Philip Rivers,5,0,0,13
,,1,Ronnie Brown,2,0,0,2
,,32,Marshawn Lynch,10,0,0,61
,,9,Russell Wilson,2,0,1,12
,,7,Robert Turbin,2,0,0,10
,,0,Percy Harvin,3,0,0,-1
,,-2,Bryan Walters,1,0,0,-2
,,25,DeMarco Murray,29,0,1,115
,,38,Joseph Randle,5,0,0,52
,,0,Tony Romo,2,0,0,-1
,,-4,Lance Dunbar,1,0,0,-4
,,22,Bishop Sankey,18,0,0,61
,,3,Dexter McCluster,2,0,0,6
,,1,Jackie Battle,1,0,1,1
,,1,Leon Washington,1,0,0,1
,,2,Charlie Whitehurst,2,0,0,1
,,11,Blake Bortles,5,0,0,38
,,6,Denard Robinson,5,0,0,22
,,7,Storm Johnson,10,0,1,21
,,2,Jordan Todman,3,0,0,1
,,9,Jerick McKinnon,11,0,0,40
,,21,Jarius Wright,1,0,0,21
,,8,Teddy Bridgewater,3,0,0,11
,,2,Cordarrelle Patterson,1,0,0,2
,,-2,Matt Asiata,2,0,0,-5
,,13,Joique Bell,18,0,1,74
,,4,George Winn,5,0,0,16
,,3,Theo Riddick,3,0,0,6
,,3,Jed Collins,1,0,0,3
,,1,Matthew Stafford,1,0,0,1
,,24,Tre Mason,5,0,0,40
,,5,Benny Cunningham,7,0,1,21
,,6,Zac Stacy,8,0,0,17
,,8,Tavon Austin,3,0,0,16
,,-1,Austin Davis,1,0,0,-1
,,9,Frank Gore,16,0,0,38
,,23,Colin Kaepernick,3,0,0,37
,,6,Carlos Hyde,11,0,0,14
,,17,Shane Vereen,11,0,0,43
,,5,Jonas Gray,3,0,0,12
,,8,Julian Edelman,1,0,0,8
,,16,Chris Ivory,21,0,1,107
,,15,Chris Johnson,13,0,0,61
,,10,Geno Smith,7,0,0,37
,,7,Bilal Powell,1,0,0,7
,,6,Michael Vick,1,0,0,6
,,16,Matt Forte,12,0,1,49
,,3,Jay Cutler,2,0,0,3
,,9,Lamar Miller,18,0,1,61
,,30,Ryan Tannehill,6,0,0,48
,,11,Dn Thomas,7,0,0,25
,,4,Mike Wallace,1,0,0,4
,,-1,Damian Williams,1,0,0,-1
,,53,CJ Spiller,1,0,0,53
,,12,Anthony Dixon,13,0,0,51
,,8,Fred Jackson,3,0,0,12
,,3,Frank Summers,1,0,0,3
,,-1,Kyle Orton,1,0,0,-1
,,29,Jerick McKinnon,19,0,0,103
,,11,Matt Asiata,6,0,0,24
,,21,Jerome Felton,2,0,0,21
,,7,Teddy Bridgewater,1,0,0,7
,,3,Cordarrelle Patterson,1,0,0,3
,,37,Ronnie Hillman,14,0,2,74
,,9,Juwan Thompson,6,0,0,30
,,5,CJ Anderson,2,0,0,9
,,3,Virgil Green,1,0,0,3
,,2,Brock Osweiler,3,0,0,0
,,-1,Peyton Manning,1,0,0,-1
,,7,Frank Gore,9,0,0,20
,,7,Colin Kaepernick,3,0,0,18
,,10,Carlos Hyde,3,0,0,15
,,5,Blaine Gabbert,1,0,0,5
,,2,Derek Carrier,1,0,0,2
,,2,Bruce Miller,1,0,0,2
,,13,Branden Oliver,15,0,0,67
,,2,Ronnie Brown,1,0,0,2
,,16,Jamaal Charles,22,0,1,95
,,9,Alex Smith,6,0,0,29
,,12,Knile Davis,10,0,0,25
,,5,DeAnthony Thomas,1,0,0,5
,,11,Trent Richardson,14,0,0,77
,,15,Ahmad Bradshaw,10,0,1,52
,,13,Dan Herron,5,0,0,37
,,2,Andrew Luck,4,0,0,5
,,0,Donte Moncrief,1,0,0,0
,,6,Giovani Bernard,7,0,0,17
,,11,Jeremy Hill,4,0,0,15
,,0,Andy Dalton,1,0,0,0
,,21,DeMarco Murray,28,0,1,128
,,13,Lance Dunbar,3,0,0,16
,,4,Joseph Randle,2,0,0,7
,,6,Tony Romo,2,0,0,5
,,22,Andre Williams,18,0,0,51
,,10,Peyton Hillis,6,0,0,29
,,13,Odell Beckham,1,0,0,13
,,11,Eli Manning,1,0,0,11
,,20,Denard Robinson,22,0,1,127
,,18,Blake Bortles,5,0,0,37
,,5,Storm Johnson,6,0,1,16
,,5,Marqise Lee,2,0,0,5
,,18,Ben Tate,16,0,0,36
,,11,Isaiah Crowell,7,0,0,18
,,8,Andrew Hawkins,1,0,0,8
,,4,Terrance West,5,0,0,8
,,-1,Brian Hoyer,1,0,0,-1
,,11,Joique Bell,18,0,1,48
,,5,Reggie Bush,4,0,0,10
,,2,Matthew Stafford,2,0,0,1
,,17,Khiry Robinson,3,0,0,26
,,14,Mark Ingram,10,0,0,16
,,13,Drew Brees,1,0,0,13
,,12,Pierre Thomas,6,0,0,13
,,5,Austin Johnson,1,0,0,5
,,11,Eddie Lacy,12,0,1,63
,,14,James Starks,7,0,1,36
,,16,Aaron Rodgers,3,0,0,21
,,5,John Kuhn,2,0,0,4
,,2,Randall Cobb,1,0,0,2
,,0,DuJuan Harris,2,0,0,-1
,,-1,Matt Flynn,3,0,0,-3
,,18,Jonathan Stewart,13,0,0,50
,,10,Cam Newton,7,0,0,41
,,9,Chris Ogbonnaya,5,0,0,17
,,15,Darren McFadden,14,0,1,48
,,3,Maurice Jones Drew,3,0,0,6
,,3,Derek Carr,2,0,0,2
,,13,Andre Ellington,24,0,0,88
,,13,Stepfan Taylor,12,0,1,40
,,-5,John Brown,1,0,0,-5
,,28,Tre Mason,18,0,1,85
,,8,Tavon Austin,5,0,0,16
,,5,Benny Cunningham,2,0,0,3
,,-1,Austin Davis,2,0,0,-2
,,52,Russell Wilson,7,0,1,106
,,13,Marshawn Lynch,18,0,0,53
,,6,Robert Turbin,2,0,0,7
,,3,Christine Michael,2,0,0,5
,,21,Justin Forsett,23,0,0,95
,,11,Bernard Pierce,8,0,1,21
,,4,Joe Flacco,1,0,0,4
,,3,Lorenzo Taliaferro,4,0,0,3
,,4,Steven Jackson,8,0,0,22
,,18,Devonta Freeman,2,0,0,20
,,9,Antone Smith,3,0,0,10
,,7,Jacquizz Rodgers,2,0,0,9
,,7,Matt Ryan,1,0,0,7
,,14,Alfred Morris,18,0,0,54
,,15,Roy Helu,5,0,0,29
,,14,Darrel Young,1,0,0,14
,,4,Colt McCoy,2,0,0,3
,,11,Bishop Sankey,16,0,0,56
,,6,Charlie Whitehurst,2,0,0,10
,,8,Leon Washington,1,0,0,8
,,2,Jackie Battle,2,0,0,3
,,-1,Dexter McCluster,1,0,0,-1
,,20,LeVeon Bell,12,0,0,57
,,5,LeGarrette Blount,7,0,0,9
,,9,Dri Archer,2,0,0,7
,,5,Ben Roethlisberger,4,0,0,3
,,33,Arian Foster,20,0,0,102
,,6,Ryan Fitzpatrick,5,0,0,16
,,7,Alfred Blue,5,0,0,14
,,37,Ronnie Hillman,20,0,0,109
,,5,Juwan Thompson,7,0,2,24
,,6,Emmanuel Sanders,1,0,0,6
,,0,CJ Anderson,1,0,0,0
,,0,Peyton Manning,1,0,0,0
,,23,Branden Oliver,13,0,0,36
,,17,Philip Rivers,1,0,0,17
,,8,Ronnie Brown,1,0,0,8
,,8,Giovani Bernard,16,0,1,45
,,26,Mohamed Sanu,2,0,0,27
,,5,Jeremy Hill,10,0,0,25
,,5,Andy Dalton,6,0,2,14
,,12,Justin Forsett,17,1,0,68
,,10,Lorenzo Taliaferro,7,0,2,27
,,13,Joe Flacco,2,0,0,12
,,6,Ben Tate,15,0,1,26
,,7,Terrance West,7,0,0,11
,,1,Isaiah Crowell,1,0,0,1
,,2,Brian Hoyer,2,0,0,1
,,15,Darren McFadden,12,0,0,59
,,4,Maurice Jones Drew,6,0,0,8
,,7,Kenbrell Thompkins,1,0,0,7
,,0,Jamize Olawale,1,0,0,0
,,2,Derek Carr,2,0,0,-3
,,7,Doug Martin,10,0,0,27
,,13,Bobby Rainey,8,0,0,25
,,6,Mike Glennon,3,0,0,13
,,1,Mike James,1,0,0,1
,,0,Robert Herron,1,0,0,0
,,28,Jerick McKinnon,16,0,0,83
,,10,Cordarrelle Patterson,1,0,0,10
,,3,Teddy Bridgewater,1,0,0,3
,,5,Matt Asiata,4,0,0,1
,,21,Andre Ellington,23,0,1,71
,,13,LeSean McCoy,21,0,0,83
,,11,Nick Foles,2,0,0,14
,,6,Chris Polk,3,0,0,13
,,36,Jamaal Charles,13,0,2,73
,,15,Knile Davis,16,0,1,49
,,15,Alex Smith,4,0,0,24
,,-3,DeAnthony Thomas,1,0,0,-3
,,14,Tre Mason,7,0,0,32
,,18,Benny Cunningham,4,0,0,27
,,9,Zac Stacy,5,0,0,17
,,4,Tavon Austin,2,0,0,7
,,1,Austin Davis,1,0,0,1
,,13,Steven Jackson,18,0,1,60
,,6,Matt Ryan,1,0,0,6
,,2,Devonta Freeman,3,0,0,5
,,3,Antone Smith,3,0,0,5
,,2,Jacquizz Rodgers,1,0,0,2
,,9,Joique Bell,14,0,0,39
,,10,Matthew Stafford,3,0,0,9
,,3,Jed Collins,2,0,0,5
,,5,Theo Riddick,3,0,0,5
,,2,George Winn,1,0,0,2
,,41,Denard Robinson,18,0,0,108
,,32,Blake Bortles,6,0,0,48
,,4,Toby Gerhart,4,0,0,10
,,8,Jordan Todman,2,0,0,10
,,30,Lamar Miller,14,0,0,78
,,30,Ryan Tannehill,5,0,0,48
,,9,Dn Thomas,4,0,0,18
,,4,Jarvis Landry,1,0,0,4
,,24,Michael Vick,8,0,0,69
,,9,Chris Ivory,13,0,2,43
,,9,Percy Harvin,4,0,0,28
,,15,Bilal Powell,4,0,1,28
,,5,Chris Johnson,3,0,0,7
,,0,Geno Smith,1,0,0,0
,,5,Anthony Dixon,22,0,0,44
,,7,Bryce Brown,7,0,0,15
,,7,Kyle Orton,2,0,0,6
,,2,Frank Summers,1,0,1,2
,,18,Jonathan Stewart,16,0,0,79
,,8,Cam Newton,12,0,0,24
,,9,Chris Ogbonnaya,1,0,0,9
,,1,Jason Avant,1,0,0,1
,,1,Darrin Reaves,1,0,0,1
,,25,Marshawn Lynch,14,0,0,62
,,15,Russell Wilson,6,0,0,35
,,6,Christine Michael,4,0,0,12
,,5,Robert Turbin,2,0,0,10
,,19,Jonas Gray,17,0,0,86
,,11,Shane Vereen,5,0,0,22
,,4,James White,6,0,0,17
,,0,Tom Brady,2,0,0,0
,,-1,Jimmy Garoppolo,1,0,0,-1
,,-2,Timothy Wright,1,0,0,-2
,,19,Matt Forte,19,0,0,114
,,13,KaDeem Carey,6,0,0,33
,,6,Jay Cutler,1,0,0,6
,,28,Mark Ingram,24,0,1,172
,,7,Travaris Cadet,1,0,0,7
,,6,Drew Brees,1,0,0,6
,,4,Brandin Cooks,1,0,1,4
,,4,Erik Lorig,2,0,0,3
,,2,Austin Johnson,2,0,0,1
,,19,Eddie Lacy,13,0,0,59
,,14,Aaron Rodgers,2,0,1,21
,,3,James Starks,2,0,0,5
,,4,DuJuan Harris,2,0,0,4
,,17,LeVeon Bell,24,0,0,92
,,6,LeGarrette Blount,6,0,0,21
,,5,Antonio Brown,1,0,0,5
,,-1,Ben Roethlisberger,1,0,0,-1
,,12,Ahmad Bradshaw,6,0,1,35
,,14,Andrew Luck,3,0,0,26
,,2,Dan Herron,1,0,0,2
,,9,Bishop Sankey,9,0,0,35
,,1,Shonn Greene,1,0,0,1
,,2,Dexter McCluster,2,0,0,1
,,0,Leon Washington,0,0,0,0
,,-1,Zach Mettenberger,1,0,0,-1
,,43,Arian Foster,20,0,2,151
,,9,Alfred Blue,14,0,0,42
,,12,Ryan Fitzpatrick,4,0,0,12
,,5,Jonathan Grimes,2,0,0,7
,,51,DeMarco Murray,19,0,0,141
,,12,Joseph Randle,3,0,0,23
,,6,Lance Dunbar,1,0,0,6
,,1,Tony Romo,1,0,0,1
,,-5,Brandon Weeden,1,0,0,-5
,,29,Alfred Morris,18,0,1,73
,,18,Roy Helu,5,0,0,29
,,7,Colt McCoy,7,0,1,16
,,5,Silas Redd,1,0,0,5
,,13,Jonathan Stewart,8,0,0,46
,,14,Cam Newton,7,0,1,43
,,7,DeAngelo Williams,8,0,0,20
,,19,Mark Ingram,30,0,2,100
,,2,Edwin Baker,1,0,0,2
,,3,Drew Brees,4,0,1,2
,,3,Travaris Cadet,2,0,0,1
,,60,Jeremy Hill,24,0,2,154
,,8,Andy Dalton,2,0,0,11
,,11,James Wright,1,0,0,11
,,4,Cedric Peerman,5,0,0,9
,,9,Mohamed Sanu,1,0,0,9
,,-3,AJ Green,1,0,0,-3
,,39,Denard Robinson,17,0,1,94
,,12,Toby Gerhart,3,0,0,19
,,5,Blake Bortles,4,0,0,10
,,9,Jordan Todman,1,0,0,9
,,10,Terrance West,15,0,0,48
,,4,Ben Tate,10,0,0,3
,,3,Brian Hoyer,3,0,0,-1
,,21,Bobby Rainey,19,0,0,87
,,9,Mike Glennon,3,0,0,17
,,6,Mike James,4,0,0,9
,,11,Jamaal Charles,20,0,1,78
,,26,DeAnthony Thomas,1,0,0,26
,,4,Knile Davis,3,0,0,9
,,21,Chris Johnson,11,0,0,69
,,6,Chris Ivory,8,0,0,22
,,12,Bilal Powell,5,0,0,20
,,6,Michael Vick,4,0,0,18
,,8,Percy Harvin,1,0,0,8
,,2,Matt Simms,1,0,0,2
,,17,DeMarco Murray,19,0,0,79
,,6,Lance Dunbar,3,0,0,9
,,2,Joseph Randle,1,0,0,2
,,1,Brandon Weeden,2,0,0,2
,,20,Andre Ellington,21,0,0,95
,,5,Marion Grice,5,0,1,12
,,-1,Carson Palmer,2,0,0,-2
,,-3,John Brown,1,0,0,-3
,,14,Lamar Miller,11,0,1,49
,,22,Ryan Tannehill,4,0,0,47
,,9,Damian Williams,11,0,0,28
,,5,Dn Thomas,9,0,0,8
,,16,Donald Brown,4,0,0,23
,,11,Branden Oliver,13,0,0,19
,,5,Ronnie Brown,1,0,0,5
,,3,Philip Rivers,1,0,0,3
,,11,Frank Gore,14,0,0,49
,,13,Carlos Hyde,2,0,0,17
,,9,Colin Kaepernick,5,0,0,14
,,21,Tre Mason,19,0,0,65
,,8,Benny Cunningham,4,0,0,10
,,10,Austin Davis,2,0,0,9
,,4,Tavon Austin,2,0,0,7
,,13,Jonas Gray,12,0,0,33
,,9,Shane Vereen,11,0,0,29
,,4,Tom Brady,2,0,0,4
,,8,CJ Anderson,3,0,0,18
,,4,Ronnie Hillman,10,0,1,16
,,6,Juwan Thompson,2,0,0,6
,,4,Peyton Manning,2,0,0,3
,,11,Marshawn Lynch,21,0,2,67
,,17,Robert Turbin,5,0,0,35
,,19,Russell Wilson,8,0,0,31
,,8,Christine Michael,4,0,0,16
,,9,Darren McFadden,13,0,0,20
,,10,Marcel Reece,1,0,0,10
,,7,Derek Carr,2,0,0,9
,,0,Maurice Jones Drew,2,0,0,-2
,,9,LeGarrette Blount,10,0,0,23
,,5,LeVeon Bell,10,0,0,20
,,4,Dri Archer,1,0,0,4
,,4,Markus Wheaton,1,0,0,4
,,3,Martavis Bryant,1,0,0,3
,,1,Ben Roethlisberger,2,0,0,1
,,12,Justin Forsett,9,0,0,38
,,6,Lorenzo Taliaferro,7,0,0,21
,,2,Joe Flacco,1,0,0,2
,,2,Bernard Pierce,1,0,0,2
,,18,Arian Foster,15,0,0,56
,,16,Ryan Fitzpatrick,6,0,0,49
,,7,Alfred Blue,7,0,0,13
,,26,LeSean McCoy,23,0,0,117
,,22,Chris Polk,8,0,1,50
,,7,Darren Sproles,3,0,0,17
,,3,Mark Sanchez,5,0,0,5
,,1,Nick Foles,1,0,0,1
,,15,Jerick McKinnon,14,0,0,54
,,7,Matt Asiata,10,1,3,26
,,16,Teddy Bridgewater,3,0,0,20
,,14,Alfred Morris,19,0,2,92
,,14,Robert Griffin,7,0,0,24
,,5,Roy Helu,3,0,0,6
,,17,Michael Cox,2,0,0,27
,,9,Andre Williams,12,0,1,22
,,16,Peyton Hillis,4,0,0,20
,,18,Eli Manning,1,0,0,18
,,2,Henry Hynoski,1,0,0,2
,,17,Ahmad Bradshaw,7,0,0,50
,,9,Trent Richardson,7,0,0,33
,,5,Dan Herron,8,0,0,10
,,5,Andrew Luck,2,0,0,5
,,13,Jeremy Hill,12,0,0,55
,,13,James Wright,1,0,0,13
,,7,Rex Burkhead,4,0,0,12
,,4,Andy Dalton,3,0,0,8
,,1,Cedric Peerman,2,0,0,-2
,,14,Terrance West,26,0,1,94
,,6,Isaiah Crowell,12,0,1,41
,,8,Ben Tate,10,0,1,34
,,3,Brian Hoyer,4,0,0,1
,,27,Anthony Dixon,9,0,0,62
,,14,Bryce Brown,7,0,0,35
,,10,Fred Jackson,3,0,0,10
,,2,Kyle Orton,2,0,0,3
,,1,Frank Summers,1,0,0,1
,,39,Jamaal Charles,15,0,1,98
,,12,Alex Smith,4,0,1,25
,,3,DeAnthony Thomas,1,0,0,3
,,4,Knile Davis,4,0,0,1
,,15,Josh McCown,5,0,0,39
,,6,Charles Sims,8,0,0,23
,,9,Mike James,4,0,0,16
,,8,Bobby Rainey,6,0,0,14
,,27,Steven Jackson,16,0,1,81
,,9,Devonta Freeman,3,0,0,16
,,8,Matt Ryan,3,0,0,9
,,4,Antone Smith,4,0,0,3
,,1,Jacquizz Rodgers,1,0,0,1
,,0,Devin Hester,1,0,0,0
,,5,Andre Ellington,18,0,1,23
,,4,Drew Stanton,2,0,0,3
,,1,Marion Grice,1,0,0,1
,,1,Carson Palmer,1,0,0,1
,,16,Tre Mason,14,0,0,48
,,5,Benny Cunningham,4,0,1,12
,,10,Tavon Austin,1,0,0,10
,,3,Austin Davis,3,0,0,0
,,32,Denard Robinson,15,0,2,60
,,3,Jordan Todman,2,0,0,6
,,1,Blake Bortles,3,0,0,3
,,2,Toby Gerhart,4,0,0,2
,,23,DeMarco Murray,19,0,0,100
,,40,Joseph Randle,7,0,1,56
,,-2,Dwayne Harris,1,0,0,-2
,,-1,Brandon Weeden,3,0,0,-3
,,12,Chris Ivory,14,0,0,51
,,18,Michael Vick,8,0,0,39
,,13,Percy Harvin,6,0,0,33
,,4,Chris Johnson,7,0,0,23
,,4,Bilal Powell,1,0,0,4
,,8,LeVeon Bell,11,0,0,36
,,4,LeGarrette Blount,5,0,0,0
,,0,Ben Roethlisberger,1,0,0,0
,,16,Joique Bell,10,0,0,44
,,8,Reggie Bush,4,0,0,20
,,3,Theo Riddick,3,0,0,0
,,0,Matthew Stafford,2,0,0,-1
,,19,Damian Williams,7,0,0,34
,,7,Dn Thomas,5,0,0,14
,,5,Lamar Miller,4,0,0,10
,,3,Ryan Tannehill,2,0,0,0
,,-8,Jarvis Landry,1,0,0,-8
,,12,DuJuan Harris,8,0,0,52
,,16,Eddie Lacy,14,0,0,50
,,7,John Kuhn,5,0,0,20
,,6,James Starks,5,0,0,10
,,13,Matt Forte,17,0,0,54
,,8,KaDeem Carey,2,0,0,13
,,8,Alshon Jeffery,1,0,0,8
,,1,Jay Cutler,2,0,0,0
,,-8,Chris Williams,1,0,0,-8
,,-12,PO Donnell,1,0,0,-12
,,6,Darren McFadden,7,0,0,14
,,6,Maurice Jones Drew,3,0,0,10
,,3,Latavius Murray,2,0,0,4
,,3,Marcel Reece,1,0,0,3
,,1,Denarius Moore,1,0,0,1
,,-2,Kenbrell Thompkins,1,0,0,-2
,,17,CJ Anderson,13,0,0,90
,,6,Ronnie Hillman,6,0,0,13
,,5,Juwan Thompson,4,0,0,8
,,5,Emmanuel Sanders,1,0,0,5
,,4,Brock Osweiler,3,0,0,2
,,37,Justin Forsett,20,0,2,112
,,10,Bernard Pierce,8,0,0,31
,,4,Lorenzo Taliaferro,3,0,0,10
,,0,Joe Flacco,3,0,0,-2
,,11,Bishop Sankey,17,0,0,58
,,4,Shonn Greene,3,0,0,5
,,3,Leon Washington,1,0,0,3
,,1,Kendall Wright,1,0,0,1
,,11,Mark Ingram,27,0,0,120
,,8,Travaris Cadet,2,0,0,9
,,5,Drew Brees,2,0,0,7
,,11,Frank Gore,23,0,1,81
,,15,Carlos Hyde,4,0,1,36
,,19,Colin Kaepernick,4,0,0,24
,,3,Bruce Miller,1,0,0,3
,,22,Marshawn Lynch,21,0,4,140
,,26,Russell Wilson,14,0,1,107
,,45,Christine Michael,4,0,0,71
,,6,Robert Turbin,6,0,0,32
,,7,Andre Williams,13,0,1,33
,,11,Odell Beckham,1,0,0,11
,,4,Michael Cox,2,0,0,6
,,4,Peyton Hillis,1,0,0,4
,,6,LeSean McCoy,12,0,1,19
,,6,Chris Polk,5,0,0,11
,,8,Darren Sproles,1,0,1,8
,,0,Matt Barkley,3,0,0,0
,,0,Mark Sanchez,2,0,0,-1
,,10,Jonathan Stewart,11,0,1,36
,,8,DeAngelo Williams,13,0,0,31
,,17,Fozzy Whittaker,6,0,0,29
,,4,Cam Newton,2,0,0,6
,,33,Lamar Miller,15,0,0,86
,,7,Dn Thomas,5,0,0,23
,,15,Ryan Tannehill,4,0,0,16
,,7,Anthony Dixon,10,0,0,35
,,8,Bryce Brown,6,0,0,14
,,3,Sammy Watkins,1,0,0,3
,,3,Kyle Orton,2,0,0,2
,,32,Matt Forte,26,0,0,117
,,11,Jay Cutler,5,0,0,21
,,48,Andrew Sendejo,1,0,0,48
,,23,Jerick McKinnon,8,0,0,38
,,3,Jerome Felton,1,0,0,3
,,3,Cordarrelle Patterson,1,0,0,3
,,2,Matt Asiata,1,0,0,2
,,2,Teddy Bridgewater,4,0,0,2
,,35,Isaiah Crowell,14,0,0,61
,,7,Terrance West,5,0,0,12
,,2,Brian Hoyer,3,0,0,-6
,,-3,Ben Tate,2,0,0,-9
,,21,Alfred Blue,36,0,0,156
,,11,Jonathan Grimes,13,0,0,54
,,6,Dennis Johnson,1,0,0,6
,,2,Ryan Mallett,4,0,0,-3
,,17,Andre Ellington,19,0,0,42
,,5,Stepfan Taylor,2,0,0,6
,,2,Robert Hughes,1,0,0,2
,,-1,Drew Stanton,4,0,0,-4
,,33,Joique Bell,14,0,0,85
,,8,Golden Tate,1,0,0,8
,,3,Jed Collins,2,0,0,3
,,2,Theo Riddick,2,0,0,2
,,20,Ryan Mathews,16,0,0,70
,,8,Branden Oliver,13,0,0,36
,,15,Eddie Royal,1,0,0,15
,,0,Donald Brown,1,0,0,0
,,-1,Philip Rivers,1,0,0,-1
,,23,Latavius Murray,4,0,0,43
,,5,Darren McFadden,8,0,0,21
,,2,Maurice Jones Drew,4,0,0,6
,,1,Marcel Reece,1,0,0,1
,,0,Derek Carr,2,0,0,0
,,47,Jamaal Charles,20,0,2,159
,,8,DeAnthony Thomas,3,0,0,22
,,4,Knile Davis,5,0,1,10
,,0,Alex Smith,2,0,0,-1
,,17,Marshawn Lynch,24,0,0,124
,,14,Russell Wilson,8,0,0,71
,,4,Robert Turbin,4,0,0,11
,,-2,Christine Michael,1,0,0,-2
,,7,Andrew Luck,3,0,0,15
,,5,Ahmad Bradshaw,7,0,0,4
,,2,Trent Richardson,7,0,0,0
,,20,Jonas Gray,38,0,4,199
,,25,Julian Edelman,2,0,0,31
,,18,Shane Vereen,1,0,0,18
,,-1,Tom Brady,2,0,0,-2
,,-1,Jimmy Garoppolo,2,0,0,-2
,,15,Rashad Jennings,18,0,0,59
,,4,Henry Hynoski,1,0,0,4
,,5,Andre Williams,2,0,0,2
,,17,Frank Gore,19,0,0,95
,,7,Carlos Hyde,9,0,0,25
,,16,Colin Kaepernick,8,0,0,24
,,4,Vernon Davis,1,0,0,4
,,37,Eddie Lacy,10,0,1,69
,,16,Aaron Rodgers,3,0,0,32
,,7,James Starks,8,0,0,9
,,3,John Kuhn,1,0,0,3
,,-1,Matt Flynn,3,0,0,-3
,,13,LeSean McCoy,23,0,0,88
,,13,Darren Sproles,2,0,0,21
,,3,Chris Polk,3,0,0,0
,,0,Mark Sanchez,3,0,0,0
,,8,DeAngelo Williams,10,0,0,41
,,15,Cam Newton,5,0,0,30
,,13,Jonathan Stewart,7,0,0,24
,,5,Fozzy Whittaker,3,0,0,11
,,5,Steven Jackson,17,0,0,41
,,15,Devonta Freeman,6,0,0,28
,,9,Devin Hester,1,0,0,9
,,3,Jacquizz Rodgers,2,0,0,4
,,4,Matt Ryan,1,0,0,4
,,27,Tre Mason,29,0,0,113
,,9,Tavon Austin,2,0,0,11
,,6,Benny Cunningham,2,0,0,7
,,9,CJ Anderson,9,0,0,29
,,-1,Peyton Manning,1,0,0,-1
,,19,Alfred Morris,20,0,0,96
,,10,Robert Griffin,6,0,0,41
,,14,Silas Redd,4,0,0,16
,,2,DeSean Jackson,1,0,0,2
,,12,Charles Sims,13,0,0,36
,,5,Josh McCown,3,0,0,8
,,2,Bobby Rainey,5,0,0,4
,,13,Mark Ingram,23,0,0,67
,,5,Brandin Cooks,1,0,0,5
,,3,Drew Brees,1,0,0,3
,,0,Travaris Cadet,1,0,0,0
,,62,Jeremy Hill,27,0,0,152
,,21,Cedric Peerman,2,0,0,21
,,11,Andy Dalton,5,0,0,12
,,1,Rex Burkhead,2,0,0,1
,,9,Bishop Sankey,11,0,1,38
,,3,Shonn Greene,3,0,0,6
,,5,Dexter McCluster,1,0,0,5
,,27,LeVeon Bell,33,0,1,204
,,4,Ben Roethlisberger,3,0,0,2
,,90,Latavius Murray,4,0,2,112
,,9,Marcel Reece,8,0,0,37
,,7,Darren McFadden,12,0,0,29
,,2,Derek Carr,3,0,0,2
,,1,Maurice Jones Drew,3,0,0,-1
,,11,Jamaal Charles,19,0,0,80
,,9,DeAnthony Thomas,1,0,0,9
,,3,Alex Smith,2,0,0,5
,,3,Knile Davis,2,0,0,2
,,13,Matt Forte,23,0,2,89
,,3,KaDeem Carey,3,0,0,3
,,10,Doug Martin,11,0,0,27
,,10,Charles Sims,6,0,0,22
,,10,Josh McCown,3,0,0,12
,,3,Bobby Rainey,1,0,0,3
,,2,Jorvorskie Lane,1,0,0,2
,,26,CJ Anderson,27,0,1,167
,,21,Juwan Thompson,5,0,0,33
,,3,Emmanuel Sanders,1,0,0,3
,,-1,Peyton Manning,2,0,0,-2
,,22,Lamar Miller,12,0,0,59
,,10,DaThomas,3,1,1,19
,,8,Ryan Tannehill,4,0,1,15
,,3,LaMichael James,2,0,0,4
,,32,Ryan Mathews,12,0,1,105
,,7,Branden Oliver,6,0,0,17
,,7,Donald Brown,1,0,0,7
,,0,Philip Rivers,3,0,0,-1
,,21,Tre Mason,16,0,0,62
,,15,Tavon Austin,3,0,1,27
,,8,Benny Cunningham,4,0,0,18
,,0,Shaun Hill,1,0,0,0
,,18,Dan Herron,12,0,0,65
,,20,Andrew Luck,8,0,0,49
,,12,Trent Richardson,13,0,1,42
,,15,TY Hilton,1,0,0,15
,,4,Donte Moncrief,1,0,0,4
,,23,Toby Gerhart,4,0,0,31
,,9,Denard Robinson,14,0,0,25
,,20,Blake Bortles,5,0,0,24
,,53,LeSean McCoy,21,0,1,130
,,13,Darren Sproles,6,0,1,25
,,4,Chris Polk,7,0,0,5
,,6,Mark Sanchez,4,0,0,4
,,13,Bishop Sankey,10,0,0,37
,,4,Shonn Greene,6,0,1,15
,,2,Dexter McCluster,1,0,0,2
,,-1,Zach Mettenberger,2,0,0,-2
,,7,Steven Jackson,13,0,1,34
,,7,Jacquizz Rodgers,3,0,0,16
,,6,Devonta Freeman,5,0,0,7
,,4,Matt Ryan,2,0,0,6
,,26,Isaiah Crowell,12,0,2,88
,,20,Terrance West,14,0,0,62
,,9,Brian Hoyer,3,0,0,12
,,8,Frank Gore,13,0,0,36
,,7,Carlos Hyde,7,0,1,16
,,7,Colin Kaepernick,9,0,0,14
,,30,Alfred Morris,21,0,1,125
,,8,Robert Griffin,4,0,0,11
,,0,Darrel Young,2,0,0,0
,,12,Rashad Jennings,19,0,0,52
,,18,Andre Williams,10,0,1,35
,,4,Henry Hynoski,2,0,0,4
,,-2,Odell Beckham,1,0,0,-2
,,18,DeMarco Murray,24,0,0,121
,,-2,Tony Romo,1,0,0,-2
,,33,LeGarrette Blount,12,0,2,78
,,9,Shane Vereen,8,0,0,12
,,6,Joique Bell,19,0,0,48
,,10,Matthew Stafford,3,0,0,18
,,13,Golden Tate,1,0,0,13
,,9,Theo Riddick,2,0,0,12
,,40,Russell Wilson,10,0,0,73
,,13,Marshawn Lynch,15,0,0,39
,,6,Robert Turbin,4,0,0,12
,,7,Andre Ellington,10,0,0,24
,,13,Drew Stanton,4,0,0,23
,,5,Stepfan Taylor,5,0,0,14
,,3,Robert Hughes,1,0,0,3
,,9,Alfred Blue,16,0,0,46
,,8,Jonathan Grimes,2,0,0,16
,,2,Ryan Mallett,1,0,0,2
,,30,Jeremy Hill,18,0,1,87
,,19,Giovani Bernard,17,0,0,45
,,3,Andy Dalton,7,0,0,6
,,1,Mohamed Sanu,1,0,0,1
,,10,Jerick McKinnon,15,0,0,54
,,11,Teddy Bridgewater,5,0,0,32
,,8,Joe Banyard,5,0,0,26
,,16,Eddie Lacy,25,0,1,125
,,18,Aaron Rodgers,6,0,0,34
,,-4,James Starks,1,0,0,-4
,,30,Anthony Dixon,12,0,1,54
,,7,Fred Jackson,10,0,1,32
,,6,Bryce Brown,6,0,0,20
,,10,Kyle Orton,1,0,0,10
,,15,Chris Johnson,7,0,0,40
,,17,Chris Ivory,7,0,0,31
,,13,John Conner,1,0,0,13
,,4,Geno Smith,2,0,0,4
,,3,Michael Vick,2,0,0,4
,,67,Joe Morgan,1,0,0,67
,,9,Mark Ingram,11,0,0,27
,,5,Pierre Thomas,5,0,0,19
,,9,Drew Brees,3,0,0,15
,,-2,Kenny Stills,1,0,0,-2
,,38,Justin Forsett,22,0,2,182
,,26,Bernard Pierce,7,0,0,28
,,3,Jacoby Jones,1,0,0,3
,,3,Joe Flacco,2,0,0,2
,,9,DeMarco Murray,20,0,1,73
,,14,Lance Dunbar,2,0,0,15
,,3,Joseph Randle,2,0,0,6
,,-1,Tony Romo,1,0,0,-1
,,38,LeSean McCoy,25,0,1,159
,,12,Chris Polk,11,0,0,49
,,13,Mark Sanchez,7,0,1,28
,,13,Darren Sproles,1,0,0,13
,,7,Josh Huff,1,0,0,7
,,7,Frank Gore,10,0,0,28
,,12,Carlos Hyde,5,0,0,19
,,9,Colin Kaepernick,3,0,0,17
,,33,Marshawn Lynch,20,0,0,104
,,12,Russell Wilson,7,0,0,35
,,8,Christine Michael,3,0,0,10
,,5,Robert Turbin,4,0,0,8
,,22,Joique Bell,23,0,2,91
,,5,KaDeem Carey,2,0,0,8
,,3,Matt Forte,5,0,0,6
,,-1,Jay Cutler,1,0,0,-1
,,8,Fred Jackson,21,0,0,70
,,8,Anthony Dixon,6,0,0,25
,,4,Bryce Brown,3,0,0,11
,,18,Terrance West,7,0,0,32
,,11,Isaiah Crowell,17,0,0,29
,,10,Johnny Manziel,2,0,1,13
,,10,Doug Martin,18,0,1,58
,,11,Bobby Rainey,1,0,0,11
,,5,Charles Sims,5,0,0,6
,,0,Josh McCown,1,0,0,0
,,15,Giovani Bernard,10,0,0,49
,,12,Jeremy Hill,13,0,0,40
,,10,Mohamed Sanu,1,0,0,10
,,5,Andy Dalton,3,0,1,7
,,6,James Wright,1,0,0,6
,,11,Jamaal Charles,10,0,0,35
,,5,Alex Smith,5,0,0,6
,,20,CJ Anderson,32,0,0,168
,,17,Juwan Thompson,10,0,0,39
,,13,David Bruton,1,0,0,13
,,-1,Peyton Manning,2,0,0,-6
,,49,Dan Herron,8,0,1,88
,,15,Andrew Luck,4,0,0,20
,,3,Trent Richardson,8,0,0,12
,,6,Donte Moncrief,1,0,0,6
,,21,Alfred Morris,17,0,0,67
,,11,Colt McCoy,3,0,0,12
,,5,Roy Helu,1,0,0,5
,,55,Steven Jackson,18,0,0,101
,,19,Devonta Freeman,8,0,0,26
,,5,Jacquizz Rodgers,4,0,0,7
,,4,Devin Hester,1,0,0,4
,,6,Matt Ryan,3,0,0,4
,,7,Marion Grice,5,0,0,16
,,7,Andre Ellington,5,0,0,12
,,7,Drew Stanton,1,0,0,7
,,0,Stepfan Taylor,0,1,0,0
,,29,Blake Bortles,5,0,0,68
,,17,Denard Robinson,11,0,0,44
,,4,Toby Gerhart,5,0,0,7
,,-1,Jordan Todman,1,0,0,-1
,,17,Rashad Jennings,26,0,2,91
,,11,Andre Williams,8,0,0,21
,,4,Odell Beckham,1,0,0,4
,,24,Eddie Lacy,21,0,0,98
,,17,Aaron Rodgers,5,0,0,22
,,6,Randall Cobb,2,0,0,8
,,2,James Starks,1,0,0,2
,,13,LeGarrette Blount,10,0,0,58
,,12,Brandon Bolden,3,0,1,17
,,3,Shane Vereen,3,0,0,6
,,4,Jonas Gray,1,0,0,4
,,-1,Tom Brady,1,0,0,-1
,,89,Tre Mason,14,0,2,117
,,11,Zac Stacy,6,0,0,27
,,18,Tavon Austin,2,0,1,24
,,5,Benny Cunningham,2,0,0,3
,,2,Shaun Hill,2,0,1,1
,,7,Darren McFadden,11,0,0,27
,,13,Maurice Jones Drew,5,0,0,21
,,8,Marcel Reece,4,0,0,12
,,1,Derek Carr,1,0,0,1
,,23,Justin Forsett,24,0,0,106
,,6,Bernard Pierce,6,0,0,16
,,2,Joe Flacco,2,0,1,3
,,14,Ryan Mathews,12,0,1,40
,,9,Philip Rivers,4,0,0,19
,,7,Branden Oliver,1,0,0,7
,,-2,Donald Brown,1,0,0,-2
,,18,LeVeon Bell,21,0,1,95
,,8,Ben Roethlisberger,1,0,0,8
,,0,Dri Archer,1,0,0,0
,,31,Mark Ingram,23,0,0,122
,,13,Pierre Thomas,3,0,0,21
,,18,Arian Foster,19,0,0,79
,,10,Jonathan Grimes,5,0,0,13
,,14,Ryan Fitzpatrick,2,0,0,10
,,5,Alfred Blue,7,0,0,6
,,-1,Tom Savage,2,0,0,-2
,,-7,Dennis Johnson,1,0,0,-7
,,12,Bishop Sankey,10,0,0,42
,,10,Dexter McCluster,9,0,0,33
,,8,Zach Mettenberger,1,0,0,8
,,0,Shonn Greene,2,0,0,0
,,8,Matt Asiata,14,0,0,52
,,9,Ben Tate,5,0,0,15
,,8,Teddy Bridgewater,2,0,0,12
,,5,Joe Banyard,2,0,0,8
,,5,Jarius Wright,1,0,0,5
,,26,Jonathan Stewart,12,0,0,85
,,10,Cam Newton,9,0,0,49
,,9,DeAngelo Williams,7,0,0,21
,,16,Fozzy Whittaker,1,0,0,16
,,3,Mike Tolbert,2,0,0,5
,,4,C Brown,1,0,0,4
,,-2,DeAndre Presley,1,0,0,-2
,,47,Chris Johnson,17,0,0,105
,,11,Chris Ivory,16,0,0,62
,,20,Jeremy Kerley,2,0,0,38
,,9,Percy Harvin,6,0,0,27
,,20,Greg Salas,1,0,1,20
,,13,Geno Smith,4,0,0,19
,,5,Bilal Powell,2,0,0,4
,,2,John Conner,1,0,0,2
,,13,Lamar Miller,13,0,1,56
,,10,Ryan Tannehill,4,0,0,13
,,5,DaThomas,1,0,0,5
,,7,Matt Forte,13,1,1,26
,,10,Jay Cutler,2,0,1,9
,,40,DeMarco Murray,32,0,1,179
,,17,Joseph Randle,1,0,1,17
,,-1,Tony Romo,2,0,0,-2
,,15,Jeremy Hill,8,0,0,46
,,20,Andy Dalton,4,0,1,22
,,4,Giovani Bernard,6,0,0,17
,,1,Jason Campbell,1,0,0,1
,,0,Cedric Peerman,1,0,0,0
,,0,Mohamed Sanu,1,0,0,0
,,53,LeVeon Bell,26,0,2,185
,,3,Josh Harris,4,0,0,9
,,-1,Ben Roethlisberger,1,0,0,-1
,,47,Juwan Thompson,4,0,0,63
,,10,CJ Anderson,21,0,3,58
,,13,Emmanuel Sanders,1,0,0,13
,,1,Jeremy Stewart,1,0,0,1
,,-1,Peyton Manning,2,0,0,-2
,,12,Fred Jackson,8,0,0,35
,,11,Anthony Dixon,3,0,0,15
,,12,Marquise Goodwin,1,0,0,12
,,7,Bryce Brown,3,0,0,11
,,1,Kyle Orton,1,0,1,1
,,13,Isaiah Crowell,14,0,1,54
,,12,Terrance West,15,0,0,54
,,4,Brian Hoyer,2,0,0,3
,,13,Andrew Luck,5,0,1,37
,,8,Trent Richardson,7,0,0,30
,,9,Dan Herron,8,0,0,26
,,16,Kerwynn Williams,19,0,0,100
,,12,Stepfan Taylor,6,0,0,19
,,10,Drew Stanton,4,0,0,17
,,8,Marion Grice,3,0,0,6
,,-1,Robert Hughes,1,0,0,-1
,,63,Jamaal Charles,10,0,1,91
,,21,Alex Smith,4,0,0,26
,,9,DeAnthony Thomas,2,0,0,5
,,4,Knile Davis,1,0,0,4
,,17,Ryan Mathews,11,0,0,44
,,7,Philip Rivers,3,0,0,8
,,4,Branden Oliver,3,0,0,1
,,23,LeGarrette Blount,20,0,0,66
,,7,Jonas Gray,2,0,0,9
,,5,Tom Brady,4,0,0,7
,,4,Julian Edelman,1,0,0,4
,,1,Shane Vereen,1,0,0,1
,,15,Lamar Miller,12,0,0,53
,,7,Ryan Tannehill,2,0,0,6
,,4,Damian Williams,2,0,0,4
,,44,Justin Forsett,13,0,1,71
,,27,Bernard Pierce,3,0,0,50
,,13,Lorenzo Taliaferro,7,0,0,35
,,15,Joe Flacco,7,0,1,16
,,11,Jacoby Jones,1,0,0,11
,,10,LeSean McCoy,17,0,0,50
,,7,Mark Sanchez,1,0,0,7
,,6,Darren Sproles,4,0,0,0
,,21,Marshawn Lynch,23,0,0,86
,,26,Russell Wilson,10,0,1,48
,,11,Christine Michael,6,0,0,32
,,11,Jermaine Kearse,2,0,0,15
,,5,Robert Turbin,4,0,0,7
,,0,Jon Ryan,1,0,0,0
,,16,Denard Robinson,10,0,0,30
,,9,Toby Gerhart,5,0,0,19
,,4,Jordan Todman,3,0,0,11
,,7,Blake Bortles,3,0,0,10
,,4,Marqise Lee,1,0,0,4
,,51,Arian Foster,24,0,1,127
,,7,Ryan Fitzpatrick,8,0,1,19
,,5,Alfred Blue,9,0,1,15
,,12,Dennis Johnson,1,0,0,12
,,57,Joique Bell,18,0,1,83
,,12,Reggie Bush,8,0,0,26
,,4,Jeremy Ross,1,0,0,4
,,2,George Winn,1,0,0,2
,,0,Matthew Stafford,3,0,0,-2
,,9,Doug Martin,5,0,0,22
,,3,Josh McCown,4,0,0,8
,,3,Charles Sims,5,0,0,-4
,,16,Latavius Murray,23,0,0,76
,,3,Darren McFadden,4,0,0,5
,,11,Derek Carr,2,0,0,2
,,3,Marcel Reece,2,0,0,2
,,11,Frank Gore,12,0,0,63
,,17,Colin Kaepernick,3,0,0,26
,,4,Anquan Boldin,1,0,0,4
,,2,Carlos Hyde,2,0,0,4
,,7,Colt McCoy,2,0,0,11
,,8,Silas Redd,1,0,0,8
,,12,Alfred Morris,8,0,0,6
,,2,Tress Way,1,0,0,2
,,15,Tre Mason,20,0,0,66
,,18,Tavon Austin,5,0,0,46
,,20,Benny Cunningham,3,0,0,20
,,0,Shaun Hill,2,0,0,-1
,,16,Mark Ingram,10,0,0,43
,,16,Pierre Thomas,5,0,0,38
,,6,Drew Brees,1,0,0,6
,,5,Travaris Cadet,1,0,0,5
,,69,Jonathan Stewart,20,0,1,155
,,22,Cam Newton,12,0,1,83
,,15,Mike Tolbert,5,0,0,28
,,3,Fozzy Whittaker,3,0,0,5
,,21,Jake Locker,2,0,0,28
,,7,Bishop Sankey,9,0,0,25
,,5,Leon Washington,2,0,0,9
,,-1,Zach Mettenberger,1,0,0,-1
,,50,Andre Williams,24,0,1,131
,,9,Odell Beckham,1,0,0,9
,,4,Rashad Jennings,2,0,0,5
,,0,Orleans Darkwa,1,0,0,0
,,-1,Ryan Nassib,2,0,0,-3
,,8,Matt Asiata,19,0,0,54
,,23,Jarius Wright,1,0,0,23
,,8,Ben Tate,3,0,0,15
,,9,Joe Banyard,1,0,0,9
,,3,Teddy Bridgewater,3,0,0,7
,,6,Cordarrelle Patterson,1,0,0,6
,,15,Chris Ivory,16,0,0,73
,,8,Chris Johnson,16,0,0,53
,,18,Geno Smith,6,0,0,33
,,6,Bilal Powell,2,0,0,6
,,4,Percy Harvin,2,0,0,3
,,41,James Starks,10,0,1,75
,,22,Eddie Lacy,13,0,1,73
,,12,Aaron Rodgers,5,0,0,28
,,4,John Kuhn,1,0,0,4
,,-1,Randall Cobb,1,0,0,-1
,,10,Steven Jackson,16,0,1,50
,,15,Matt Ryan,2,0,0,23
,,14,Jacquizz Rodgers,3,0,0,20
,,0,Devin Hester,1,0,0,0
,,0,Devonta Freeman,2,0,0,-2
,,10,Tre Mason,13,0,0,33
,,13,Stedman Bailey,1,0,0,13
,,9,Shaun Hill,3,0,0,11
,,8,Tavon Austin,1,0,0,8
,,4,Benny Cunningham,2,0,0,4
,,19,Kerwynn Williams,15,0,0,75
,,21,Stepfan Taylor,14,0,0,61
,,3,Ted Ginn,1,0,0,3
,,4,Drew Stanton,2,0,0,3
,,1,Rob Housler,1,0,0,1
,,13,Fred Jackson,20,0,0,71
,,8,Anthony Dixon,6,0,0,26
,,12,Bryce Brown,4,0,0,20
,,-1,Kyle Orton,3,0,0,-4
,,22,Eddie Lacy,15,0,1,97
,,19,Aaron Rodgers,3,0,0,27
,,12,James Starks,4,0,0,19
,,12,Randall Cobb,3,0,0,15
,,8,Terrance West,5,0,0,23
,,9,Isaiah Crowell,7,0,0,17
,,10,Johnny Manziel,5,0,0,13
,,21,Jeremy Hill,25,0,2,148
,,14,Giovani Bernard,15,0,0,79
,,10,Rex Burkhead,3,0,1,14
,,2,Andy Dalton,2,0,0,3
,,11,Branden Oliver,12,0,0,26
,,7,Donald Brown,5,0,0,18
,,8,Ronnie Brown,2,0,0,9
,,3,Philip Rivers,1,0,0,3
,,9,CJ Anderson,29,0,0,85
,,16,Jeremy Stewart,2,0,0,16
,,8,Juwan Thompson,4,0,0,14
,,-1,Brock Osweiler,1,0,0,-1
,,-1,Peyton Manning,3,0,0,-3
,,15,Jamaal Charles,12,0,0,52
,,8,Alex Smith,3,0,0,17
,,8,DeAnthony Thomas,2,0,0,14
,,3,Knile Davis,9,0,1,11
,,-1,Chase Daniel,1,0,0,-1
,,25,Latavius Murray,12,0,0,59
,,8,Darren McFadden,2,0,0,13
,,7,Maurice Jones Drew,2,0,0,6
,,0,Derek Carr,1,0,0,0
,,11,Dan Herron,11,0,0,60
,,9,Trent Richardson,9,0,0,32
,,8,Andrew Luck,8,0,0,18
,,18,Arian Foster,26,0,0,99
,,6,Alfred Blue,8,0,0,26
,,12,Ryan Fitzpatrick,3,0,0,16
,,1,Tom Savage,4,0,0,-4
,,14,LeSean McCoy,16,0,0,64
,,5,Chris Polk,2,0,2,6
,,3,Darren Sproles,3,0,1,5
,,21,DeMarco Murray,31,0,2,81
,,7,Lance Dunbar,5,0,0,22
,,14,Joseph Randle,2,0,0,13
,,2,Tony Romo,4,0,0,-1
,,12,Steven Jackson,11,0,0,46
,,12,Matt Ryan,3,0,0,27
,,10,Devonta Freeman,4,0,0,21
,,2,Jacquizz Rodgers,2,0,0,3
,,13,LeVeon Bell,20,0,2,47
,,-1,Ben Roethlisberger,2,0,0,-2
,,6,Andre Williams,18,0,0,44
,,3,Rashad Jennings,1,0,0,3
,,2,Henry Hynoski,2,0,0,2
,,0,Odell Beckham,1,0,0,0
,,14,Alfred Morris,14,0,0,49
,,23,Robert Griffin,5,0,0,46
,,20,Colt McCoy,2,0,0,24
,,7,Chris Thompson,3,0,0,12
,,9,DeSean Jackson,1,0,0,9
,,3,Darrel Young,1,0,0,3
,,1,Silas Redd,1,0,0,1
,,15,Joique Bell,15,0,0,62
,,5,Reggie Bush,3,0,0,7
,,6,Golden Tate,2,0,0,5
,,4,Theo Riddick,1,0,0,4
,,2,Matthew Stafford,1,0,0,2
,,9,Matt Asiata,11,0,1,36
,,16,Teddy Bridgewater,3,0,0,30
,,4,Ben Tate,5,0,0,8
,,4,Joe Banyard,2,0,0,2
,,15,Jonathan Stewart,22,0,0,73
,,17,C Brown,1,0,0,17
,,8,Derek Anderson,5,0,0,14
,,11,Fozzy Whittaker,2,0,0,13
,,2,Mike Tolbert,2,0,0,4
,,63,Doug Martin,14,0,0,96
,,18,Charles Sims,7,0,0,34
,,16,Josh McCown,2,0,1,21
,,14,Jonas Gray,11,0,0,62
,,17,Tom Brady,3,0,0,18
,,5,LeGarrette Blount,8,0,1,17
,,6,Julian Edelman,1,0,0,6
,,3,Shane Vereen,6,0,1,5
,,13,Lamar Miller,16,0,0,47
,,15,Ryan Tannehill,3,0,0,21
,,5,Dn Thomas,2,0,0,5
,,3,Rishard Matthews,1,0,0,3
,,0,Mike Wallace,1,0,0,0
,,6,Justin Forsett,16,0,0,48
,,28,Bernard Pierce,6,0,0,37
,,10,Joe Flacco,4,0,0,8
,,10,Toby Gerhart,13,0,0,54
,,17,Storm Johnson,6,0,0,19
,,8,Jordan Todman,3,0,0,7
,,2,Blake Bortles,1,0,0,2
,,15,Marshawn Lynch,21,0,1,91
,,15,Robert Turbin,5,0,0,33
,,19,Russell Wilson,5,0,0,27
,,1,Christine Michael,1,0,0,1
,,28,Carlos Hyde,6,0,0,55
,,22,Colin Kaepernick,9,0,0,46
,,15,Frank Gore,11,0,1,29
,,6,Alfonso Smith,4,0,0,6
,,4,Bruce Miller,2,0,0,4
,,8,Shonn Greene,16,0,0,50
,,11,Dexter McCluster,5,0,0,15
,,10,Charlie Whitehurst,2,0,0,9
,,5,Bishop Sankey,3,0,0,8
,,7,Jake Locker,2,0,0,7
,,37,Chris Johnson,10,0,0,55
,,12,Chris Ivory,12,0,1,25
,,10,Geno Smith,4,0,0,16
,,10,Percy Harvin,1,0,0,10
,,8,Bilal Powell,1,0,0,8
,,0,John Conner,1,0,0,0
,,19,Matt Forte,16,0,0,78
,,21,Josh Morgan,1,0,0,21
,,20,Jay Cutler,1,0,0,20
,,4,KaDeem Carey,1,0,0,4
,,2,Danny McCray,1,0,0,2
,,15,Mark Ingram,17,0,1,59
,,9,Pierre Thomas,2,0,0,11
,,5,Khiry Robinson,3,0,0,10
,,3,Drew Brees,3,0,0,2
,,1,Erik Lorig,1,0,0,1
,,62,Jordan Todman,5,0,1,71
,,14,Toby Gerhart,12,0,1,53
,,19,Blake Bortles,5,0,0,50
,,2,Storm Johnson,3,0,0,3
,,8,Bishop Sankey,14,0,0,44
,,11,Shonn Greene,7,0,0,28
,,10,Charlie Whitehurst,3,0,0,12
,,11,Leon Washington,4,0,0,11
,,52,Frank Gore,26,0,1,158
,,90,Colin Kaepernick,7,0,1,151
,,20,Quinton Patton,1,0,0,20
,,12,Alfonso Smith,2,0,0,14
,,7,Bruce Ellington,3,0,1,12
,,0,Bruce Miller,1,0,0,0
,,22,Branden Oliver,13,0,0,53
,,11,Ronnie Brown,7,0,0,33
,,4,Donald Brown,4,0,0,12
,,28,Alfred Morris,21,0,1,83
,,7,Robert Griffin,5,0,0,11
,,4,Silas Redd,1,0,0,4
,,1,Darrel Young,2,0,2,2
,,22,LeSean McCoy,22,0,1,88
,,12,Darren Sproles,4,0,0,24
,,6,Mark Sanchez,5,0,0,22
,,10,Matt Forte,19,0,0,55
,,4,Jimmy Clausen,3,0,0,9
,,20,Joique Bell,13,0,1,74
,,16,Reggie Bush,7,0,1,54
,,5,George Winn,1,0,0,5
,,3,Jed Collins,1,0,0,3
,,5,Matthew Stafford,4,0,0,2
,,4,Doug Martin,10,0,0,17
,,1,Charles Sims,4,0,0,-1
,,44,Eddie Lacy,17,0,1,99
,,11,John Kuhn,4,0,0,22
,,4,James Starks,7,0,0,3
,,-1,Matt Flynn,3,0,0,-3
,,4,Stepfan Taylor,11,0,0,19
,,6,Marion Grice,1,0,0,6
,,3,Kerwynn Williams,2,0,0,4
,,0,Robert Hughes,1,0,0,0
,,79,Marshawn Lynch,10,0,2,113
,,55,Russell Wilson,6,0,1,88
,,11,Robert Turbin,10,0,0,38
,,15,Christine Michael,8,0,0,28
,,11,DeMarco Murray,22,0,1,58
,,12,Joseph Randle,13,0,0,37
,,13,Tony Romo,3,0,0,28
,,5,Lance Dunbar,2,0,0,4
,,4,Dan Herron,7,0,0,3
,,3,Trent Richardson,2,0,0,1
,,-3,Zurlon Tipton,1,0,0,-3
,,14,Lamar Miller,19,0,1,92
,,12,Damian Williams,3,0,0,18
,,5,LaMichael James,1,0,0,5
,,5,Ryan Tannehill,5,0,0,1
,,10,Matt Asiata,16,1,2,58
,,27,Jarius Wright,1,0,0,27
,,16,Joe Banyard,5,0,0,23
,,6,Teddy Bridgewater,5,0,0,13
,,-2,Cordarrelle Patterson,1,0,0,-2
,,16,Chris Ivory,11,0,0,53
,,16,Chris Johnson,10,0,0,30
,,14,Bilal Powell,5,0,0,21
,,6,Geno Smith,3,0,0,9
,,2,John Conner,1,0,0,2
,,1,Percy Harvin,2,0,0,1
,,15,Shane Vereen,6,0,0,38
,,17,Brandon Bolden,5,0,0,32
,,11,Tom Brady,7,0,0,10
,,4,Jonas Gray,6,0,1,5
,,30,Jonathan Stewart,24,0,0,122
,,15,Cam Newton,12,0,1,63
,,8,Mike Tolbert,7,0,0,19
,,5,Fozzy Whittaker,1,0,0,5
,,0,C Brown,1,0,0,0
,,26,Isaiah Crowell,16,0,0,55
,,11,Brian Hoyer,2,0,0,19
,,5,Andrew Hawkins,2,0,0,7
,,4,Johnny Manziel,2,0,0,3
,,25,Latavius Murray,23,0,0,86
,,25,Darren McFadden,9,0,0,54
,,2,Derek Carr,4,0,0,0
,,3,Fred Jackson,6,0,0,10
,,4,Anthony Dixon,3,0,0,7
,,4,CJ Spiller,4,0,0,-4
,,16,Tre Mason,13,0,1,76
,,19,Tavon Austin,3,0,0,25
,,5,Zac Stacy,2,0,0,6
,,0,Shaun Hill,1,0,0,0
,,-1,Benny Cunningham,1,0,0,-1
,,45,Andre Williams,26,0,0,110
,,12,Orleans Darkwa,4,0,1,21
,,0,Odell Beckham,1,0,0,0
,,-1,Eli Manning,3,0,0,-3
,,8,Mark Ingram,13,0,1,38
,,9,Drew Brees,2,0,0,8
,,4,Khiry Robinson,2,0,0,7
,,4,Nick Toon,1,0,0,4
,,31,Devonta Freeman,5,0,1,36
,,8,Jacquizz Rodgers,11,0,0,29
,,5,Steven Jackson,4,0,0,9
,,7,Matt Ryan,2,0,0,7
,,7,LeVeon Bell,20,0,1,63
,,9,Martavis Bryant,2,0,0,9
,,-1,Ben Roethlisberger,4,0,0,-4
,,10,Jamaal Charles,9,0,0,29
,,11,Alex Smith,2,0,0,14
,,1,Knile Davis,2,0,0,2
,,-6,DeAnthony Thomas,1,0,0,-6
,,34,Arian Foster,25,0,0,96
,,13,Case Keenum,4,0,0,19
,,5,Alfred Blue,8,0,0,6
,,2,Jonathan Grimes,1,0,0,2
,,6,Justin Forsett,10,0,0,19
,,12,Fitzgerald Toussaint,4,0,0,11
,,5,Joe Flacco,1,0,0,5
,,-2,Bernard Pierce,1,0,0,-2
,,85,Jeremy Hill,22,0,1,147
,,23,Giovani Bernard,8,0,0,36
,,10,Andy Dalton,6,0,0,25
,,-1,Dane Sanzenbacher,1,0,0,-1
,,27,CJ Anderson,18,0,1,83
,,2,Juwan Thompson,1,0,0,2
,,25,CJ Anderson,13,0,3,87
,,13,Ronnie Hillman,15,0,0,56
,,5,Jeremy Stewart,4,0,0,5
,,-1,Brock Osweiler,1,0,0,-1
,,-5,Peyton Manning,1,0,0,-5
,,8,Latavius Murray,10,0,0,37
,,4,Darren McFadden,4,0,0,13
,,11,Marcel Reece,1,0,0,11
,,5,Derek Carr,3,0,0,6
,,45,Doug Martin,19,0,0,108
,,20,Charles Sims,18,0,1,69
,,4,Josh McCown,2,0,0,6
,,18,Mark Ingram,14,0,1,57
,,8,Khiry Robinson,7,0,1,15
,,-1,Drew Brees,2,0,0,-2
,,12,Jamaal Charles,13,0,0,54
,,11,Knile Davis,9,0,0,23
,,18,DeAnthony Thomas,1,0,0,18
,,9,Chase Daniel,3,0,0,16
,,18,Branden Oliver,14,0,1,71
,,9,Donald Brown,10,0,0,39
,,2,Philip Rivers,1,0,0,2
,,97,Lamar Miller,19,0,1,178
,,1,Dn Thomas,1,0,1,1
,,9,Chris Ivory,13,0,0,29
,,23,Chris Owusu,1,0,1,23
,,7,Chris Johnson,10,0,0,20
,,6,Geno Smith,5,0,0,18
,,6,Jeremy Kerley,2,0,0,11
,,4,John Conner,2,0,0,3
,,0,Bilal Powell,1,0,0,0
,,17,Jacquizz Rodgers,9,0,0,44
,,5,Devonta Freeman,6,0,0,13
,,6,Matt Ryan,1,0,0,6
,,13,Cam Newton,6,0,1,51
,,11,Jonathan Stewart,13,0,0,49
,,28,C Brown,2,0,0,41
,,13,Fozzy Whittaker,7,0,0,41
,,7,Mike Tolbert,7,0,0,12
,,24,Frank Gore,25,0,0,144
,,30,Colin Kaepernick,7,0,0,63
,,-1,Alfonso Smith,1,0,0,-1
,,11,Kerwynn Williams,17,0,0,67
,,6,Stepfan Taylor,7,0,0,26
,,5,Robert Hughes,1,0,0,5
,,9,Andre Williams,15,0,1,43
,,18,Rashad Jennings,10,0,0,33
,,23,LeSean McCoy,17,0,0,99
,,17,Chris Polk,7,0,1,38
,,15,Mark Sanchez,7,0,0,22
,,5,Darren Sproles,1,0,0,5
,,22,Eddie Lacy,26,0,0,100
,,21,James Starks,5,0,0,26
,,13,Aaron Rodgers,2,0,1,14
,,6,Randall Cobb,2,0,0,6
,,4,John Kuhn,3,0,0,6
,,18,Joique Bell,13,0,0,60
,,18,Matthew Stafford,4,0,0,29
,,14,Reggie Bush,5,0,0,19
,,3,Jed Collins,1,0,0,3
,,34,LeGarrette Blount,10,0,0,62
,,9,Jimmy Garoppolo,4,0,0,16
,,7,Brandon Bolden,5,0,0,15
,,9,Brandon LaFell,2,0,0,13
,,7,Tom Brady,2,0,0,9
,,1,Shane Vereen,2,0,0,1
,,8,Fred Jackson,18,0,0,58
,,7,Anthony Dixon,7,0,1,27
,,7,CJ Spiller,5,0,0,17
,,5,Sammy Watkins,1,0,0,5
,,-1,Kyle Orton,2,0,0,-3
,,32,Justin Forsett,17,0,0,119
,,4,Bernard Pierce,6,0,0,8
,,3,Joe Flacco,3,0,0,1
,,1,Fitzgerald Toussaint,2,0,0,1
,,36,Terrance West,18,0,1,94
,,7,Connor Shaw,7,0,0,9
,,2,Isaiah Crowell,4,0,0,6
,,22,Alfred Morris,12,0,0,43
,,15,Roy Helu,6,0,0,42
,,6,Robert Griffin,6,0,1,19
,,32,DeMarco Murray,20,0,1,100
,,65,Joseph Randle,4,0,1,69
,,4,Lance Dunbar,1,0,0,4
,,1,Dwayne Harris,1,0,0,1
,,14,Marshawn Lynch,14,0,1,60
,,14,Robert Turbin,11,0,0,53
,,8,Doug Baldwin,1,0,0,8
,,6,Russell Wilson,6,0,0,7
,,2,Christine Michael,1,0,0,2
,,2,Will Tukuafu,1,0,0,2
,,13,Tre Mason,11,0,0,28
,,6,Benny Cunningham,4,0,0,10
,,4,Zac Stacy,2,0,0,3
,,2,Tavon Austin,2,0,0,1
,,6,LeVeon Bell,8,0,0,20
,,4,Josh Harris,5,0,0,7
,,4,Ben Roethlisberger,4,0,0,3
,,-1,Dri Archer,1,0,0,-1
,,22,Jeremy Hill,23,0,0,100
,,7,Giovani Bernard,3,0,0,8
,,5,Andy Dalton,3,0,0,8
,,10,Jonathan Grimes,11,0,0,45
,,5,Alfred Blue,17,0,1,39
,,13,Arian Foster,5,0,0,23
,,10,Case Keenum,6,0,0,16
,,34,Blake Bortles,3,0,0,61
,,34,Jordan Todman,7,0,0,52
,,9,Toby Gerhart,4,0,0,8
,,52,Shonn Greene,11,0,0,94
,,13,Charlie Whitehurst,4,0,0,19
,,11,Bishop Sankey,4,0,0,18
,,10,Kendall Wright,1,0,0,10
,,2,Leon Washington,2,0,0,2
,,0,Jackie Battle,1,0,0,0
,,-1,Jordan Palmer,1,0,0,-1
,,9,Dan Herron,10,0,0,35
,,9,Zurlon Tipton,9,0,0,21
,,4,Trent Richardson,6,0,0,11
,,5,Andrew Luck,1,0,0,5
,,-1,Matt Hasselbeck,4,0,0,-8
,,19,Matt Asiata,19,0,0,91
,,7,Joe Banyard,6,0,0,20
,,14,Teddy Bridgewater,6,0,0,18
,,3,Jerome Felton,1,0,0,3
,,-11,Charles Johnson,1,0,0,-11
,,9,Matt Forte,17,0,0,51
,,22,Jay Cutler,3,0,0,39
,,9,Josh Morgan,1,0,0,9
,,35,Jonathan Stewart,24,0,1,123
,,13,Cam Newton,7,0,0,35
,,12,DeAngelo Williams,4,0,0,16
,,6,Mike Tolbert,2,0,0,7
,,5,Jerricho Cotchery,1,0,0,5
,,4,Fozzy Whittaker,1,0,0,4
,,6,Brad Nortman,2,0,0,-2
,,9,Kerwynn Williams,10,0,0,23
,,2,Stepfan Taylor,3,0,0,3
,,1,Marion Grice,1,0,1,1
,,0,Robert Hughes,1,0,0,0
,,8,Josh Harris,9,0,0,25
,,8,Ben Tate,5,0,0,19
,,16,Ben Roethlisberger,2,0,0,16
,,6,Martavis Bryant,1,0,0,6
,,3,Will Johnson,1,0,0,3
,,-1,Dri Archer,1,0,0,-1
,,14,Justin Forsett,16,0,0,40
,,9,Joe Flacco,8,0,0,8
,,5,Bernard Pierce,1,0,1,5
,,27,Dan Herron,12,0,1,56
,,11,Zurlon Tipton,11,0,0,40
,,18,Andrew Luck,2,0,0,18
,,18,Jeremy Hill,13,0,1,47
,,16,Andy Dalton,4,0,0,34
,,23,Rex Burkhead,1,0,0,23
,,6,Giovani Bernard,3,0,0,6
,,18,DeMarco Murray,19,0,1,75
,,-1,Tony Romo,2,0,0,-2
,,11,Joique Bell,12,0,0,43
,,18,Reggie Bush,8,0,1,37
,,9,Matthew Stafford,1,0,0,9
,,1,Jed Collins,1,0,0,1
,,4,Brandon Bolden,3,0,0,7
,,6,Shane Vereen,1,0,0,6
,,2,LeGarrette Blount,3,0,0,1
,,4,Tom Brady,6,0,1,0
,,19,Justin Forsett,24,0,0,129
,,3,Fitzgerald Toussaint,2,0,0,5
,,2,Bernard Pierce,1,0,0,2
,,0,Michael Campanaro,1,0,0,0
,,25,Marshawn Lynch,14,0,0,59
,,14,Russell Wilson,7,0,0,22
,,13,Robert Turbin,7,0,0,19
,,16,Jonathan Stewart,13,0,0,70
,,9,Cam Newton,11,0,0,37
,,8,DeAngelo Williams,2,0,0,14
,,7,Mike Tolbert,2,0,0,10
,,1,Fozzy Whittaker,1,0,0,1
,,0,Jerricho Cotchery,1,0,0,0
,,29,Eddie Lacy,19,0,0,101
,,6,James Starks,5,0,0,16
,,4,John Kuhn,1,0,0,4
,,2,Randall Cobb,1,0,0,2
,,-1,Aaron Rodgers,3,0,0,-4
,,30,DeMarco Murray,25,0,1,123
,,13,Joseph Randle,2,0,0,15
,,7,Tony Romo,1,0,0,7
,,22,CJ Anderson,18,0,0,80
,,10,Ronnie Hillman,2,0,0,8
,,8,Dan Herron,23,0,1,63
,,20,Andrew Luck,2,0,0,21
,,9,Zurlon Tipton,2,0,0,14
,,1,TY Hilton,1,0,0,1
,,24,Marshawn Lynch,25,0,1,157
,,15,Russell Wilson,7,0,1,25
,,5,Robert Turbin,2,0,0,8
,,4,Ricardo Lockette,1,0,0,4
,,13,Eddie Lacy,21,0,0,73
,,32,James Starks,5,0,0,44
,,12,Aaron Rodgers,1,0,0,12
,,3,Randall Cobb,1,0,0,3
,,3,John Kuhn,2,0,0,3
,,22,LeGarrette Blount,30,0,3,148
,,9,Tom Brady,3,0,0,13
,,12,Julian Edelman,1,0,0,12
,,2,Jonas Gray,4,0,0,4
,,2,Shane Vereen,1,0,0,2
,,-2,Danny Amendola,1,0,0,-2
,,17,Dan Herron,10,0,0,51
,,11,Andrew Luck,4,0,0,18
,,8,Zurlon Tipton,5,0,1,14
,,15,Marshawn Lynch,24,0,1,102
,,17,Russell Wilson,3,0,0,39
,,19,Robert Turbin,2,0,0,21
,,9,LeGarrette Blount,14,0,0,40
,,7,Shane Vereen,4,0,0,13
,,7,Julian Edelman,1,0,0,7
,,-1,Tom Brady,2,0,0,-3