assists, ats margin, ats streak, attendance, blocks, conference, date, day, defensive rebounds, dpa, dps, field goals attempted, field goals made, fouls, free throws attempted, free throws made, game number, line, losses, margin, matchup losses, matchup wins, minutes, month, offensive rebounds, officials, opponents, ou margin, ou streak, overtime, playoffs, points, quarter scores, rebounds, rest, season, site, site streak, start time, steals, streak, team, three pointers attempted, three pointers made, time of game, total, turnovers, wins
14,-1.500,0,,5,Eastern,20200725,Saturday,32,2.750,1.250,66,23,15,22,19,1,14.500,0,-16,0,0,,7,5,,[],4.000,0,0,0,71,[16, 19, 22, 14],37,,2020,home,0,,5,0,Liberty,28,6,,154.000,19,0
16,1.500,0,,3,Western,20200725,Saturday,32,1.250,2.750,77,34,21,15,12,1,-14.500,0,16,0,0,,7,8,,[],4.000,0,0,0,87,[24, 18, 24, 21],40,,2020,away,0,,15,0,Storm,23,7,,154.000,13,0
23,-19.500,0,,3,Western,20200725,Saturday,22,20.000,0.500,61,27,19,21,13,1,3.500,0,-23,0,0,,7,10,,[],20.500,0,0,0,76,[22, 24, 8, 22],32,,2020,home,0,,10,0,Mercury,28,9,,154.500,27,0
21,19.500,0,,2,Western,20200725,Saturday,25,0.500,20.000,68,38,21,17,14,1,-3.500,0,23,0,0,,7,6,,[],20.500,0,0,0,99,[22, 28, 30, 19],31,,2020,away,0,,14,0,Sparks,20,9,,154.500,15,0
16,26.000,0,,1,Eastern,20200725,Saturday,34,-3.250,22.750,68,38,19,20,18,1,1.000,0,25,0,0,,7,7,,[],19.500,0,0,0,101,[36, 26, 30, 9],41,,2020,home,0,,5,0,Mystics,17,7,,157.500,13,0
12,-26.000,0,,1,Eastern,20200725,Saturday,22,22.750,-3.250,71,28,21,15,12,1,-1.000,0,-25,0,0,,7,6,,[],19.500,0,0,0,76,[26, 9, 21, 20],28,,2020,away,0,,7,0,Fever,26,8,,157.500,13,0
16,10.500,0,,5,Western,20200726,Sunday,33,-10.250,0.250,67,28,21,21,17,1,2.500,0,8,0,0,,7,7,,[],-10.000,0,0,0,77,[12, 16, 22, 27],40,,2020,home,0,,9,0,Lynx,17,4,,156.000,14,0
15,-10.500,0,,5,Eastern,20200726,Sunday,28,0.250,-10.250,66,23,21,30,21,1,-2.500,0,-8,0,0,,7,8,,[],-10.000,0,0,0,69,[19, 18, 20, 12],36,,2020,away,0,,10,0,Sun,19,2,,156.000,14,0
23,1.500,0,,0,Western,20200726,Sunday,31,-1.000,0.500,77,36,20,19,14,1,3.500,0,-2,0,0,,7,11,,[],-0.500,0,0,0,86,[30, 18, 21, 17],42,,2020,home,0,,8,0,Aces,5,0,,174.500,17,0
25,-1.500,0,,3,Eastern,20200726,Sunday,26,0.500,-1.000,74,34,23,14,11,1,-3.500,0,2,0,0,,7,7,,[],-0.500,0,0,0,88,[26, 20, 19, 23],33,,2020,away,0,,7,0,Sky,27,9,,174.500,16,0
19,15.500,0,,4,Eastern,20200726,Sunday,30,15.000,30.500,62,34,21,34,30,1,5.500,0,10,0,0,,7,4,,[],45.500,0,0,0,105,,34,,2020,home,0,,7,0,Dream,17,7,,154.500,16,0
18,-15.500,0,,1,Western,20200726,Sunday,21,30.500,15.000,78,34,27,20,14,1,-5.500,0,-10,0,0,,7,8,,[],45.500,0,0,0,95,,29,,2020,away,0,,10,0,Wings,28,13,,154.500,13,0
16,-1.500,,,1,Eastern,20200728,Tuesday,30,8.750,7.250,66,30,25,30,22,2,3.500,1,-5,0,0,,7,6,,['Lynx'],16.000,,0,0,89,,36,1,2020,home,-1,,8,-1,Sun,18,7,,167.000,16,0
19,1.500,,,0,Eastern,20200728,Tuesday,30,7.250,8.750,70,34,28,21,17,2,-3.500,0,5,0,0,,7,5,,['Fever'],16.000,,0,0,94,,35,2,2020,away,1,,10,1,Mystics,25,9,,167.000,15,1
25,22.500,,,2,Eastern,20200728,Tuesday,33,-10.500,12.000,68,37,17,14,11,2,4.500,0,18,0,0,,7,5,,['Aces'],1.500,,0,0,96,,38,1,2020,home,-1,,9,1,Sky,25,11,,172.500,15,1
18,-22.500,,,2,Western,20200728,Tuesday,23,12.000,-10.500,70,30,15,15,11,2,-4.500,0,-18,0,0,,7,7,,['Mercury'],1.500,,0,0,78,,30,2,2020,away,-1,,10,1,Sparks,20,7,,172.500,16,1
25,15.000,,,5,Western,20200728,Tuesday,17,-7.500,7.500,66,35,16,13,9,2,-9.000,0,24,0,0,,7,7,,['Liberty'],0.000,,0,0,90,,24,2,2020,home,-1,,9,1,Storm,25,11,,156.000,11,1
13,-15.000,,,1,Western,20200728,Tuesday,23,7.500,-7.500,62,21,11,21,19,2,9.000,0,-24,0,0,,7,15,,['Sun'],0.000,,0,0,66,,38,1,2020,away,1,,7,1,Lynx,18,5,,156.000,19,1
17,11.000,,,3,Eastern,20200729,Wednesday,29,15.500,26.500,70,36,23,27,25,2,5.000,1,6,0,0,,7,9,,['Mystics'],42.000,,0,0,106,,38,3,2020,home,-1,,2,-1,Fever,20,9,,164.000,12,0
18,-11.000,,,2,Western,20200729,Wednesday,20,26.500,15.500,69,34,24,33,23,2,-5.000,1,-6,0,0,,7,8,,['Sparks'],42.000,,0,0,100,,28,3,2020,away,1,,6,-1,Mercury,22,9,,164.000,8,0
18,8.000,,,6,Western,20200729,Wednesday,25,-0.250,7.750,72,36,19,17,11,2,-5.000,1,13,0,0,,7,5,,['Dream'],7.500,,0,0,93,,30,2,2020,home,-1,,8,-1,Wings,23,10,,165.500,10,0
16,-8.000,,,2,Eastern,20200729,Wednesday,31,7.750,-0.250,73,31,15,12,9,2,5.000,1,-13,0,0,,7,13,,['Storm'],7.500,,0,0,80,,44,3,2020,away,1,,5,-1,Liberty,25,9,,165.500,18,0
16,22.500,,,1,Western,20200729,Wednesday,33,-13.750,8.750,71,38,14,26,18,2,-7.500,1,30,0,0,,7,14,,['Sky'],-5.000,,0,0,100,,47,2,2020,home,1,,11,-1,Aces,9,6,,175.000,19,0
12,-22.500,,,5,Eastern,20200729,Wednesday,18,8.750,-13.750,70,28,24,14,9,2,7.500,0,-30,0,0,,7,7,,['Wings'],-5.000,,0,0,70,,25,2,2020,away,1,,12,1,Dream,28,5,,175.000,16,1
25,25.500,,,1,Eastern,20200730,Thursday,26,-19.750,5.750,76,33,15,9,8,3,7.500,0,18,0,0,,7,10,,['Fever', 'Sun'],-14.000,,0,0,89,,36,1,2020,home,-1,,13,2,Mystics,32,15,,174.000,8,2
16,-25.500,,,4,Western,20200730,Thursday,27,5.750,-19.750,66,26,14,15,14,3,-7.500,0,-18,0,0,,7,11,,['Liberty', 'Lynx'],-14.000,,0,0,71,,38,1,2020,away,1,,4,2,Storm,25,5,,174.000,18,2
17,6.500,,,4,Western,20200730,Thursday,25,-4.750,1.750,64,30,22,22,17,3,4.500,1,2,0,0,,7,10,,['Sun', 'Storm'],-3.000,,0,0,83,,35,1,2020,home,-1,,10,-1,Lynx,17,6,,167.000,15,1
18,-6.500,,,3,Eastern,20200730,Thursday,25,1.750,-4.750,69,31,22,17,13,3,-4.500,0,-2,0,0,,7,8,,['Aces', 'Sparks'],-3.000,,0,0,81,,33,1,2020,away,1,,8,2,Sky,24,6,,167.000,14,2
22,-1.500,,,3,Western,20200730,Thursday,31,-3.500,-5.000,72,32,26,15,12,3,-6.500,1,5,0,0,,7,5,,['Mercury', 'Sky'],-8.500,,0,0,81,,36,1,2020,home,-2,,8,-1,Sparks,16,5,,165.500,15,1
19,1.500,,,0,Eastern,20200730,Thursday,32,-5.000,-3.500,73,26,19,28,19,3,6.500,2,-5,0,0,,7,13,,['Lynx', 'Mystics'],-8.500,,0,0,76,,45,1,2020,away,1,,9,-2,Sun,15,5,,165.500,14,0
11,1.500,,,2,Eastern,20200731,Friday,26,-4.250,-2.750,75,28,20,31,25,3,-4.500,1,6,0,0,,7,17,,['Wings', 'Aces'],-7.000,,0,0,84,,43,1,2020,home,-1,,8,-1,Dream,10,3,,169.000,15,1
13,-1.500,,,11,Eastern,20200731,Friday,25,-2.750,-4.250,72,28,23,17,15,3,4.500,2,-6,0,0,,7,8,,['Storm', 'Wings'],-7.000,,0,0,78,,33,1,2020,away,-1,,8,-2,Liberty,29,7,,169.000,15,0
10,0.000,,,5,Western,20200731,Friday,27,-11.250,-11.250,74,26,18,25,21,3,-3.000,1,3,0,0,,7,16,,['Dream', 'Liberty'],-22.500,,0,0,76,,43,1,2020,home,1,,7,1,Wings,25,3,,171.500,9,1
18,0.000,,,1,Eastern,20200731,Friday,26,-11.250,-11.250,72,26,19,19,16,3,3.000,1,-3,0,0,,7,15,,['Mystics', 'Mercury'],-22.500,,0,0,73,,41,1,2020,away,1,,4,1,Fever,19,5,,171.500,15,1
30,13.500,,,9,Western,20200731,Friday,29,3.750,17.250,66,38,26,19,15,3,6.500,2,7,0,0,,7,2,,['Sparks', 'Fever'],21.000,,0,0,102,,31,1,2020,home,-1,,4,-2,Mercury,20,11,,176.000,13,0
22,-13.500,,,1,Western,20200731,Friday,25,17.250,3.750,70,32,17,28,24,3,-6.500,1,-7,0,0,,7,5,,['Sky', 'Dream'],21.000,,0,0,95,,30,1,2020,away,2,,8,1,Aces,14,7,,176.000,10,1
10,-13.000,,,3,Eastern,20200801,Saturday,19,2.000,-11.000,63,22,18,24,17,4,-4.000,3,-9,1,0,,8,8,,['Lynx', 'Mystics', 'Sparks'],-9.000,,0,0,69,,27,1,2020,home,-1,,12,-3,Sun,24,8,,156.000,16,0
13,13.000,,,7,Western,20200801,Saturday,28,-11.000,2.000,64,27,20,26,20,4,4.000,1,9,0,1,,8,12,,['Sun', 'Storm', 'Sky'],-9.000,,0,0,78,,40,1,2020,away,1,,11,1,Lynx,19,4,,156.000,17,2
25,6.000,,,5,Eastern,20200801,Saturday,31,-5.250,0.750,70,36,19,7,4,4,4.000,1,2,0,0,,8,4,,['Aces', 'Sparks', 'Lynx'],-4.500,,0,0,88,,35,1,2020,home,-1,,7,-1,Sky,25,12,,178.500,17,2
20,-6.000,,,1,Eastern,20200801,Saturday,28,0.750,-5.250,74,31,12,20,16,4,-4.000,0,-2,0,0,,8,7,,['Fever', 'Sun', 'Storm'],-4.500,,0,0,86,,35,1,2020,away,1,,10,3,Mystics,22,8,,178.500,14,3
19,1.000,,,2,Western,20200801,Saturday,31,-3.500,-2.500,62,31,21,19,11,4,-5.000,1,6,0,0,,8,5,,['Liberty', 'Lynx', 'Mystics'],-6.000,,0,0,81,,36,1,2020,home,-1,,10,-1,Storm,23,8,,162.000,16,2
16,-1.000,,,2,Western,20200801,Saturday,22,-2.500,-3.500,75,29,15,13,10,4,5.000,1,-6,0,0,,8,11,,['Mercury', 'Sky', 'Sun'],-6.000,,0,0,75,,33,1,2020,away,1,,10,1,Sparks,24,7,,162.000,14,2
13,-18.000,,,2,Eastern,20200802,Sunday,24,5.750,-12.250,73,18,30,29,26,4,11.000,3,-29,0,0,,8,10,,['Storm', 'Wings', 'Dream'],-6.500,,0,0,67,[12, 15, 29, 11],34,1,2020,home,-2,,4,-3,Liberty,35,5,,169.500,13,0
20,18.000,,,9,Western,20200802,Sunday,38,-12.250,5.750,66,32,29,33,27,4,-11.000,2,29,0,0,,8,9,,['Sparks', 'Fever', 'Aces'],-6.500,,0,0,96,[25, 16, 21, 34],47,1,2020,away,1,,8,1,Mercury,19,5,,169.500,13,1
26,17.000,,,5,Eastern,20200802,Sunday,23,-8.500,8.500,66,34,13,21,17,4,1.000,2,16,0,0,,8,9,,['Mystics', 'Mercury', 'Wings'],0.000,,0,0,93,[30, 17, 20, 26],32,1,2020,home,-1,,5,-1,Fever,20,8,,170.000,15,1
18,-17.000,,,0,Eastern,20200802,Sunday,21,8.500,-8.500,69,33,22,8,7,4,-1.000,1,-16,0,0,,8,5,,['Wings', 'Aces', 'Liberty'],0.000,,0,0,77,[23, 18, 17, 19],26,1,2020,away,1,,6,1,Dream,11,4,,170.000,12,2
17,2.500,,,1,Western,20200802,Sunday,33,-12.250,-9.750,62,27,14,27,22,4,-6.500,2,9,0,0,,8,7,,['Sky', 'Dream', 'Mercury'],-22.000,,0,0,79,,40,1,2020,home,-1,,3,-1,Aces,14,3,,171.000,18,1
11,-2.500,,,5,Western,20200802,Sunday,21,-9.750,-12.250,76,28,23,12,10,4,6.500,1,-9,0,0,,8,9,,['Dream', 'Liberty', 'Fever'],-22.000,,0,0,70,,30,1,2020,away,2,,10,2,Wings,30,4,,171.000,10,2
19,-3.500,,,2,Eastern,20200804,Tuesday,30,-3.750,-7.250,69,32,15,12,9,5,-6.500,1,3,0,0,,8,10,,['Aces', 'Sparks', 'Lynx', 'Mystics'],-11.000,,0,0,82,,40,2,2020,home,1,,7,1,Sky,20,9,,172.000,13,3
12,3.500,,,5,Western,20200804,Tuesday,22,-7.250,-3.750,72,29,17,14,11,5,6.500,2,-3,0,0,,8,9,,['Dream', 'Liberty', 'Fever', 'Aces'],-11.000,,0,0,79,,31,1,2020,away,-1,,9,-1,Wings,28,10,,172.000,10,2
15,-0.500,,,2,Eastern,20200804,Tuesday,30,-11.000,-11.500,62,29,25,13,12,5,6.500,2,-7,0,0,,8,5,,['Wings', 'Aces', 'Liberty', 'Fever'],-22.500,,0,0,74,,35,1,2020,home,-1,,7,-1,Dream,13,4,,177.500,23,2
19,0.500,,,2,Western,20200804,Tuesday,23,-11.500,-11.000,75,29,18,22,19,5,-6.500,2,7,0,0,,8,10,,['Sparks', 'Fever', 'Aces', 'Liberty'],-22.500,,0,0,81,,33,1,2020,away,-1,,7,2,Mercury,20,4,,177.500,10,2
17,2.500,,,8,Western,20200804,Tuesday,23,1.250,3.750,65,31,14,18,14,5,-10.500,1,13,0,0,,8,8,,['Liberty', 'Lynx', 'Mystics', 'Sparks'],5.000,,0,0,87,,31,2,2020,home,1,,10,1,Storm,21,11,,156.000,9,3
22,-2.500,,,2,Eastern,20200804,Tuesday,25,3.750,1.250,69,30,18,12,7,5,10.500,4,-13,0,0,,8,10,,['Lynx', 'Mystics', 'Sparks', 'Lynx'],5.000,,0,0,74,,35,2,2020,away,1,,7,-4,Sun,25,7,,156.000,14,0
18,-16.500,,,3,Eastern,20200805,Wednesday,21,8.500,-8.000,64,25,16,11,8,5,9.500,4,-26,0,0,,8,9,,['Storm', 'Wings', 'Dream', 'Mercury'],0.500,,0,0,66,,30,2,2020,home,1,,7,-4,Liberty,26,8,,157.500,22,0
22,16.500,,,4,Western,20200805,Wednesday,27,-8.000,8.500,71,36,11,13,10,5,-9.500,1,26,0,0,,8,11,,['Sun', 'Storm', 'Sky', 'Sun'],0.500,,0,0,92,,38,3,2020,away,-1,,14,2,Lynx,21,10,,157.500,14,3
17,-8.500,,,1,Eastern,20200805,Wednesday,22,-4.250,-12.750,74,31,23,11,7,5,-2.500,1,-6,0,0,,8,8,,['Fever', 'Sun', 'Storm', 'Sky'],-17.000,,0,0,77,,30,3,2020,home,-1,,7,-1,Mystics,26,8,,177.000,11,3
11,8.500,,,0,Western,20200805,Wednesday,32,-12.750,-4.250,57,28,17,30,23,5,2.500,2,6,0,0,,8,6,,['Sky', 'Dream', 'Mercury', 'Wings'],-17.000,,0,0,83,,38,2,2020,away,1,,6,1,Aces,10,4,,177.000,15,2
16,3.000,,,6,Western,20200805,Wednesday,25,-2.750,0.250,64,31,21,23,18,5,-8.000,2,11,0,0,,8,4,,['Mercury', 'Sky', 'Sun', 'Storm'],-2.500,,0,0,86,,29,3,2020,home,-1,,9,-1,Sparks,17,6,,163.500,12,2
17,-3.000,,,0,Eastern,20200805,Wednesday,23,0.250,-2.750,63,26,20,20,18,5,8.000,2,-11,0,0,,8,6,,['Mystics', 'Mercury', 'Wings', 'Dream'],-2.500,,0,0,75,,29,2,2020,away,1,,5,1,Fever,18,5,,163.500,15,2
12,10.000,,,5,Eastern,20200806,Thursday,30,9.000,19.000,68,31,22,20,20,6,11.000,3,-1,0,0,,8,7,,['Wings', 'Aces', 'Liberty', 'Fever', 'Mercury'],28.000,,0,0,92,,37,1,2020,home,1,,7,-2,Dream,27,10,,157.000,17,2
21,-10.000,,,3,Western,20200806,Thursday,25,19.000,9.000,73,31,18,27,25,6,-11.000,1,1,0,0,,8,8,,['Liberty', 'Lynx', 'Mystics', 'Sparks', 'Sun'],28.000,,0,0,93,,33,1,2020,away,2,,11,2,Storm,21,6,,157.000,11,4
13,-19.500,,,1,Western,20200806,Thursday,20,9.750,-9.750,73,28,16,9,4,6,3.500,3,-23,0,0,,8,10,,['Dream', 'Liberty', 'Fever', 'Aces', 'Sky'],0.000,,0,0,68,,30,1,2020,home,-2,,9,-2,Wings,29,8,,159.000,17,2
22,19.500,,,3,Eastern,20200806,Thursday,26,-9.750,9.750,66,36,16,17,14,6,-3.500,5,23,0,0,,8,6,,['Lynx', 'Mystics', 'Sparks', 'Lynx', 'Storm'],0.000,,0,0,91,,32,1,2020,away,-1,,9,-5,Sun,18,5,,159.000,14,0
17,13.000,,,7,Western,20200806,Thursday,23,-3.750,9.250,61,32,19,26,22,6,3.000,2,10,0,0,,8,4,,['Sparks', 'Fever', 'Aces', 'Liberty', 'Dream'],5.500,,0,0,96,,27,1,2020,home,-2,,8,3,Mercury,19,10,,176.500,21,3
19,-13.000,,,4,Eastern,20200806,Thursday,22,9.250,-3.750,70,32,28,16,13,6,-3.000,1,-10,0,0,,8,12,,['Aces', 'Sparks', 'Lynx', 'Mystics', 'Wings'],5.500,,0,0,86,,34,1,2020,away,2,,12,2,Sky,24,9,,176.500,19,4
20,2.000,,,4,Western,20200807,Friday,20,3.250,5.250,62,32,20,18,15,6,-5.000,1,7,0,0,,8,10,,['Sun', 'Storm', 'Sky', 'Sun', 'Liberty'],8.500,,0,0,87,,30,1,2020,home,-2,,11,3,Lynx,16,8,,158.500,13,4
18,-2.000,,,6,Eastern,20200807,Friday,18,5.250,3.250,68,30,17,13,10,6,5.000,3,-7,0,0,,8,11,,['Mystics', 'Mercury', 'Wings', 'Dream', 'Sparks'],8.500,,0,0,80,,29,1,2020,away,-1,,2,-1,Fever,24,10,,158.500,16,2
12,-24.500,,,2,Eastern,20200807,Friday,25,-1.250,-25.750,61,23,21,20,16,6,-16.500,2,-8,0,0,,8,1,,['Fever', 'Sun', 'Storm', 'Sky', 'Aces'],-27.000,,0,0,66,,26,1,2020,home,1,,9,-2,Mystics,16,4,,167.000,14,3
16,24.500,,,2,Eastern,20200807,Friday,32,-25.750,-1.250,56,22,24,24,18,6,16.500,5,8,0,0,,8,6,,['Storm', 'Wings', 'Dream', 'Mercury', 'Lynx'],-27.000,,0,0,74,,38,1,2020,away,2,,4,-5,Liberty,32,12,,167.000,18,0
20,-1.000,,,3,Western,20200807,Friday,35,1.500,0.500,68,34,19,16,14,6,-5.000,2,4,0,0,,8,7,,['Sky', 'Dream', 'Mercury', 'Wings', 'Mystics'],2.000,,0,0,86,,42,1,2020,home,-1,,6,2,Aces,7,4,,166.000,18,3
18,1.000,,,6,Western,20200807,Friday,26,0.500,1.500,72,30,20,17,16,6,5.000,2,-4,0,0,,8,7,,['Mercury', 'Sky', 'Sun', 'Storm', 'Fever'],2.000,,0,0,82,,33,1,2020,away,1,,9,1,Sparks,20,6,,166.000,13,3
17,8.500,,,4,Western,20200808,Saturday,29,-7.000,1.500,67,31,15,15,13,7,-1.500,4,10,1,0,,8,10,,['Dream', 'Liberty', 'Fever', 'Aces', 'Sky', 'Sun'],-5.500,,0,0,85,[21, 20, 24, 20],39,1,2020,home,1,,9,-3,Wings,25,10,,165.500,13,2
13,-8.500,,,7,Eastern,20200808,Saturday,20,1.500,-7.000,71,29,13,13,9,7,1.500,4,-10,0,1,,8,11,,['Wings', 'Aces', 'Liberty', 'Fever', 'Mercury', 'Storm'],-5.500,,0,0,75,[18, 24, 17, 16],31,1,2020,away,2,,4,-3,Dream,19,8,,165.500,12,2
19,1.000,,,3,Western,20200808,Saturday,33,-12.750,-11.750,65,25,20,16,12,7,-5.000,1,6,0,0,,8,8,,['Liberty', 'Lynx', 'Mystics', 'Sparks', 'Sun', 'Dream'],-24.500,,0,0,74,[19, 23, 20, 12],41,1,2020,home,-1,,12,3,Storm,24,12,,166.500,19,5
16,-1.000,,,5,Western,20200808,Saturday,24,-11.750,-12.750,66,24,18,18,16,7,5.000,2,-6,0,0,,8,7,,['Sparks', 'Fever', 'Aces', 'Liberty', 'Dream', 'Sky'],-24.500,,0,0,68,[16, 7, 19, 26],31,1,2020,away,1,,11,4,Mercury,20,4,,166.500,18,4
22,-4.500,,,2,Eastern,20200808,Saturday,17,14.750,10.250,63,35,25,21,16,7,2.500,5,-7,0,0,,8,4,,['Lynx', 'Mystics', 'Sparks', 'Lynx', 'Storm', 'Wings'],25.000,,0,0,93,,21,1,2020,home,-2,,12,1,Sun,14,7,,168.000,19,1
21,4.500,,,1,Eastern,20200808,Saturday,22,10.250,14.750,58,32,19,32,29,7,-2.500,2,7,0,0,,8,7,,['Aces', 'Sparks', 'Lynx', 'Mystics', 'Wings', 'Mercury'],25.000,,0,0,100,,29,1,2020,away,-1,,12,-1,Sky,18,7,,168.000,21,4
17,11.500,,,3,Eastern,20200809,Sunday,24,-10.750,0.750,64,28,23,16,10,7,13.500,5,-2,0,0,,8,6,,['Storm', 'Wings', 'Dream', 'Mercury', 'Lynx', 'Mystics'],-10.000,,0,0,76,,30,1,2020,home,-1,,5,1,Liberty,28,10,,164.000,14,1
15,-11.500,,,3,Western,20200809,Sunday,25,0.750,-10.750,61,28,18,24,21,7,-13.500,2,2,0,0,,8,5,,['Sky', 'Dream', 'Mercury', 'Wings', 'Mystics', 'Sparks'],-10.000,,0,0,78,,30,1,2020,away,1,,6,3,Aces,8,1,,164.000,10,4
17,11.500,,,2,Eastern,20200809,Sunday,30,-2.500,9.000,58,29,22,31,25,7,4.500,4,7,1,0,,8,9,,['Mystics', 'Mercury', 'Wings', 'Dream', 'Sparks', 'Lynx'],6.500,,0,0,91,,39,1,2020,home,-2,,4,-2,Fever,17,8,,168.500,16,2
16,-11.500,,,1,Eastern,20200809,Sunday,21,9.000,-2.500,69,26,22,33,25,7,-4.500,3,-7,0,1,,8,10,,['Fever', 'Sun', 'Storm', 'Sky', 'Aces', 'Liberty'],6.500,,0,0,84,,31,1,2020,away,2,,10,-3,Mystics,21,7,,168.500,9,3
27,8.000,,,1,Western,20200809,Sunday,26,9.000,17.000,58,38,22,12,8,7,-8.000,3,16,0,0,,8,4,,['Mercury', 'Sky', 'Sun', 'Storm', 'Fever', 'Aces'],26.000,,0,0,97,[24, 24, 18, 31],30,1,2020,home,-1,,7,-1,Sparks,22,13,,152.000,20,3
15,-8.000,,,1,Western,20200809,Sunday,15,17.000,9.000,64,26,13,22,19,7,8.000,1,-16,0,0,,8,5,,['Sun', 'Storm', 'Sky', 'Sun', 'Liberty', 'Fever'],26.000,,0,0,81,[20, 18, 23, 20],20,1,2020,away,1,,11,4,Lynx,30,10,,152.000,12,5
21,-6.000,,,3,Eastern,20200810,Monday,26,7.500,1.500,65,30,17,16,11,8,5.000,5,-11,0,0,,8,5,,['Wings', 'Aces', 'Liberty', 'Fever', 'Mercury', 'Storm', 'Wings'],9.000,,0,0,82,,31,1,2020,home,-1,,3,-4,Dream,18,11,,166.000,19,2
19,6.000,,,6,Eastern,20200810,Monday,21,1.500,7.500,77,36,15,20,12,8,-5.000,6,11,0,0,,8,15,,['Lynx', 'Mystics', 'Sparks', 'Lynx', 'Storm', 'Wings', 'Sky'],9.000,,0,0,93,,36,1,2020,away,1,,15,-1,Sun,24,9,,166.000,8,1
20,-8.500,,,4,Western,20200810,Monday,25,6.500,-2.000,74,28,17,21,16,8,3.500,4,-12,0,0,,8,9,,['Dream', 'Liberty', 'Fever', 'Aces', 'Sky', 'Sun', 'Dream'],4.500,,0,0,79,,34,1,2020,home,2,,9,1,Wings,26,7,,165.500,8,3
27,8.500,,,5,Western,20200810,Monday,32,-2.000,6.500,74,35,15,16,15,8,-3.500,3,12,0,0,,8,8,,['Sparks', 'Fever', 'Aces', 'Liberty', 'Dream', 'Sky', 'Storm'],4.500,,0,0,91,,40,1,2020,away,-1,,5,-1,Mercury,22,6,,165.500,11,4
25,13.500,,,5,Western,20200810,Monday,22,-11.750,1.750,70,36,13,13,8,8,-4.500,1,18,0,0,,8,6,,['Liberty', 'Lynx', 'Mystics', 'Sparks', 'Sun', 'Dream', 'Mercury'],-10.000,,0,0,89,,28,1,2020,home,1,,17,4,Storm,17,9,,170.000,13,6
18,-13.500,,,5,Eastern,20200810,Monday,21,1.750,-11.750,64,28,10,10,8,8,4.500,2,-18,0,0,,8,6,,['Aces', 'Sparks', 'Lynx', 'Mystics', 'Wings', 'Mercury', 'Sun'],-10.000,,0,0,71,,27,1,2020,away,-2,,8,1,Sky,19,7,,170.000,21,5
16,21.500,,,2,Western,20200811,Tuesday,28,-33.000,-11.500,67,26,15,15,10,8,1.500,2,20,0,0,,8,14,,['Sun', 'Storm', 'Sky', 'Sun', 'Liberty', 'Fever', 'Sparks'],-44.500,,0,0,68,,42,1,2020,home,-1,,6,-1,Lynx,20,6,,160.500,14,5
14,-21.500,,,5,Eastern,20200811,Tuesday,22,-11.500,-33.000,61,18,15,8,8,8,-1.500,4,-20,0,0,,8,9,,['Fever', 'Sun', 'Storm', 'Sky', 'Aces', 'Liberty', 'Fever'],-44.500,,0,0,48,,31,1,2020,away,-1,,8,-4,Mystics,19,4,,160.500,16,3
15,-12.500,,,2,Eastern,20200811,Tuesday,26,11.000,-1.500,71,34,17,12,8,8,6.500,4,-19,0,0,,8,5,,['Mystics', 'Mercury', 'Wings', 'Dream', 'Sparks', 'Lynx', 'Mystics'],9.500,,0,0,79,,31,1,2020,home,1,,6,1,Fever,18,3,,167.500,11,3
17,12.500,,,3,Western,20200811,Tuesday,29,-1.500,11.000,75,39,9,22,16,8,-6.500,2,19,0,0,,8,8,,['Sky', 'Dream', 'Mercury', 'Wings', 'Mystics', 'Sparks', 'Liberty'],9.500,,0,0,98,,37,1,2020,away,-1,,7,4,Aces,8,4,,167.500,9,5
19,2.000,,,5,Western,20200811,Tuesday,22,4.250,6.250,71,35,18,15,12,8,-13.000,3,15,0,0,,8,4,,['Mercury', 'Sky', 'Sun', 'Storm', 'Fever', 'Aces', 'Lynx'],10.500,,0,0,93,,26,1,2020,home,1,,10,1,Sparks,17,11,,160.500,16,4
12,-2.000,,,5,Eastern,20200811,Tuesday,26,6.250,4.250,60,24,20,23,22,8,13.000,6,-15,0,0,,8,9,,['Storm', 'Wings', 'Dream', 'Mercury', 'Lynx', 'Mystics', 'Aces'],10.500,,0,0,78,,35,1,2020,away,1,,10,-1,Liberty,23,8,,160.500,26,1
19,0.000,,,3,Eastern,20200812,Wednesday,19,-12.750,-12.750,64,24,17,21,17,9,-4.000,6,4,0,1,,8,9,,['Lynx', 'Mystics', 'Sparks', 'Lynx', 'Storm', 'Wings', 'Sky', 'Dream'],-25.500,,0,0,70,,28,1,2020,home,-1,,8,1,Sun,16,5,,161.500,9,2
11,0.000,,,3,Western,20200812,Wednesday,23,-12.750,-12.750,59,25,21,12,11,9,4.000,5,-4,1,0,,8,9,,['Dream', 'Liberty', 'Fever', 'Aces', 'Sky', 'Sun', 'Dream', 'Mercury'],-25.500,,0,0,66,,32,1,2020,away,3,,6,-1,Wings,19,5,,161.500,13,3
20,13.000,,,2,Eastern,20200812,Wednesday,26,-14.250,-1.250,66,36,21,20,16,9,-5.000,3,18,1,0,,8,12,,['Aces', 'Sparks', 'Lynx', 'Mystics', 'Wings', 'Mercury', 'Sun', 'Storm'],-15.500,,0,0,89,,38,1,2020,home,-3,,9,-1,Sky,11,1,,175.500,15,5
17,-13.000,,,3,Western,20200812,Wednesday,17,-1.250,-14.250,65,27,16,17,10,9,5.000,3,-18,0,1,,8,9,,['Sparks', 'Fever', 'Aces', 'Liberty', 'Dream', 'Sky', 'Storm', 'Wings'],-15.500,,0,0,71,,26,1,2020,away,-2,,7,1,Mercury,19,7,,175.500,14,5
31,23.500,,,3,Western,20200812,Wednesday,32,-10.750,12.750,62,35,11,13,12,9,-13.500,1,37,0,1,,8,2,,['Liberty', 'Lynx', 'Mystics', 'Sparks', 'Sun', 'Dream', 'Mercury', 'Sky'],2.000,,0,0,100,,34,1,2020,home,2,,6,5,Storm,30,18,,161.000,12,7
18,-23.500,,,2,Eastern,20200812,Wednesday,20,12.750,-10.750,74,27,12,1,1,9,13.500,6,-37,1,0,,8,10,,['Wings', 'Aces', 'Liberty', 'Fever', 'Mercury', 'Storm', 'Wings', 'Sun'],2.000,,0,0,63,,30,1,2020,away,1,,6,-5,Dream,29,8,,161.000,14,2
12,-0.500,,,4,Eastern,20200813,Thursday,23,1.000,0.500,68,24,18,26,21,9,6.500,7,-7,0,0,,8,8,,['Storm', 'Wings', 'Dream', 'Mercury', 'Lynx', 'Mystics', 'Aces', 'Sparks'],1.500,,0,0,79,,31,1,2020,home,-1,,6,-2,Liberty,26,10,,163.500,7,1
13,0.500,,,3,Eastern,20200813,Thursday,31,0.500,1.000,72,33,19,18,14,9,-6.500,5,7,0,0,,8,10,,['Mystics', 'Mercury', 'Wings', 'Dream', 'Sparks', 'Lynx', 'Mystics', 'Aces'],1.500,,0,0,86,,41,1,2020,away,2,,4,-1,Fever,16,6,,163.500,9,3
17,-13.000,,,0,Eastern,20200813,Thursday,26,-3.000,-16.000,60,25,16,8,5,9,6.000,5,-19,0,0,,8,6,,['Fever', 'Sun', 'Storm', 'Sky', 'Aces', 'Liberty', 'Fever', 'Lynx'],-19.000,,0,0,62,,32,1,2020,home,-2,,7,-5,Mystics,25,7,,162.000,21,3
18,13.000,,,2,Western,20200813,Thursday,27,-16.000,-3.000,64,31,19,18,13,9,-6.000,3,19,0,0,,8,7,,['Mercury', 'Sky', 'Sun', 'Storm', 'Fever', 'Aces', 'Lynx', 'Liberty'],-19.000,,0,0,81,,34,1,2020,away,2,,10,2,Sparks,19,6,,162.000,12,5
17,5.500,,,6,Western,20200813,Thursday,22,-0.250,5.250,70,34,14,21,17,9,-4.500,2,10,0,0,,8,12,,['Sky', 'Dream', 'Mercury', 'Wings', 'Mystics', 'Sparks', 'Liberty', 'Fever'],5.000,,0,0,87,,34,1,2020,home,-2,,11,5,Aces,13,2,,159.000,11,6
19,-5.500,,,7,Western,20200813,Thursday,22,5.250,-0.250,66,29,21,17,12,9,4.500,2,-10,0,0,,8,10,,['Sun', 'Storm', 'Sky', 'Sun', 'Liberty', 'Fever', 'Sparks', 'Mystics'],5.000,,0,0,77,,32,1,2020,away,1,,6,1,Lynx,22,7,,159.000,19,6
18,-9.000,,,8,Eastern,20200814,Friday,26,-4.000,-13.000,61,28,18,17,14,10,-6.000,3,-3,0,1,,8,6,,['Aces', 'Sparks', 'Lynx', 'Mystics', 'Wings', 'Mercury', 'Sun', 'Storm', 'Mercury'],-17.000,,0,0,74,,32,1,2020,home,1,,3,1,Sky,20,4,,168.000,15,6
17,9.000,,,3,Eastern,20200814,Friday,24,-13.000,-4.000,76,29,18,24,14,10,6.000,6,3,1,0,,8,12,,['Lynx', 'Mystics', 'Sparks', 'Lynx', 'Storm', 'Wings', 'Sky', 'Dream', 'Wings'],-17.000,,0,0,77,,36,1,2020,away,1,,9,2,Sun,15,5,,168.000,8,3
14,-5.000,,,2,Western,20200814,Friday,25,-2.000,-7.000,74,24,16,12,8,10,13.000,6,-18,0,0,,8,12,,['Dream', 'Liberty', 'Fever', 'Aces', 'Sky', 'Sun', 'Dream', 'Mercury', 'Sun'],-9.000,,0,0,65,,37,1,2020,home,-1,,9,-2,Wings,28,9,,157.000,12,3
20,5.000,,,5,Western,20200814,Friday,36,-7.000,-2.000,68,31,14,19,16,10,-13.000,1,18,0,0,,8,10,,['Liberty', 'Lynx', 'Mystics', 'Sparks', 'Sun', 'Dream', 'Mercury', 'Sky', 'Dream'],-9.000,,0,0,83,,46,1,2020,away,3,,10,6,Storm,18,5,,157.000,14,8
24,6.500,,,4,Western,20200814,Friday,26,1.250,7.750,65,32,17,23,20,10,-9.500,4,16,0,1,,8,4,,['Sparks', 'Fever', 'Aces', 'Liberty', 'Dream', 'Sky', 'Storm', 'Wings', 'Sky'],9.000,,0,0,96,,30,1,2020,home,-3,,9,-1,Mercury,25,12,,167.000,10,5
22,-6.500,,,8,Eastern,20200814,Friday,23,7.750,1.250,76,32,18,16,8,10,9.500,7,-16,1,0,,8,12,,['Wings', 'Aces', 'Liberty', 'Fever', 'Mercury', 'Storm', 'Wings', 'Sun', 'Storm'],9.000,,0,0,80,,35,1,2020,away,-1,,5,-6,Dream,20,8,,167.000,12,2
17,-6.000,,,1,Eastern,20200815,Saturday,21,2.500,-3.500,58,24,14,21,19,10,8.000,5,-14,1,0,,8,11,,['Mystics', 'Mercury', 'Wings', 'Dream', 'Sparks', 'Lynx', 'Mystics', 'Aces', 'Liberty'],-1.000,,0,0,76,[18, 14, 22, 22],32,1,2020,home,-1,,5,1,Fever,17,9,,167.000,22,4
25,6.000,,,1,Western,20200815,Saturday,16,-3.500,2.500,61,33,24,17,13,10,-8.000,3,14,0,1,,8,5,,['Mercury', 'Sky', 'Sun', 'Storm', 'Fever', 'Aces', 'Lynx', 'Liberty', 'Mystics'],-1.000,,0,0,90,[22, 30, 25, 13],21,1,2020,away,-1,,14,3,Sparks,19,11,,167.000,13,6
24,22.500,,,4,Western,20200815,Saturday,31,-9.500,13.000,71,36,24,18,16,10,-7.500,3,30,0,1,,8,8,,['Sun', 'Storm', 'Sky', 'Sun', 'Liberty', 'Fever', 'Sparks', 'Mystics', 'Aces'],3.500,,0,0,94,,39,1,2020,home,-1,,12,-1,Lynx,13,6,,154.500,16,6
12,-22.500,,,4,Eastern,20200815,Saturday,22,13.000,-9.500,66,20,20,22,18,10,7.500,8,-30,1,0,,8,9,,['Storm', 'Wings', 'Dream', 'Mercury', 'Lynx', 'Mystics', 'Aces', 'Sparks', 'Fever'],3.500,,0,0,64,,31,1,2020,away,1,,6,-3,Liberty,22,6,,154.500,19,1
21,6.000,,,2,Western,20200815,Saturday,26,-3.500,2.500,65,35,12,15,12,10,-9.000,2,15,0,1,,8,3,,['Sky', 'Dream', 'Mercury', 'Wings', 'Mystics', 'Sparks', 'Liberty', 'Fever', 'Lynx'],-1.000,,0,0,88,[24, 19, 23, 22],29,1,2020,home,1,,10,6,Aces,13,6,,162.000,10,7
19,-6.000,,,3,Eastern,20200815,Saturday,24,2.500,-3.500,76,29,17,8,7,10,9.000,6,-15,1,0,,8,15,,['Fever', 'Sun', 'Storm', 'Sky', 'Aces', 'Liberty', 'Fever', 'Lynx', 'Sparks'],-1.000,,0,0,73,[13, 18, 16, 26],39,1,2020,away,1,,6,-6,Mystics,28,8,,162.000,18,3
11,-14.000,,,2,Eastern,20200816,Sunday,18,2.500,-11.500,68,27,13,18,11,11,11.000,8,-25,0,0,,8,8,,['Wings', 'Aces', 'Liberty', 'Fever', 'Mercury', 'Storm', 'Wings', 'Sun', 'Storm', 'Mercury'],-9.000,,0,0,67,[14, 23, 16, 14],26,1,2020,home,-2,,6,-7,Dream,14,2,,168.000,16,2
25,14.000,,,6,Eastern,20200816,Sunday,32,-11.500,2.500,64,37,19,12,11,11,-11.000,4,25,0,0,,8,5,,['Aces', 'Sparks', 'Lynx', 'Mystics', 'Wings', 'Mercury', 'Sun', 'Storm', 'Mercury', 'Sun'],-9.000,,0,0,92,[21, 25, 23, 23],37,1,2020,away,2,,7,-1,Sky,14,7,,168.000,17,6
15,-13.500,,,2,Eastern,20200816,Sunday,23,12.250,-1.250,77,28,11,17,13,11,9.500,6,-23,1,0,,8,16,,['Lynx', 'Mystics', 'Sparks', 'Lynx', 'Storm', 'Wings', 'Sky', 'Dream', 'Wings', 'Sky'],11.000,,0,0,72,[16, 17, 21, 18],39,1,2020,home,-1,,6,3,Sun,20,3,,156.000,11,4
25,13.500,,,5,Western,20200816,Sunday,27,-1.250,12.250,65,37,12,12,8,11,-9.500,1,23,0,1,,8,5,,['Liberty', 'Lynx', 'Mystics', 'Sparks', 'Sun', 'Dream', 'Mercury', 'Sky', 'Dream', 'Wings'],11.000,,0,0,95,[21, 21, 27, 26],32,1,2020,away,-1,,5,7,Storm,23,13,,156.000,11,9
25,-15.000,,,3,Western,20200816,Sunday,24,17.250,2.250,67,33,19,17,14,11,-9.000,4,-6,0,1,,8,8,,['Sparks', 'Fever', 'Aces', 'Liberty', 'Dream', 'Sky', 'Storm', 'Wings', 'Sky', 'Dream'],19.500,,0,0,89,[27, 17, 24, 21],32,1,2020,home,1,,7,1,Mercury,25,9,,164.500,14,6
18,15.000,,,3,Western,20200816,Sunday,27,2.250,17.250,69,34,19,17,15,11,9.000,7,6,1,0,,8,7,,['Dream', 'Liberty', 'Fever', 'Aces', 'Sky', 'Sun', 'Dream', 'Mercury', 'Sun', 'Storm'],19.500,,0,0,95,[28, 16, 25, 26],34,1,2020,away,1,,9,-3,Wings,27,12,,164.500,10,3
21,17.000,,,4,Eastern,20200818,Tuesday,26,-18.000,-1.000,72,33,14,13,11,12,-5.000,7,22,0,0,,8,13,,['Lynx', 'Mystics', 'Sparks', 'Lynx', 'Storm', 'Wings', 'Sky', 'Dream', 'Wings', 'Sky', 'Storm'],-19.000,,0,0,84,,39,1,2020,home,1,,8,-1,Sun,17,7,,165.000,11,4
19,-17.000,,,6,Eastern,20200818,Tuesday,18,-1.000,-18.000,66,26,16,9,6,11,5.000,6,-22,0,0,,8,8,,['Mystics', 'Mercury', 'Wings', 'Dream', 'Sparks', 'Lynx', 'Mystics', 'Aces', 'Liberty', 'Sparks'],-19.000,,0,0,62,,26,2,2020,away,1,,5,-1,Fever,22,4,,165.000,15,4
25,6.500,,,10,Eastern,20200818,Tuesday,29,-5.750,0.750,72,37,20,5,2,12,4.500,4,2,0,1,,8,5,,['Aces', 'Sparks', 'Lynx', 'Mystics', 'Wings', 'Mercury', 'Sun', 'Storm', 'Mercury', 'Sun', 'Dream'],-5.000,,0,0,84,,34,1,2020,home,-1,,2,1,Sky,25,8,,171.000,14,7
22,-6.500,,,6,Western,20200818,Tuesday,26,0.750,-5.750,74,28,11,24,21,11,-4.500,2,-2,1,0,,8,6,,['Sky', 'Dream', 'Mercury', 'Wings', 'Mystics', 'Sparks', 'Liberty', 'Fever', 'Lynx', 'Mystics'],-5.000,,0,0,82,,32,2,2020,away,2,,10,7,Aces,18,5,,171.000,7,8
27,22.000,,,6,Western,20200818,Tuesday,31,-5.750,16.250,77,41,16,12,10,12,-19.000,1,41,0,1,,8,8,,['Liberty', 'Lynx', 'Mystics', 'Sparks', 'Sun', 'Dream', 'Mercury', 'Sky', 'Dream', 'Wings', 'Sun'],10.500,,0,0,105,,39,1,2020,home,-2,,18,8,Storm,25,13,,158.500,16,10
12,-22.000,,,1,Eastern,20200818,Tuesday,26,16.250,-5.750,67,22,16,19,14,11,19.000,9,-41,1,0,,8,11,,['Storm', 'Wings', 'Dream', 'Mercury', 'Lynx', 'Mystics', 'Aces', 'Sparks', 'Fever', 'Lynx'],10.500,,0,0,64,,37,2,2020,away,-1,,8,-4,Liberty,27,6,,158.500,23,1
27,0.000,,,0,Eastern,20200819,Wednesday,18,14.500,14.500,65,35,16,20,16,11,-7.000,7,7,0,0,,8,8,,['Fever', 'Sun', 'Storm', 'Sky', 'Aces', 'Liberty', 'Fever', 'Lynx', 'Sparks', 'Aces'],29.000,,0,0,98,,26,3,2020,home,-1,,7,-7,Mystics,31,12,,160.000,10,3
26,0.000,,,2,Eastern,20200819,Wednesday,22,14.500,14.500,69,38,18,12,7,12,7.000,9,-7,0,0,,8,13,,['Wings', 'Aces', 'Liberty', 'Fever', 'Mercury', 'Storm', 'Wings', 'Sun', 'Storm', 'Mercury', 'Sky'],29.000,,0,0,91,,35,2,2020,away,1,,5,-8,Dream,18,8,,160.000,14,2
19,1.500,,,3,Western,20200819,Wednesday,27,8.500,10.000,61,31,19,20,15,11,-5.500,3,7,0,0,,8,8,,['Sun', 'Storm', 'Sky', 'Sun', 'Liberty', 'Fever', 'Sparks', 'Mystics', 'Aces', 'Liberty'],18.500,,0,0,91,,35,3,2020,home,1,,4,1,Lynx,23,14,,156.500,15,7
15,-1.500,,,3,Western,20200819,Wednesday,22,10.000,8.500,64,26,17,27,23,12,5.500,7,-7,0,0,,8,10,,['Dream', 'Liberty', 'Fever', 'Aces', 'Sky', 'Sun', 'Dream', 'Mercury', 'Sun', 'Storm', 'Mercury'],18.500,,0,0,84,,32,2,2020,away,-1,,11,1,Wings,26,9,,156.500,10,4
17,3.500,,,2,Western,20200819,Wednesday,29,-7.250,-3.750,69,30,12,25,19,11,-5.500,3,9,0,1,,8,5,,['Mercury', 'Sky', 'Sun', 'Storm', 'Fever', 'Aces', 'Lynx', 'Liberty', 'Mystics', 'Fever'],-11.000,,0,0,83,,34,3,2020,home,-2,,12,4,Sparks,15,4,,168.000,9,7
23,-3.500,,,3,Western,20200819,Wednesday,30,-3.750,-7.250,66,29,18,10,9,12,5.500,5,-9,1,0,,8,7,,['Sparks', 'Fever', 'Aces', 'Liberty', 'Dream', 'Sky', 'Storm', 'Wings', 'Sky', 'Dream', 'Wings'],-11.000,,0,0,74,,37,2,2020,away,2,,5,-1,Mercury,21,7,,168.000,17,6
15,-0.500,,,7,Eastern,20200820,Thursday,28,10.000,9.500,69,30,19,23,22,12,15.500,10,-16,0,0,,8,7,,['Storm', 'Wings', 'Dream', 'Mercury', 'Lynx', 'Mystics', 'Aces', 'Sparks', 'Fever', 'Lynx', 'Storm'],19.500,,0,0,85,,35,1,2020,home,-2,,8,-5,Liberty,19,3,,166.500,16,1
24,0.500,,,5,Eastern,20200820,Thursday,25,9.500,10.000,80,42,21,8,6,13,-15.500,4,16,0,0,,8,5,,['Aces', 'Sparks', 'Lynx', 'Mystics', 'Wings', 'Mercury', 'Sun', 'Storm', 'Mercury', 'Sun', 'Dream', 'Aces'],19.500,,0,0,101,,30,1,2020,away,1,,8,2,Sky,23,11,,166.500,12,8
23,23.000,,,0,Eastern,20200820,Thursday,32,-6.000,17.000,77,34,19,14,10,12,17.000,7,6,0,0,,8,14,,['Mystics', 'Mercury', 'Wings', 'Dream', 'Sparks', 'Lynx', 'Mystics', 'Aces', 'Liberty', 'Sparks', 'Sun'],11.000,,0,0,90,,46,1,2020,home,-1,,7,-2,Fever,24,12,,163.000,17,4
17,-23.000,,,8,Western,20200820,Thursday,25,17.000,-6.000,64,28,17,25,23,13,-17.000,1,-6,0,0,,8,5,,['Liberty', 'Lynx', 'Mystics', 'Sparks', 'Sun', 'Dream', 'Mercury', 'Sky', 'Dream', 'Wings', 'Sun', 'Liberty'],11.000,,0,0,84,,30,1,2020,away,1,,13,9,Storm,21,5,,163.000,12,11
25,13.500,,,0,Western,20200820,Thursday,30,0.250,13.750,64,36,16,27,23,12,-7.500,3,21,0,0,,8,7,,['Sky', 'Dream', 'Mercury', 'Wings', 'Mystics', 'Sparks', 'Liberty', 'Fever', 'Lynx', 'Mystics', 'Sky'],14.000,,0,0,99,,37,1,2020,home,-1,,10,-1,Aces,11,4,,163.000,15,8
19,-13.500,,,2,Eastern,20200820,Thursday,20,13.750,0.250,69,30,22,13,11,13,7.500,7,-21,0,0,,8,6,,['Lynx', 'Mystics', 'Sparks', 'Lynx', 'Storm', 'Wings', 'Sky', 'Dream', 'Wings', 'Sky', 'Storm', 'Fever'],14.000,,0,0,78,,26,1,2020,away,2,,8,1,Sun,23,7,,163.000,16,5
27,7.000,,,1,Eastern,20200821,Friday,27,3.750,10.750,68,33,27,18,11,13,15.000,10,-8,0,0,,8,7,,['Wings', 'Aces', 'Liberty', 'Fever', 'Mercury', 'Storm', 'Wings', 'Sun', 'Storm', 'Mercury', 'Sky', 'Mystics'],14.500,,2,0,85,,34,1,2020,home,-1,,12,-9,Dream,19,8,,163.500,29,2
21,-7.000,,,1,Western,20200821,Friday,28,10.750,3.750,66,30,23,30,25,12,-15.000,3,8,0,0,,8,7,,['Mercury', 'Sky', 'Sun', 'Storm', 'Fever', 'Aces', 'Lynx', 'Liberty', 'Mystics', 'Fever', 'Mercury'],14.500,,2,0,93,,35,1,2020,away,1,,14,5,Sparks,18,8,,163.500,20,8
22,11.000,,,5,Western,20200821,Friday,25,10.250,21.250,67,33,21,27,24,13,2.000,8,9,0,0,,8,2,,['Dream', 'Liberty', 'Fever', 'Aces', 'Sky', 'Sun', 'Dream', 'Mercury', 'Sun', 'Storm', 'Mercury', 'Lynx'],31.500,,1,0,101,,27,1,2020,home,-2,,10,-1,Wings,25,11,,161.500,11,4
20,-11.000,,,3,Eastern,20200821,Friday,29,21.250,10.250,73,31,22,24,21,12,-2.000,7,-9,0,0,,8,14,,['Fever', 'Sun', 'Storm', 'Sky', 'Aces', 'Liberty', 'Fever', 'Lynx', 'Sparks', 'Aces', 'Dream'],31.500,,1,0,92,,43,1,2020,away,1,,6,1,Mystics,19,9,,161.500,17,4
15,-13.000,,,5,Western,20200821,Friday,23,9.750,-3.250,60,25,25,29,23,13,-3.000,6,-10,0,0,,8,6,,['Sparks', 'Fever', 'Aces', 'Liberty', 'Dream', 'Sky', 'Storm', 'Wings', 'Sky', 'Dream', 'Wings', 'Sparks'],6.500,,0,0,80,,29,1,2020,home,-1,,9,-2,Mercury,28,7,,163.500,15,6
20,13.000,,,3,Western,20200821,Friday,26,-3.250,9.750,58,26,22,35,29,12,3.000,3,10,0,0,,8,8,,['Sun', 'Storm', 'Sky', 'Sun', 'Liberty', 'Fever', 'Sparks', 'Mystics', 'Aces', 'Liberty', 'Wings'],6.500,,0,0,90,,34,1,2020,away,2,,9,2,Lynx,19,9,,163.500,14,8
18,2.000,,,1,Eastern,20200822,Saturday,17,-4.250,-2.250,68,32,17,18,16,14,-9.000,4,11,0,0,,8,10,,['Aces', 'Sparks', 'Lynx', 'Mystics', 'Wings', 'Mercury', 'Sun', 'Storm', 'Mercury', 'Sun', 'Dream', 'Aces', 'Liberty'],-6.500,,0,0,87,,27,1,2020,home,-1,,9,3,Sky,18,7,,169.500,12,9
18,-2.000,,,3,Eastern,20200822,Saturday,23,-2.250,-4.250,54,29,13,16,14,13,9.000,7,-11,0,0,,8,4,,['Mystics', 'Mercury', 'Wings', 'Dream', 'Sparks', 'Lynx', 'Mystics', 'Aces', 'Liberty', 'Sparks', 'Sun', 'Storm'],-6.500,,0,0,76,,27,1,2020,away,1,,7,1,Fever,16,4,,169.500,21,5
23,5.000,,,3,Eastern,20200822,Saturday,28,-10.500,-5.500,74,33,19,15,11,14,-12.000,8,17,0,0,,8,7,,['Lynx', 'Mystics', 'Sparks', 'Lynx', 'Storm', 'Wings', 'Sky', 'Dream', 'Wings', 'Sky', 'Storm', 'Fever', 'Aces'],-16.000,,0,0,82,,35,1,2020,home,-1,,12,-1,Sun,23,5,,163.000,9,5
19,-5.000,,,3,Eastern,20200822,Saturday,31,-5.500,-10.500,54,20,19,19,17,13,12.000,11,-17,0,0,,8,4,,['Storm', 'Wings', 'Dream', 'Mercury', 'Lynx', 'Mystics', 'Aces', 'Sparks', 'Fever', 'Lynx', 'Storm', 'Sky'],-16.000,,0,0,65,,35,1,2020,away,1,,6,-6,Liberty,29,8,,163.000,18,1
21,13.000,,,3,Western,20200822,Saturday,36,-11.250,1.750,68,30,12,25,20,13,5.000,3,8,0,0,,8,8,,['Sky', 'Dream', 'Mercury', 'Wings', 'Mystics', 'Sparks', 'Liberty', 'Fever', 'Lynx', 'Mystics', 'Sky', 'Sun'],-9.500,,0,0,82,[19, 26, 24, 13],44,1,2020,home,1,,7,1,Aces,11,2,,165.500,16,9
23,-13.000,,,3,Western,20200822,Saturday,28,1.750,-11.250,75,28,21,14,11,14,-5.000,2,-8,0,0,,8,6,,['Liberty', 'Lynx', 'Mystics', 'Sparks', 'Sun', 'Dream', 'Mercury', 'Sky', 'Dream', 'Wings', 'Sun', 'Liberty', 'Fever'],-9.500,,0,0,74,[18, 11, 23, 22],34,1,2020,away,-1,,10,-1,Storm,26,7,,165.500,13,11
16,-14.500,,,3,Western,20200823,Sunday,21,2.500,-12.000,70,29,12,12,11,13,-11.500,3,-3,0,0,,8,10,,['Sun', 'Storm', 'Sky', 'Sun', 'Liberty', 'Fever', 'Sparks', 'Mystics', 'Aces', 'Liberty', 'Wings', 'Mercury'],-9.500,,0,0,75,[25, 16, 16, 18],31,1,2020,home,-1,,8,3,Lynx,25,6,,162.500,13,9
23,14.500,,,4,Eastern,20200823,Sunday,24,-12.000,2.500,67,32,15,12,8,14,11.500,11,3,0,0,,8,8,,['Wings', 'Aces', 'Liberty', 'Fever', 'Mercury', 'Storm', 'Wings', 'Sun', 'Storm', 'Mercury', 'Sky', 'Mystics', 'Sparks'],-9.500,,0,0,78,[15, 15, 27, 21],32,1,2020,away,1,,8,-10,Dream,15,6,,162.500,14,2
20,-7.500,,,3,Western,20200823,Sunday,24,5.500,-2.000,64,35,18,14,10,13,-10.500,3,3,0,0,,8,6,,['Mercury', 'Sky', 'Sun', 'Storm', 'Fever', 'Aces', 'Lynx', 'Liberty', 'Mystics', 'Fever', 'Mercury', 'Dream'],3.500,,0,0,84,,30,1,2020,home,-1,,5,6,Sparks,10,4,,161.500,12,9
15,7.500,,,2,Western,20200823,Sunday,22,-2.000,5.500,67,28,18,19,17,14,10.500,8,-3,0,0,,8,12,,['Dream', 'Liberty', 'Fever', 'Aces', 'Sky', 'Sun', 'Dream', 'Mercury', 'Sun', 'Storm', 'Mercury', 'Lynx', 'Mystics'],3.500,,0,0,81,,34,1,2020,away,1,,10,1,Wings,23,8,,161.500,14,5
20,3.500,,,4,Eastern,20200823,Sunday,20,2.250,5.750,77,32,21,15,9,13,4.500,8,-1,0,0,,8,10,,['Fever', 'Sun', 'Storm', 'Sky', 'Aces', 'Liberty', 'Fever', 'Lynx', 'Sparks', 'Aces', 'Dream', 'Wings'],8.000,,0,0,87,,30,1,2020,home,-1,,9,-1,Mystics,27,14,,167.000,11,4
19,-3.500,,,9,Western,20200823,Sunday,29,5.750,2.250,61,29,20,24,20,14,-4.500,7,1,0,0,,8,8,,['Sparks', 'Fever', 'Aces', 'Liberty', 'Dream', 'Sky', 'Storm', 'Wings', 'Sky', 'Dream', 'Wings', 'Sparks', 'Lynx'],8.000,,0,0,88,,37,1,2020,away,1,,5,-3,Mercury,22,10,,167.000,16,6
20,-20.500,,,2,Eastern,20200825,Tuesday,22,25.500,5.000,71,33,13,29,23,15,-18.500,4,-2,0,1,,8,12,,['Aces', 'Sparks', 'Lynx', 'Mystics', 'Wings', 'Mercury', 'Sun', 'Storm', 'Mercury', 'Sun', 'Dream', 'Aces', 'Liberty', 'Fever'],30.500,,0,0,99,,34,2,2020,home,1,,5,4,Sky,25,10,,169.500,9,10
26,20.500,,,3,Eastern,20200825,Tuesday,25,5.000,25.500,68,38,22,13,11,14,18.500,12,2,1,0,,8,4,,['Storm', 'Wings', 'Dream', 'Mercury', 'Lynx', 'Mystics', 'Aces', 'Sparks', 'Fever', 'Lynx', 'Storm', 'Sky', 'Sun'],30.500,,0,0,101,,29,2,2020,away,-1,,7,-7,Liberty,30,14,,169.500,12,1
15,5.000,,,3,Western,20200825,Tuesday,23,8.500,13.500,75,31,30,20,15,15,9.000,9,-4,1,0,,8,14,,['Dream', 'Liberty', 'Fever', 'Aces', 'Sky', 'Sun', 'Dream', 'Mercury', 'Sun', 'Storm', 'Mercury', 'Lynx', 'Mystics', 'Sparks'],22.000,,0,0,92,,37,1,2020,home,-1,,2,-1,Wings,40,15,,166.000,11,5
22,-5.000,,,2,Western,20200825,Tuesday,28,13.500,8.500,64,31,20,37,32,14,-9.000,3,4,0,1,,8,11,,['Sky', 'Dream', 'Mercury', 'Wings', 'Mystics', 'Sparks', 'Liberty', 'Fever', 'Lynx', 'Mystics', 'Sky', 'Sun', 'Storm'],22.000,,0,0,96,,39,2,2020,away,2,,6,2,Aces,6,2,,166.000,8,10
19,-1.500,,,5,Western,20200825,Tuesday,22,-1.000,-2.500,62,31,16,27,22,15,-14.500,3,13,1,0,,8,8,,['Liberty', 'Lynx', 'Mystics', 'Sparks', 'Sun', 'Dream', 'Mercury', 'Sky', 'Dream', 'Wings', 'Sun', 'Liberty', 'Fever', 'Aces'],-3.500,,0,0,87,,30,2,2020,home,-2,,13,-2,Storm,10,3,,164.500,12,11
17,1.500,,,3,Eastern,20200825,Tuesday,23,-2.500,-1.000,64,25,20,20,16,14,14.500,8,-13,0,1,,8,12,,['Mystics', 'Mercury', 'Wings', 'Dream', 'Sparks', 'Lynx', 'Mystics', 'Aces', 'Liberty', 'Sparks', 'Sun', 'Storm', 'Sky'],-3.500,,0,0,74,,35,2,2020,away,-1,,7,-1,Fever,26,8,,164.500,18,5
18,-1.000,,,4,Eastern,20200828,Friday,28,3.250,2.250,69,31,24,16,11,15,8.000,11,-9,0,1,,8,6,,['Wings', 'Aces', 'Liberty', 'Fever', 'Mercury', 'Storm', 'Wings', 'Sun', 'Storm', 'Mercury', 'Sky', 'Mystics', 'Sparks', 'Lynx'],5.500,,0,0,79,,34,4,2020,home,-1,,5,1,Dream,16,6,,161.500,16,3
22,1.000,,,3,Western,20200828,Friday,29,2.250,3.250,72,29,19,25,23,14,-8.000,4,9,1,0,,8,11,,['Sun', 'Storm', 'Sky', 'Sun', 'Liberty', 'Fever', 'Sparks', 'Mystics', 'Aces', 'Liberty', 'Wings', 'Mercury', 'Dream'],5.500,,0,0,88,,40,4,2020,away,1,,9,-1,Lynx,28,7,,161.500,13,9
19,1.500,,,2,Eastern,20200828,Friday,24,-2.250,-0.750,63,31,25,7,7,15,5.500,8,-4,1,0,,8,8,,['Lynx', 'Mystics', 'Sparks', 'Lynx', 'Storm', 'Wings', 'Sky', 'Dream', 'Wings', 'Sky', 'Storm', 'Fever', 'Aces', 'Liberty'],-3.000,,0,0,76,,32,5,2020,home,1,,12,1,Sun,17,7,,159.000,23,6
16,-1.500,,,0,Western,20200828,Friday,19,-0.750,-2.250,60,29,17,20,16,14,-5.500,3,4,0,1,,8,5,,['Mercury', 'Sky', 'Sun', 'Storm', 'Fever', 'Aces', 'Lynx', 'Liberty', 'Mystics', 'Fever', 'Mercury', 'Dream', 'Wings'],-3.000,,0,0,80,,24,4,2020,away,1,,11,7,Sparks,16,6,,159.000,17,10
25,19.000,,,6,Western,20200828,Friday,27,-10.750,8.250,58,33,15,15,15,15,-3.000,7,22,0,1,,8,4,,['Sparks', 'Fever', 'Aces', 'Liberty', 'Dream', 'Sky', 'Storm', 'Wings', 'Sky', 'Dream', 'Wings', 'Sparks', 'Lynx', 'Mystics'],-2.500,,0,0,94,,31,4,2020,home,-1,,7,1,Mercury,26,13,,168.500,14,7
17,-19.000,,,3,Eastern,20200828,Friday,14,8.250,-10.750,70,28,16,10,7,14,3.000,9,-22,1,0,,8,7,,['Fever', 'Sun', 'Storm', 'Sky', 'Aces', 'Liberty', 'Fever', 'Lynx', 'Sparks', 'Aces', 'Dream', 'Wings', 'Mercury'],-2.500,,0,0,72,,21,4,2020,away,1,,7,-2,Mystics,25,9,,168.500,13,4
16,-2.500,,,4,Eastern,20200829,Saturday,26,-2.500,-5.000,57,23,21,36,28,15,1.500,9,-4,1,0,,8,5,,['Mystics', 'Mercury', 'Wings', 'Dream', 'Sparks', 'Lynx', 'Mystics', 'Aces', 'Liberty', 'Sparks', 'Sun', 'Storm', 'Sky', 'Storm'],-7.500,,0,0,78,,31,3,2020,home,-2,,7,-2,Fever,16,4,,167.500,15,5
14,2.500,,,2,Western,20200829,Saturday,28,-5.000,-2.500,75,27,24,25,21,16,-1.500,10,4,0,1,,8,11,,['Dream', 'Liberty', 'Fever', 'Aces', 'Sky', 'Sun', 'Dream', 'Mercury', 'Sun', 'Storm', 'Mercury', 'Lynx', 'Mystics', 'Sparks', 'Aces'],-7.500,,0,0,82,,39,3,2020,away,1,,8,-2,Wings,27,7,,167.500,11,5
20,-7.500,,,4,Eastern,20200829,Saturday,22,1.250,-6.250,68,29,18,14,12,16,6.500,5,-14,1,0,,8,9,,['Aces', 'Sparks', 'Lynx', 'Mystics', 'Wings', 'Mercury', 'Sun', 'Storm', 'Mercury', 'Sun', 'Dream', 'Aces', 'Liberty', 'Fever', 'Liberty'],-5.000,,0,0,74,[16, 18, 21, 19],31,3,2020,home,2,,11,-1,Sky,21,4,,167.000,14,10
20,7.500,,,3,Western,20200829,Saturday,28,-6.250,1.250,63,30,13,28,24,16,-6.500,3,14,0,1,,8,9,,['Liberty', 'Lynx', 'Mystics', 'Sparks', 'Sun', 'Dream', 'Mercury', 'Sky', 'Dream', 'Wings', 'Sun', 'Liberty', 'Fever', 'Aces', 'Fever'],-5.000,,0,0,88,[20, 29, 26, 13],37,3,2020,away,1,,10,1,Storm,13,4,,167.000,15,12
18,0.000,,,8,Western,20200829,Saturday,31,-13.000,-13.000,79,30,14,16,14,15,-17.000,3,17,0,1,,8,12,,['Sky', 'Dream', 'Mercury', 'Wings', 'Mystics', 'Sparks', 'Liberty', 'Fever', 'Lynx', 'Mystics', 'Sky', 'Sun', 'Storm', 'Wings'],-26.000,,0,0,80,[19, 20, 17, 24],43,3,2020,home,-1,,9,3,Aces,20,6,,169.000,8,11
13,0.000,,,6,Eastern,20200829,Saturday,35,-13.000,-13.000,66,22,19,12,10,15,17.000,12,-17,1,0,,8,9,,['Storm', 'Wings', 'Dream', 'Mercury', 'Lynx', 'Mystics', 'Aces', 'Sparks', 'Fever', 'Lynx', 'Storm', 'Sky', 'Sun', 'Sky'],-26.000,,0,0,63,[18, 17, 21, 7],44,3,2020,away,-2,,6,1,Liberty,27,9,,169.000,17,2
16,-6.000,,,2,Eastern,20200830,Sunday,25,-8.000,-14.000,59,19,10,19,17,15,7.000,10,-13,0,1,,8,8,,['Fever', 'Sun', 'Storm', 'Sky', 'Aces', 'Liberty', 'Fever', 'Lynx', 'Sparks', 'Aces', 'Dream', 'Wings', 'Mercury', 'Mercury'],-22.000,,0,0,63,,33,1,2020,home,-1,,7,-3,Mystics,26,8,,161.000,16,4
26,6.000,,,2,Eastern,20200830,Sunday,26,-14.000,-8.000,68,31,15,9,5,16,-7.000,9,13,1,0,,8,9,,['Lynx', 'Mystics', 'Sparks', 'Lynx', 'Storm', 'Wings', 'Sky', 'Dream', 'Wings', 'Sky', 'Storm', 'Fever', 'Aces', 'Liberty', 'Sparks'],-22.000,,0,0,76,,35,1,2020,away,2,,8,-1,Sun,19,9,,161.000,13,6
17,-8.500,,,2,Western,20200830,Sunday,22,3.000,-5.500,74,30,19,14,13,15,-4.500,4,-4,0,1,,8,8,,['Sun', 'Storm', 'Sky', 'Sun', 'Liberty', 'Fever', 'Sparks', 'Mystics', 'Aces', 'Liberty', 'Wings', 'Mercury', 'Dream', 'Dream'],-2.500,,0,0,79,,30,1,2020,home,-1,,11,1,Lynx,23,6,,164.500,11,10
20,8.500,,,7,Western,20200830,Sunday,29,-5.500,3.000,65,29,19,20,17,16,4.500,7,4,1,0,,8,12,,['Sparks', 'Fever', 'Aces', 'Liberty', 'Dream', 'Sky', 'Storm', 'Wings', 'Sky', 'Dream', 'Wings', 'Sparks', 'Lynx', 'Mystics', 'Mystics'],-2.500,,0,0,83,,41,1,2020,away,1,,5,2,Mercury,30,8,,164.500,17,8
19,-8.500,,,3,Western,20200830,Sunday,27,3.750,-4.750,72,36,17,11,8,15,-13.500,3,5,0,1,,8,7,,['Mercury', 'Sky', 'Sun', 'Storm', 'Fever', 'Aces', 'Lynx', 'Liberty', 'Mystics', 'Fever', 'Mercury', 'Dream', 'Wings', 'Sun'],-1.000,,0,0,84,,34,1,2020,home,-1,,8,8,Sparks,14,4,,164.000,13,11
16,8.500,,,3,Eastern,20200830,Sunday,30,-4.750,3.750,75,31,16,16,12,16,13.500,12,-5,1,0,,8,15,,['Wings', 'Aces', 'Liberty', 'Fever', 'Mercury', 'Storm', 'Wings', 'Sun', 'Storm', 'Mercury', 'Sky', 'Mystics', 'Sparks', 'Lynx', 'Lynx'],-1.000,,0,0,79,,45,1,2020,away,1,,6,-1,Dream,11,5,,164.000,15,3
30,24.000,,,3,Western,20200831,Monday,26,-4.750,19.250,69,37,13,10,8,16,6.000,5,18,1,0,,8,6,,['Sun', 'Storm', 'Sky', 'Sun', 'Liberty', 'Fever', 'Sparks', 'Mystics', 'Aces', 'Liberty', 'Wings', 'Mercury', 'Dream', 'Dream', 'Mercury'],14.500,,0,0,96,,32,0,2020,home,1,,5,-1,Lynx,27,14,,159.500,7,10
19,-24.000,,,3,Western,20200831,Monday,22,19.250,-4.750,67,30,12,13,8,16,-6.000,3,-18,0,1,,8,8,,['Mercury', 'Sky', 'Sun', 'Storm', 'Fever', 'Aces', 'Lynx', 'Liberty', 'Mystics', 'Fever', 'Mercury', 'Dream', 'Wings', 'Sun', 'Dream'],14.500,,0,0,78,,30,0,2020,away,1,,3,9,Sparks,25,10,,159.500,10,12
24,-15.500,,,3,Eastern,20200831,Monday,27,12.500,-3.000,72,28,21,21,17,16,7.500,10,-23,1,0,,8,11,,['Mystics', 'Mercury', 'Wings', 'Dream', 'Sparks', 'Lynx', 'Mystics', 'Aces', 'Liberty', 'Sparks', 'Sun', 'Storm', 'Sky', 'Storm', 'Wings'],9.500,,0,0,77,,38,1,2020,home,1,,7,-3,Fever,18,4,,167.500,13,5
29,15.500,,,5,Eastern,20200831,Monday,28,-3.000,12.500,70,38,20,20,17,17,-7.500,6,23,0,1,,8,5,,['Aces', 'Sparks', 'Lynx', 'Mystics', 'Wings', 'Mercury', 'Sun', 'Storm', 'Mercury', 'Sun', 'Dream', 'Aces', 'Liberty', 'Fever', 'Liberty', 'Storm'],9.500,,0,0,100,,33,1,2020,away,3,,7,-2,Sky,19,7,,167.500,11,10
13,6.500,,,6,Eastern,20200901,Tuesday,32,-13.750,-7.250,55,19,20,27,21,16,11.500,13,-5,1,0,,9,3,,['Storm', 'Wings', 'Dream', 'Mercury', 'Lynx', 'Mystics', 'Aces', 'Sparks', 'Fever', 'Lynx', 'Storm', 'Sky', 'Sun', 'Sky', 'Aces'],-21.000,,0,0,65,,35,2,2020,home,-3,,7,-1,Liberty,22,6,,156.000,18,2
12,-6.500,,,2,Eastern,20200901,Tuesday,33,-7.250,-13.750,70,23,22,23,20,17,-11.500,9,5,0,1,,9,9,,['Lynx', 'Mystics', 'Sparks', 'Lynx', 'Storm', 'Wings', 'Sky', 'Dream', 'Wings', 'Sky', 'Storm', 'Fever', 'Aces', 'Liberty', 'Sparks', 'Mystics'],-21.000,,0,0,70,,42,1,2020,away,-1,,12,1,Sun,15,4,,156.000,12,7
21,10.500,,,2,Eastern,20200901,Tuesday,26,7.250,17.750,69,37,25,22,18,17,-1.500,13,12,1,0,,9,6,,['Wings', 'Aces', 'Liberty', 'Fever', 'Mercury', 'Storm', 'Wings', 'Sun', 'Storm', 'Mercury', 'Sky', 'Mystics', 'Sparks', 'Lynx', 'Lynx', 'Sparks'],25.000,,0,0,102,,32,1,2020,home,-1,,7,-2,Dream,20,10,,167.000,9,3
19,-10.500,,,5,Eastern,20200901,Tuesday,23,17.750,7.250,70,31,15,29,22,17,1.500,11,-12,0,1,,9,13,,['Mystics', 'Mercury', 'Wings', 'Dream', 'Sparks', 'Lynx', 'Mystics', 'Aces', 'Liberty', 'Sparks', 'Sun', 'Storm', 'Sky', 'Storm', 'Wings', 'Sky'],25.000,,0,0,90,,36,0,2020,away,2,,6,-4,Fever,19,6,,167.000,12,5
21,-15.500,,,2,Western,20200901,Tuesday,31,11.000,-4.500,75,32,14,21,18,16,-8.500,3,-7,1,0,,9,13,,['Sky', 'Dream', 'Mercury', 'Wings', 'Mystics', 'Sparks', 'Liberty', 'Fever', 'Lynx', 'Mystics', 'Sky', 'Sun', 'Storm', 'Wings', 'Liberty'],6.500,,0,0,85,,44,2,2020,home,1,,6,4,Aces,10,3,,170.500,12,12
26,15.500,,,12,Western,20200901,Tuesday,30,-4.500,11.000,74,34,19,12,10,17,8.500,7,7,0,1,,9,6,,['Sparks', 'Fever', 'Aces', 'Liberty', 'Dream', 'Sky', 'Storm', 'Wings', 'Sky', 'Dream', 'Wings', 'Sparks', 'Lynx', 'Mystics', 'Mystics', 'Lynx'],6.500,,0,0,92,,36,1,2020,away,-1,,4,3,Mercury,32,14,,170.500,8,9
23,-6.500,,,6,Eastern,20200902,Wednesday,29,4.250,-2.250,67,33,16,9,8,18,-3.500,6,-3,1,0,,9,8,,['Aces', 'Sparks', 'Lynx', 'Mystics', 'Wings', 'Mercury', 'Sun', 'Storm', 'Mercury', 'Sun', 'Dream', 'Aces', 'Liberty', 'Fever', 'Liberty', 'Storm', 'Fever'],2.000,,0,0,83,,37,1,2020,home,-1,,11,1,Sky,30,9,,167.000,23,11
23,6.500,,,4,Western,20200902,Wednesday,21,-2.250,4.250,74,33,14,14,10,17,3.500,5,3,0,1,,9,11,,['Sun', 'Storm', 'Sky', 'Sun', 'Liberty', 'Fever', 'Sparks', 'Mystics', 'Aces', 'Liberty', 'Wings', 'Mercury', 'Dream', 'Dream', 'Mercury', 'Sparks'],2.000,,0,0,86,,32,1,2020,away,2,,16,1,Lynx,19,10,,167.000,16,11
14,-1.500,,,1,Western,20200902,Wednesday,25,6.000,4.500,72,27,24,21,16,17,6.500,10,-8,1,0,,9,12,,['Dream', 'Liberty', 'Fever', 'Aces', 'Sky', 'Sun', 'Dream', 'Mercury', 'Sun', 'Storm', 'Mercury', 'Lynx', 'Mystics', 'Sparks', 'Aces', 'Fever'],10.500,,0,0,83,,37,3,2020,home,-1,,7,1,Wings,37,13,,163.500,11,6
17,1.500,,,4,Western,20200902,Wednesday,29,4.500,6.000,60,31,16,28,20,17,-6.500,4,8,0,1,,9,7,,['Mercury', 'Sky', 'Sun', 'Storm', 'Fever', 'Aces', 'Lynx', 'Liberty', 'Mystics', 'Fever', 'Mercury', 'Dream', 'Wings', 'Sun', 'Dream', 'Lynx'],10.500,,0,0,91,,36,1,2020,away,-1,,6,-1,Sparks,17,9,,163.500,13,12
18,-8.000,,,2,Western,20200902,Wednesday,32,-8.500,-16.500,62,24,10,22,18,17,-15.000,3,7,1,0,,9,11,,['Liberty', 'Lynx', 'Mystics', 'Sparks', 'Sun', 'Dream', 'Mercury', 'Sky', 'Dream', 'Wings', 'Sun', 'Liberty', 'Fever', 'Aces', 'Fever', 'Sky'],-25.000,,0,0,71,,43,3,2020,home,-1,,5,2,Storm,21,5,,160.000,13,13
19,8.000,,,3,Eastern,20200902,Wednesday,20,-16.500,-8.500,69,26,16,5,5,16,15.000,11,-7,0,1,,9,5,,['Fever', 'Sun', 'Storm', 'Sky', 'Aces', 'Liberty', 'Fever', 'Lynx', 'Sparks', 'Aces', 'Dream', 'Wings', 'Mercury', 'Mercury', 'Sun'],-25.000,,0,0,64,,25,2,2020,away,1,,5,-4,Mystics,27,7,,160.000,7,4
10,0.500,,,5,Eastern,20200903,Thursday,35,-24.000,-23.500,73,19,12,17,12,17,6.500,14,-6,1,0,,9,12,,['Storm', 'Wings', 'Dream', 'Mercury', 'Lynx', 'Mystics', 'Aces', 'Sparks', 'Fever', 'Lynx', 'Storm', 'Sky', 'Sun', 'Sky', 'Aces', 'Sun'],-47.500,,0,0,56,,47,1,2020,home,1,,8,-2,Liberty,35,6,,165.500,16,2
11,-0.500,,,8,Eastern,20200903,Thursday,37,-23.500,-24.000,81,26,14,9,8,18,-6.500,13,6,0,1,,9,12,,['Wings', 'Aces', 'Liberty', 'Fever', 'Mercury', 'Storm', 'Wings', 'Sun', 'Storm', 'Mercury', 'Sky', 'Mystics', 'Sparks', 'Lynx', 'Lynx', 'Sparks', 'Fever'],-47.500,,0,0,62,,49,1,2020,away,1,,9,1,Dream,18,2,,165.500,12,4
11,-9.000,,,7,Eastern,20200903,Thursday,24,10.000,1.000,61,25,17,29,24,18,6.000,9,-15,1,0,,9,17,,['Lynx', 'Mystics', 'Sparks', 'Lynx', 'Storm', 'Wings', 'Sky', 'Dream', 'Wings', 'Sky', 'Storm', 'Fever', 'Aces', 'Liberty', 'Sparks', 'Mystics', 'Liberty'],11.000,,0,0,78,,41,1,2020,home,-2,,5,2,Sun,20,4,,160.000,21,8
25,9.000,,,5,Western,20200903,Thursday,17,1.000,10.000,73,38,18,12,12,17,-6.000,4,15,0,1,,9,6,,['Sky', 'Dream', 'Mercury', 'Wings', 'Mystics', 'Sparks', 'Liberty', 'Fever', 'Lynx', 'Mystics', 'Sky', 'Sun', 'Storm', 'Wings', 'Liberty', 'Mercury'],11.000,,0,0,93,,23,1,2020,away,2,,11,-1,Aces,12,5,,160.000,10,12
22,17.000,,,8,Western,20200903,Thursday,26,-1.750,15.250,77,40,22,18,14,18,-7.000,7,24,1,0,,9,7,,['Sparks', 'Fever', 'Aces', 'Liberty', 'Dream', 'Sky', 'Storm', 'Wings', 'Sky', 'Dream', 'Wings', 'Sparks', 'Lynx', 'Mystics', 'Mystics', 'Lynx', 'Aces'],13.500,,0,0,105,,33,1,2020,home,-2,,10,4,Mercury,28,11,,172.500,10,10
17,-17.000,,,4,Eastern,20200903,Thursday,27,15.250,-1.750,67,28,16,25,18,18,7.000,12,-24,0,1,,9,8,,['Mystics', 'Mercury', 'Wings', 'Dream', 'Sparks', 'Lynx', 'Mystics', 'Aces', 'Liberty', 'Sparks', 'Sun', 'Storm', 'Sky', 'Storm', 'Wings', 'Sky', 'Dream'],13.500,,0,0,81,,35,1,2020,away,-1,,3,-5,Fever,17,7,,172.500,18,5
26,18.500,,,1,Eastern,20200904,Friday,27,-18.250,0.250,64,31,12,8,7,17,8.500,12,10,1,0,,9,4,,['Fever', 'Sun', 'Storm', 'Sky', 'Aces', 'Liberty', 'Fever', 'Lynx', 'Sparks', 'Aces', 'Dream', 'Wings', 'Mercury', 'Mercury', 'Sun', 'Storm'],-18.000,,0,0,79,,31,1,2020,home,-1,,7,-5,Mystics,29,10,,166.000,9,4
18,-18.500,,,2,Eastern,20200904,Friday,25,0.250,-18.250,63,28,14,7,6,19,-8.500,7,-10,0,1,,9,4,,['Aces', 'Sparks', 'Lynx', 'Mystics', 'Wings', 'Mercury', 'Sun', 'Storm', 'Mercury', 'Sun', 'Dream', 'Aces', 'Liberty', 'Fever', 'Liberty', 'Storm', 'Fever', 'Lynx'],-18.000,,0,0,69,,29,1,2020,away,1,,5,-1,Sky,26,7,,166.000,12,11
18,-9.000,,,3,Western,20200904,Friday,20,3.500,-5.500,64,27,22,16,16,18,4.000,11,-13,1,0,,9,3,,['Dream', 'Liberty', 'Fever', 'Aces', 'Sky', 'Sun', 'Dream', 'Mercury', 'Sun', 'Storm', 'Mercury', 'Lynx', 'Mystics', 'Sparks', 'Aces', 'Fever', 'Sparks'],-2.000,,0,0,75,,23,1,2020,home,1,,9,-1,Wings,26,5,,165.000,10,6
22,9.000,,,0,Western,20200904,Friday,30,-5.500,3.500,70,31,15,21,16,18,-4.000,5,13,0,1,,9,13,,['Sun', 'Storm', 'Sky', 'Sun', 'Liberty', 'Fever', 'Sparks', 'Mystics', 'Aces', 'Liberty', 'Wings', 'Mercury', 'Dream', 'Dream', 'Mercury', 'Sparks', 'Sky'],-2.000,,0,0,88,,43,1,2020,away,-1,,6,2,Lynx,21,10,,165.000,13,12
20,5.500,,,6,Western,20200904,Friday,22,6.750,12.250,62,33,20,16,15,18,6.500,4,-1,1,0,,9,3,,['Mercury', 'Sky', 'Sun', 'Storm', 'Fever', 'Aces', 'Lynx', 'Liberty', 'Mystics', 'Fever', 'Mercury', 'Dream', 'Wings', 'Sun', 'Dream', 'Lynx', 'Wings'],19.000,,0,0,89,,25,1,2020,home,-2,,7,1,Sparks,19,8,,160.000,13,13
25,-5.500,,,4,Western,20200904,Friday,22,12.250,6.750,66,32,17,24,19,18,-6.500,3,1,0,1,,9,8,,['Liberty', 'Lynx', 'Mystics', 'Sparks', 'Sun', 'Dream', 'Mercury', 'Sky', 'Dream', 'Wings', 'Sun', 'Liberty', 'Fever', 'Aces', 'Fever', 'Sky', 'Mystics'],19.000,,0,0,90,,30,1,2020,away,1,,10,3,Storm,20,7,,160.000,14,14
24,-12.500,,,4,Eastern,20200905,Saturday,23,12.250,-0.250,62,28,15,14,12,19,6.500,13,-19,1,0,,9,8,,['Mystics', 'Mercury', 'Wings', 'Dream', 'Sparks', 'Lynx', 'Mystics', 'Aces', 'Liberty', 'Sparks', 'Sun', 'Storm', 'Sky', 'Storm', 'Wings', 'Sky', 'Dream', 'Mercury'],12.000,,0,0,77,[16, 21, 21, 19],31,1,2020,home,-2,,3,-6,Fever,22,9,,161.000,19,5
25,12.500,,,4,Eastern,20200905,Saturday,24,-0.250,12.250,70,36,15,22,21,19,-6.500,10,19,0,1,,9,9,,['Lynx', 'Mystics', 'Sparks', 'Lynx', 'Storm', 'Wings', 'Sky', 'Dream', 'Wings', 'Sky', 'Storm', 'Fever', 'Aces', 'Liberty', 'Sparks', 'Mystics', 'Liberty', 'Aces'],12.000,,0,0,96,[20, 27, 29, 20],33,1,2020,away,1,,13,-1,Sun,9,3,,161.000,6,8
16,0.500,,,4,Eastern,20200905,Saturday,23,-1.250,-0.750,76,34,17,15,10,19,10.500,13,-10,1,0,,9,7,,['Wings', 'Aces', 'Liberty', 'Fever', 'Mercury', 'Storm', 'Wings', 'Sun', 'Storm', 'Mercury', 'Sky', 'Mystics', 'Sparks', 'Lynx', 'Lynx', 'Sparks', 'Fever', 'Liberty'],-2.000,,0,0,79,,30,1,2020,home,-1,,9,2,Dream,12,1,,170.000,9,5
19,-0.500,,,3,Western,20200905,Saturday,33,-0.750,-1.250,63,33,17,23,19,18,-10.500,4,10,0,1,,9,5,,['Sky', 'Dream', 'Mercury', 'Wings', 'Mystics', 'Sparks', 'Liberty', 'Fever', 'Lynx', 'Mystics', 'Sky', 'Sun', 'Storm', 'Wings', 'Liberty', 'Mercury', 'Sun'],-2.000,,0,0,89,,38,1,2020,away,-1,,8,1,Aces,12,4,,170.000,16,13
12,3.500,,,9,Western,20200905,Saturday,35,-10.500,-7.000,75,31,21,14,11,19,-12.500,7,16,0,1,,9,8,,['Sparks', 'Fever', 'Aces', 'Liberty', 'Dream', 'Sky', 'Storm', 'Wings', 'Sky', 'Dream', 'Wings', 'Sparks', 'Lynx', 'Mystics', 'Mystics', 'Lynx', 'Aces', 'Fever'],-17.500,,0,0,83,,43,1,2020,home,1,,4,5,Mercury,30,10,,167.500,10,11
10,-3.500,,,3,Eastern,20200905,Saturday,32,-7.000,-10.500,81,22,18,24,19,18,12.500,15,-16,1,0,,9,21,,['Storm', 'Wings', 'Dream', 'Mercury', 'Lynx', 'Mystics', 'Aces', 'Sparks', 'Fever', 'Lynx', 'Storm', 'Sky', 'Sun', 'Sky', 'Aces', 'Sun', 'Dream'],-17.500,,0,0,67,,53,1,2020,away,2,,4,-3,Liberty,35,4,,167.500,7,2
27,-8.000,,,3,Eastern,20200906,Sunday,26,21.000,13.000,72,38,21,14,12,18,-1.000,12,-7,1,0,,9,4,,['Fever', 'Sun', 'Storm', 'Sky', 'Aces', 'Liberty', 'Fever', 'Lynx', 'Sparks', 'Aces', 'Dream', 'Wings', 'Mercury', 'Mercury', 'Sun', 'Storm', 'Sky'],34.000,,1,0,94,,30,1,2020,home,1,,4,1,Mystics,21,6,,161.000,14,5
14,8.000,,,1,Western,20200906,Sunday,22,13.000,21.000,68,33,14,28,25,19,1.000,12,7,0,1,,9,4,,['Dream', 'Liberty', 'Fever', 'Aces', 'Sky', 'Sun', 'Dream', 'Mercury', 'Sun', 'Storm', 'Mercury', 'Lynx', 'Mystics', 'Sparks', 'Aces', 'Fever', 'Sparks', 'Lynx'],34.000,,1,0,101,,26,1,2020,away,2,,9,-2,Wings,24,10,,161.000,10,6
21,-8.000,,,0,Western,20200906,Sunday,20,19.000,11.000,62,29,19,21,18,19,7.000,5,-15,1,0,,9,14,,['Sun', 'Storm', 'Sky', 'Sun', 'Liberty', 'Fever', 'Sparks', 'Mystics', 'Aces', 'Liberty', 'Wings', 'Mercury', 'Dream', 'Dream', 'Mercury', 'Sparks', 'Sky', 'Wings'],30.000,,0,0,88,,34,1,2020,home,-2,,7,3,Lynx,26,12,,161.000,24,13
28,8.000,,,2,Western,20200906,Sunday,17,11.000,19.000,67,35,16,24,22,19,-7.000,3,15,0,1,,9,7,,['Liberty', 'Lynx', 'Mystics', 'Sparks', 'Sun', 'Dream', 'Mercury', 'Sky', 'Dream', 'Wings', 'Sun', 'Liberty', 'Fever', 'Aces', 'Fever', 'Sky', 'Mystics', 'Sparks'],30.000,,0,0,103,,24,1,2020,away,-1,,15,4,Storm,26,11,,161.000,12,15
19,1.000,,,3,Western,20200906,Sunday,29,-2.750,-1.750,67,34,17,13,10,19,-5.000,5,6,1,0,,9,9,,['Mercury', 'Sky', 'Sun', 'Storm', 'Fever', 'Aces', 'Lynx', 'Liberty', 'Mystics', 'Fever', 'Mercury', 'Dream', 'Wings', 'Sun', 'Dream', 'Lynx', 'Wings', 'Storm'],-4.500,,0,0,86,,38,1,2020,home,1,,6,-1,Sparks,14,8,,170.500,16,13
23,-1.000,,,3,Eastern,20200906,Sunday,26,-1.750,-2.750,74,33,19,10,6,20,5.000,8,-6,0,1,,9,10,,['Aces', 'Sparks', 'Lynx', 'Mystics', 'Wings', 'Mercury', 'Sun', 'Storm', 'Mercury', 'Sun', 'Dream', 'Aces', 'Liberty', 'Fever', 'Liberty', 'Storm', 'Fever', 'Lynx', 'Mystics'],-4.500,,0,0,80,,36,1,2020,away,-1,,8,-2,Sky,27,8,,170.500,15,11
14,-19.000,,,1,Western,20200907,Monday,25,3.750,-15.250,60,21,15,21,20,20,-3.000,7,-16,0,0,,9,7,,['Sparks', 'Fever', 'Aces', 'Liberty', 'Dream', 'Sky', 'Storm', 'Wings', 'Sky', 'Dream', 'Wings', 'Sparks', 'Lynx', 'Mystics', 'Mystics', 'Lynx', 'Aces', 'Fever', 'Liberty'],-11.500,,0,0,69,,32,1,2020,home,2,,3,6,Mercury,26,7,,165.500,16,12
22,19.000,,,3,Eastern,20200907,Monday,27,-15.250,3.750,75,33,19,15,12,20,3.000,10,16,0,0,,9,9,,['Lynx', 'Mystics', 'Sparks', 'Lynx', 'Storm', 'Wings', 'Sky', 'Dream', 'Wings', 'Sky', 'Storm', 'Fever', 'Aces', 'Liberty', 'Sparks', 'Mystics', 'Liberty', 'Aces', 'Fever'],-11.500,,0,0,85,,36,1,2020,away,-1,,7,1,Sun,18,7,,165.500,9,9
18,-12.500,,,4,Eastern,20200908,Tuesday,22,8.750,-3.750,58,22,18,16,14,19,13.500,16,-26,1,0,,9,4,,['Storm', 'Wings', 'Dream', 'Mercury', 'Lynx', 'Mystics', 'Aces', 'Sparks', 'Fever', 'Lynx', 'Storm', 'Sky', 'Sun', 'Sky', 'Aces', 'Sun', 'Dream', 'Mercury'],5.000,,0,0,70,,26,2,2020,home,-1,,7,-4,Liberty,35,12,,161.000,17,2
32,12.500,,,3,Western,20200908,Tuesday,27,-3.750,8.750,68,37,19,15,14,20,-13.500,5,26,0,1,,9,4,,['Mercury', 'Sky', 'Sun', 'Storm', 'Fever', 'Aces', 'Lynx', 'Liberty', 'Mystics', 'Fever', 'Mercury', 'Dream', 'Wings', 'Sun', 'Dream', 'Lynx', 'Wings', 'Storm', 'Sky'],5.000,,0,0,96,,31,1,2020,away,2,,9,1,Sparks,19,8,,161.000,11,14
22,11.000,,,1,Eastern,20200908,Tuesday,17,3.000,14.000,61,33,13,15,14,19,8.000,13,3,1,0,,9,6,,['Fever', 'Sun', 'Storm', 'Sky', 'Aces', 'Liberty', 'Fever', 'Lynx', 'Sparks', 'Aces', 'Dream', 'Wings', 'Mercury', 'Mercury', 'Sun', 'Storm', 'Sky', 'Wings'],17.000,,0,0,89,,23,1,2020,home,2,,6,-1,Mystics,26,9,,158.000,10,5
17,-11.000,,,2,Western,20200908,Tuesday,18,14.000,3.000,66,36,14,11,9,20,-8.000,6,-3,0,1,,9,10,,['Sun', 'Storm', 'Sky', 'Sun', 'Liberty', 'Fever', 'Sparks', 'Mystics', 'Aces', 'Liberty', 'Wings', 'Mercury', 'Dream', 'Dream', 'Mercury', 'Sparks', 'Sky', 'Wings', 'Storm'],17.000,,0,0,86,,28,1,2020,away,1,,4,-1,Lynx,18,5,,158.000,12,13
23,-8.000,,,4,Western,20200908,Tuesday,29,6.750,-1.250,70,32,7,32,26,19,-14.000,4,6,0,1,,9,13,,['Sky', 'Dream', 'Mercury', 'Wings', 'Mystics', 'Sparks', 'Liberty', 'Fever', 'Lynx', 'Mystics', 'Sky', 'Sun', 'Storm', 'Wings', 'Liberty', 'Mercury', 'Sun', 'Dream'],5.500,,0,0,92,,42,2,2020,home,-2,,9,2,Aces,6,2,,172.500,9,14
24,8.000,,,3,Eastern,20200908,Tuesday,24,-1.250,6.750,70,34,21,8,8,20,14.000,14,-6,1,0,,9,4,,['Mystics', 'Mercury', 'Wings', 'Dream', 'Sparks', 'Lynx', 'Mystics', 'Aces', 'Liberty', 'Sparks', 'Sun', 'Storm', 'Sky', 'Storm', 'Wings', 'Sky', 'Dream', 'Mercury', 'Sun'],5.500,,0,0,86,,28,2,2020,away,1,,6,-7,Fever,23,10,,172.500,13,5
13,-1.500,,,5,Eastern,20200909,Wednesday,34,17.500,16.000,84,31,23,30,25,21,3.500,10,-5,0,1,,9,21,,['Lynx', 'Mystics', 'Sparks', 'Lynx', 'Storm', 'Wings', 'Sky', 'Dream', 'Wings', 'Sky', 'Storm', 'Fever', 'Aces', 'Liberty', 'Sparks', 'Mystics', 'Liberty', 'Aces', 'Fever', 'Mercury'],33.500,,1,0,95,,55,1,2020,home,-2,,8,2,Sun,28,8,,161.500,16,10
24,1.500,,,7,Western,20200909,Wednesday,29,16.000,17.500,82,35,24,25,21,21,-3.500,8,5,1,0,,9,10,,['Sparks', 'Fever', 'Aces', 'Liberty', 'Dream', 'Sky', 'Storm', 'Wings', 'Sky', 'Dream', 'Wings', 'Sparks', 'Lynx', 'Mystics', 'Mystics', 'Lynx', 'Aces', 'Fever', 'Liberty', 'Sun'],33.500,,1,0,100,,39,1,2020,away,3,,7,-1,Mercury,33,9,,161.500,11,12
22,-15.500,,,4,Eastern,20200909,Wednesday,29,15.750,0.250,75,35,13,13,11,21,-7.500,9,-8,0,1,,9,6,,['Aces', 'Sparks', 'Lynx', 'Mystics', 'Wings', 'Mercury', 'Sun', 'Storm', 'Mercury', 'Sun', 'Dream', 'Aces', 'Liberty', 'Fever', 'Liberty', 'Storm', 'Fever', 'Lynx', 'Mystics', 'Sparks'],16.000,,0,0,89,,35,2,2020,home,-2,,6,-3,Sky,24,8,,170.000,11,11
19,15.500,,,2,Eastern,20200909,Wednesday,29,0.250,15.750,80,37,12,17,15,20,7.500,14,8,1,0,,9,12,,['Wings', 'Aces', 'Liberty', 'Fever', 'Mercury', 'Storm', 'Wings', 'Sun', 'Storm', 'Mercury', 'Sky', 'Mystics', 'Sparks', 'Lynx', 'Lynx', 'Sparks', 'Fever', 'Liberty', 'Aces'],16.000,,0,0,97,,41,3,2020,away,1,,9,-1,Dream,13,8,,170.000,9,5
30,-0.500,,,4,Western,20200909,Wednesday,27,18.250,17.750,77,39,22,22,20,20,-12.500,3,12,0,1,,9,9,,['Liberty', 'Lynx', 'Mystics', 'Sparks', 'Sun', 'Dream', 'Mercury', 'Sky', 'Dream', 'Wings', 'Sun', 'Liberty', 'Fever', 'Aces', 'Fever', 'Sky', 'Mystics', 'Sparks', 'Lynx'],36.000,,0,0,107,,36,2,2020,home,-2,,8,5,Storm,20,9,,166.000,10,16
20,0.500,,,3,Western,20200909,Wednesday,26,17.750,18.250,68,33,24,25,21,20,12.500,12,-12,1,0,,9,3,,['Dream', 'Liberty', 'Fever', 'Aces', 'Sky', 'Sun', 'Dream', 'Mercury', 'Sun', 'Storm', 'Mercury', 'Lynx', 'Mystics', 'Sparks', 'Aces', 'Fever', 'Sparks', 'Lynx', 'Mystics'],36.000,,0,0,95,,29,2,2020,away,-1,,2,1,Wings,24,8,,166.000,12,7
23,4.500,,,9,Eastern,20200910,Thursday,30,-5.000,-0.500,72,31,15,20,19,21,-5.500,15,10,0,1,,9,6,,['Mystics', 'Mercury', 'Wings', 'Dream', 'Sparks', 'Lynx', 'Mystics', 'Aces', 'Liberty', 'Sparks', 'Sun', 'Storm', 'Sky', 'Storm', 'Wings', 'Sky', 'Dream', 'Mercury', 'Sun', 'Aces'],-5.500,,0,0,85,,36,1,2020,home,-1,,5,-8,Fever,16,4,,165.500,13,5
14,-4.500,,,5,Eastern,20200910,Thursday,28,-0.500,-5.000,76,30,23,9,9,20,5.500,17,-10,1,0,,9,6,,['Storm', 'Wings', 'Dream', 'Mercury', 'Lynx', 'Mystics', 'Aces', 'Sparks', 'Fever', 'Lynx', 'Storm', 'Sky', 'Sun', 'Sky', 'Aces', 'Sun', 'Dream', 'Mercury', 'Sparks'],-5.500,,0,0,75,,34,1,2020,away,1,,7,-5,Liberty,26,6,,165.500,15,2
24,-10.000,,,3,Western,20200910,Thursday,26,18.750,8.750,72,33,16,14,13,21,5.000,7,-15,1,0,,9,7,,['Sun', 'Storm', 'Sky', 'Sun', 'Liberty', 'Fever', 'Sparks', 'Mystics', 'Aces', 'Liberty', 'Wings', 'Mercury', 'Dream', 'Dream', 'Mercury', 'Sparks', 'Sky', 'Wings', 'Storm', 'Mystics'],27.500,,0,0,89,,33,1,2020,home,-1,,4,-2,Lynx,29,10,,165.500,12,13
31,10.000,,,4,Western,20200910,Thursday,30,8.750,18.750,75,37,13,23,20,20,-5.000,4,15,0,1,,9,7,,['Sky', 'Dream', 'Mercury', 'Wings', 'Mystics', 'Sparks', 'Liberty', 'Fever', 'Lynx', 'Mystics', 'Sky', 'Sun', 'Storm', 'Wings', 'Liberty', 'Mercury', 'Sun', 'Dream', 'Fever'],27.500,,0,0,104,,37,1,2020,away,1,,10,3,Aces,18,10,,165.500,6,15
15,-16.000,,,4,Western,20200910,Thursday,28,3.000,-13.000,70,29,14,11,10,21,-8.000,5,-8,0,1,,9,13,,['Mercury', 'Sky', 'Sun', 'Storm', 'Fever', 'Aces', 'Lynx', 'Liberty', 'Mystics', 'Fever', 'Mercury', 'Dream', 'Wings', 'Sun', 'Dream', 'Lynx', 'Wings', 'Storm', 'Sky', 'Liberty'],-10.000,,0,0,72,,41,1,2020,home,-1,,7,2,Sparks,16,4,,162.000,13,15
24,16.000,,,3,Eastern,20200910,Thursday,26,-13.000,3.000,63,32,13,12,7,20,8.000,13,8,1,0,,9,3,,['Fever', 'Sun', 'Storm', 'Sky', 'Aces', 'Liberty', 'Fever', 'Lynx', 'Sparks', 'Aces', 'Dream', 'Wings', 'Mercury', 'Mercury', 'Sun', 'Storm', 'Sky', 'Wings', 'Lynx'],-10.000,,0,0,80,,29,1,2020,away,3,,10,1,Mystics,23,9,,162.000,10,6
16,-8.000,,,5,Eastern,20200911,Friday,31,-0.250,-8.250,64,28,19,20,13,22,-1.000,11,-7,0,1,,9,5,,['Lynx', 'Mystics', 'Sparks', 'Lynx', 'Storm', 'Wings', 'Sky', 'Dream', 'Wings', 'Sky', 'Storm', 'Fever', 'Aces', 'Liberty', 'Sparks', 'Mystics', 'Liberty', 'Aces', 'Fever', 'Mercury', 'Mercury'],-8.500,,0,0,75,,36,1,2020,home,1,,4,-1,Sun,21,6,,165.500,13,10
14,8.000,,,3,Eastern,20200911,Friday,32,-8.250,-0.250,77,31,17,21,17,21,1.000,14,7,1,0,,9,10,,['Wings', 'Aces', 'Liberty', 'Fever', 'Mercury', 'Storm', 'Wings', 'Sun', 'Storm', 'Mercury', 'Sky', 'Mystics', 'Sparks', 'Lynx', 'Lynx', 'Sparks', 'Fever', 'Liberty', 'Aces', 'Sky'],-8.500,,0,0,82,,42,1,2020,away,-1,,9,1,Dream,11,3,,165.500,8,6
20,-1.500,,,3,Western,20200911,Friday,17,6.750,5.250,83,33,15,17,12,21,5.500,13,-7,1,0,,9,15,,['Dream', 'Liberty', 'Fever', 'Aces', 'Sky', 'Sun', 'Dream', 'Mercury', 'Sun', 'Storm', 'Mercury', 'Lynx', 'Mystics', 'Sparks', 'Aces', 'Fever', 'Sparks', 'Lynx', 'Mystics', 'Storm'],12.000,,0,0,88,,32,1,2020,home,-2,,8,-1,Wings,31,10,,171.000,4,7
25,1.500,,,6,Eastern,20200911,Friday,32,5.250,6.750,59,34,14,23,21,22,-5.500,10,7,0,1,,9,5,,['Aces', 'Sparks', 'Lynx', 'Mystics', 'Wings', 'Mercury', 'Sun', 'Storm', 'Mercury', 'Sun', 'Dream', 'Aces', 'Liberty', 'Fever', 'Liberty', 'Storm', 'Fever', 'Lynx', 'Mystics', 'Sparks', 'Dream'],12.000,,0,0,95,,37,1,2020,away,1,,3,-4,Sky,11,6,,171.000,12,11
12,-18.500,,,4,Western,20200911,Friday,21,-2.250,-20.750,62,15,16,28,27,22,4.500,8,-23,1,0,,9,11,,['Sparks', 'Fever', 'Aces', 'Liberty', 'Dream', 'Sky', 'Storm', 'Wings', 'Sky', 'Dream', 'Wings', 'Sparks', 'Lynx', 'Mystics', 'Mystics', 'Lynx', 'Aces', 'Fever', 'Liberty', 'Sun', 'Sun'],-23.000,,0,0,60,,32,1,2020,home,-1,,8,1,Mercury,25,3,,166.000,14,13
22,18.500,,,2,Western,20200911,Friday,27,-20.750,-2.250,66,31,23,17,14,21,-4.500,3,23,0,1,,9,9,,['Liberty', 'Lynx', 'Mystics', 'Sparks', 'Sun', 'Dream', 'Mercury', 'Sky', 'Dream', 'Wings', 'Sun', 'Liberty', 'Fever', 'Aces', 'Fever', 'Sky', 'Mystics', 'Sparks', 'Lynx', 'Wings'],-23.000,,0,0,83,,36,1,2020,away,1,,5,6,Storm,17,7,,166.000,16,17
16,-9.000,,,6,Eastern,20200912,Saturday,30,-7.250,-16.250,55,21,9,8,7,21,8.000,18,-17,0,1,,9,5,,['Storm', 'Wings', 'Dream', 'Mercury', 'Lynx', 'Mystics', 'Aces', 'Sparks', 'Fever', 'Lynx', 'Storm', 'Sky', 'Sun', 'Sky', 'Aces', 'Sun', 'Dream', 'Mercury', 'Sparks', 'Fever'],-23.500,,0,0,58,[15, 14, 11, 18],35,1,2020,home,-1,,6,-6,Liberty,24,9,,156.500,25,2
20,9.000,,,3,Eastern,20200912,Saturday,27,-16.250,-7.250,73,29,11,11,11,21,-8.000,13,17,1,0,,9,9,,['Fever', 'Sun', 'Storm', 'Sky', 'Aces', 'Liberty', 'Fever', 'Lynx', 'Sparks', 'Aces', 'Dream', 'Wings', 'Mercury', 'Mercury', 'Sun', 'Storm', 'Sky', 'Wings', 'Lynx', 'Sparks'],-23.500,,0,0,75,[18, 18, 21, 18],36,1,2020,away,-1,,15,2,Mystics,23,6,,156.500,8,7
27,-7.000,,,2,Eastern,20200912,Saturday,19,11.500,4.500,68,31,13,17,15,22,5.000,15,-12,1,0,,9,13,,['Mystics', 'Mercury', 'Wings', 'Dream', 'Sparks', 'Lynx', 'Mystics', 'Aces', 'Liberty', 'Sparks', 'Sun', 'Storm', 'Sky', 'Storm', 'Wings', 'Sky', 'Dream', 'Mercury', 'Sun', 'Aces', 'Liberty'],16.000,,0,0,86,,32,1,2020,home,1,,5,1,Fever,26,9,,168.000,12,6
29,7.000,,,2,Western,20200912,Saturday,21,4.500,11.500,69,38,12,12,9,22,-5.000,8,12,0,1,,9,10,,['Sun', 'Storm', 'Sky', 'Sun', 'Liberty', 'Fever', 'Sparks', 'Mystics', 'Aces', 'Liberty', 'Wings', 'Mercury', 'Dream', 'Dream', 'Mercury', 'Sparks', 'Sky', 'Wings', 'Storm', 'Mystics', 'Aces'],16.000,,0,0,98,,31,1,2020,away,1,,5,-3,Lynx,22,13,,168.000,9,13
25,-10.000,,,3,Western,20200912,Saturday,23,-2.000,-12.000,72,27,16,12,11,22,4.000,6,-14,1,0,,9,6,,['Mercury', 'Sky', 'Sun', 'Storm', 'Fever', 'Aces', 'Lynx', 'Liberty', 'Mystics', 'Fever', 'Mercury', 'Dream', 'Wings', 'Sun', 'Dream', 'Lynx', 'Wings', 'Storm', 'Sky', 'Liberty', 'Mystics'],-14.000,,0,0,70,[17, 18, 25, 10],29,1,2020,home,1,,8,-1,Sparks,22,5,,168.000,12,15
22,10.000,,,4,Western,20200912,Saturday,33,-12.000,-2.000,61,32,16,19,15,21,-4.000,4,14,0,1,,9,5,,['Sky', 'Dream', 'Mercury', 'Wings', 'Mystics', 'Sparks', 'Liberty', 'Fever', 'Lynx', 'Mystics', 'Sky', 'Sun', 'Storm', 'Wings', 'Liberty', 'Mercury', 'Sun', 'Dream', 'Fever', 'Lynx'],-14.000,,0,0,84,[21, 22, 21, 20],38,1,2020,away,-1,,6,4,Aces,9,5,,168.000,15,16
18,7.500,,,4,Eastern,20200913,Sunday,28,-3.750,3.750,67,32,21,17,12,22,10.500,19,-3,1,0,,9,6,,['Storm', 'Wings', 'Dream', 'Mercury', 'Lynx', 'Mystics', 'Aces', 'Sparks', 'Fever', 'Lynx', 'Storm', 'Sky', 'Sun', 'Sky', 'Aces', 'Sun', 'Dream', 'Mercury', 'Sparks', 'Fever', 'Mystics'],0.000,,0,0,79,[17, 19, 31, 12],34,0,2020,home,1,,4,-7,Liberty,19,3,,161.000,14,2
14,-7.500,,,5,Western,20200913,Sunday,27,3.750,-3.750,70,27,16,22,19,22,-10.500,14,3,0,1,,9,8,,['Dream', 'Liberty', 'Fever', 'Aces', 'Sky', 'Sun', 'Dream', 'Mercury', 'Sun', 'Storm', 'Mercury', 'Lynx', 'Mystics', 'Sparks', 'Aces', 'Fever', 'Sparks', 'Lynx', 'Mystics', 'Storm', 'Sky'],0.000,,0,0,82,[23, 18, 22, 19],35,1,2020,away,1,,10,-2,Wings,36,9,,161.000,12,7
19,0.000,,,4,Western,20200913,Sunday,26,2.250,2.250,73,30,19,20,15,22,2.000,3,-2,1,0,,9,9,,['Liberty', 'Lynx', 'Mystics', 'Sparks', 'Sun', 'Dream', 'Mercury', 'Sky', 'Dream', 'Wings', 'Sun', 'Liberty', 'Fever', 'Aces', 'Fever', 'Sky', 'Mystics', 'Sparks', 'Lynx', 'Wings', 'Mercury'],4.500,,0,0,84,[27, 17, 22, 18],35,1,2020,home,-1,,5,7,Storm,21,9,,165.500,11,18
25,0.000,,,4,Western,20200913,Sunday,29,2.250,2.250,69,30,19,27,18,22,-2.000,4,2,0,1,,9,8,,['Sky', 'Dream', 'Mercury', 'Wings', 'Mystics', 'Sparks', 'Liberty', 'Fever', 'Lynx', 'Mystics', 'Sky', 'Sun', 'Storm', 'Wings', 'Liberty', 'Mercury', 'Sun', 'Dream', 'Fever', 'Lynx', 'Sparks'],4.500,,0,0,86,[20, 26, 18, 22],37,0,2020,away,-2,,4,5,Aces,19,8,,165.500,9,17
8,-1.000,,,0,Eastern,20200913,Sunday,28,0.000,-1.000,71,33,16,13,9,22,6.000,14,-7,1,0,,9,12,,['Wings', 'Aces', 'Liberty', 'Fever', 'Mercury', 'Storm', 'Wings', 'Sun', 'Storm', 'Mercury', 'Sky', 'Mystics', 'Sparks', 'Lynx', 'Lynx', 'Sparks', 'Fever', 'Liberty', 'Aces', 'Sky', 'Sun'],-1.000,,0,0,78,,40,1,2020,home,-2,,1,2,Dream,12,3,,164.000,9,7
21,1.000,,,5,Eastern,20200913,Sunday,23,-1.000,0.000,67,30,13,18,18,22,-6.000,13,7,0,1,,9,4,,['Fever', 'Sun', 'Storm', 'Sky', 'Aces', 'Liberty', 'Fever', 'Lynx', 'Sparks', 'Aces', 'Dream', 'Wings', 'Mercury', 'Mercury', 'Sun', 'Storm', 'Sky', 'Wings', 'Lynx', 'Sparks', 'Liberty'],-1.000,,0,0,85,,27,0,2020,away,-2,,6,3,Mystics,25,7,,164.000,1,8
18,-15.000,,,4,Eastern,20200915,Tuesday,16,12.250,-2.750,60,30,19,16,13,23,-2.000,10,-13,1,1,,9,5,,['Aces', 'Sparks', 'Lynx', 'Mystics', 'Wings', 'Mercury', 'Sun', 'Storm', 'Mercury', 'Sun', 'Dream', 'Aces', 'Liberty', 'Fever', 'Liberty', 'Storm', 'Fever', 'Lynx', 'Mystics', 'Sparks', 'Dream', 'Wings'],9.500,,0,1,81,,21,3,2020,home,-1,,8,1,Sky,20,8,,165.500,12,12
22,15.000,,,1,Eastern,20200915,Tuesday,23,-2.750,12.250,70,31,15,29,27,23,2.000,12,13,1,1,,9,17,,['Lynx', 'Mystics', 'Sparks', 'Lynx', 'Storm', 'Wings', 'Sky', 'Dream', 'Wings', 'Sky', 'Storm', 'Fever', 'Aces', 'Liberty', 'Sparks', 'Mystics', 'Liberty', 'Aces', 'Fever', 'Mercury', 'Mercury', 'Dream'],9.500,,0,1,94,,40,3,2020,away,2,,6,-2,Sun,17,5,,165.500,12,10
18,-3.500,,,6,Western,20200915,Tuesday,27,4.000,0.500,62,28,18,23,18,23,-4.500,9,1,0,2,,9,7,,['Sparks', 'Fever', 'Aces', 'Liberty', 'Dream', 'Sky', 'Storm', 'Wings', 'Sky', 'Dream', 'Wings', 'Sparks', 'Lynx', 'Mystics', 'Mystics', 'Lynx', 'Aces', 'Fever', 'Liberty', 'Sun', 'Sun', 'Storm'],4.500,,0,1,85,,34,3,2020,home,1,,6,-1,Mercury,24,11,,164.500,11,13
19,3.500,,,5,Eastern,20200915,Tuesday,25,0.500,4.000,74,32,17,13,11,23,4.500,13,-1,2,0,,9,9,,['Fever', 'Sun', 'Storm', 'Sky', 'Aces', 'Liberty', 'Fever', 'Lynx', 'Sparks', 'Aces', 'Dream', 'Wings', 'Mercury', 'Mercury', 'Sun', 'Storm', 'Sky', 'Wings', 'Lynx', 'Sparks', 'Liberty', 'Dream'],4.500,,0,1,84,,34,1,2020,away,-3,,5,4,Mystics,18,9,,164.500,9,9
15,-3.500,,,1,Western,20200917,Thursday,24,-2.500,-6.000,68,32,14,11,9,23,-4.500,8,1,1,1,,9,5,,['Sun', 'Storm', 'Sky', 'Sun', 'Liberty', 'Fever', 'Sparks', 'Mystics', 'Aces', 'Liberty', 'Wings', 'Mercury', 'Dream', 'Dream', 'Mercury', 'Sparks', 'Sky', 'Wings', 'Storm', 'Mystics', 'Aces', 'Fever'],-8.500,,0,1,80,,29,4,2020,home,-1,,8,1,Lynx,17,7,,167.500,12,14
23,3.500,,,1,Western,20200917,Thursday,29,-6.000,-2.500,67,30,17,10,8,24,4.500,9,-1,1,1,,9,5,,['Sparks', 'Fever', 'Aces', 'Liberty', 'Dream', 'Sky', 'Storm', 'Wings', 'Sky', 'Dream', 'Wings', 'Sparks', 'Lynx', 'Mystics', 'Mystics', 'Lynx', 'Aces', 'Fever', 'Liberty', 'Sun', 'Sun', 'Storm', 'Mystics'],-8.500,,0,1,79,,34,1,2020,away,2,,5,1,Mercury,30,11,,167.500,15,14
14,-19.000,,,5,Western,20200917,Thursday,28,-3.750,-22.750,60,20,16,18,17,23,-5.000,7,-14,0,2,,9,7,,['Mercury', 'Sky', 'Sun', 'Storm', 'Fever', 'Aces', 'Lynx', 'Liberty', 'Mystics', 'Fever', 'Mercury', 'Dream', 'Wings', 'Sun', 'Dream', 'Lynx', 'Wings', 'Storm', 'Sky', 'Liberty', 'Mystics', 'Aces'],-26.500,,0,1,59,,35,4,2020,home,2,,5,-2,Sparks,18,2,,158.500,14,15
23,19.000,,,2,Eastern,20200917,Thursday,29,-22.750,-3.750,71,27,15,10,10,24,5.000,12,14,2,0,,9,5,,['Lynx', 'Mystics', 'Sparks', 'Lynx', 'Storm', 'Wings', 'Sky', 'Dream', 'Wings', 'Sky', 'Storm', 'Fever', 'Aces', 'Liberty', 'Sparks', 'Mystics', 'Liberty', 'Aces', 'Fever', 'Mercury', 'Mercury', 'Dream', 'Sky'],-26.500,,0,1,73,,34,1,2020,away,-1,,7,1,Sun,20,9,,158.500,8,11
14,-31.000,,,2,Western,20200920,Sunday,24,8.750,-22.250,68,23,11,18,15,23,-6.000,4,-25,0,2,,9,5,,['Sky', 'Dream', 'Mercury', 'Wings', 'Mystics', 'Sparks', 'Liberty', 'Fever', 'Lynx', 'Mystics', 'Sky', 'Sun', 'Storm', 'Wings', 'Liberty', 'Mercury', 'Sun', 'Dream', 'Fever', 'Lynx', 'Sparks', 'Storm'],-13.500,,0,1,62,[10, 15, 16, 21],29,6,2020,home,-3,,7,6,Aces,14,1,,162.500,14,18
21,31.000,,,7,Eastern,20200920,Sunday,32,-22.250,8.750,68,34,20,13,11,25,6.000,12,25,2,0,,9,7,,['Lynx', 'Mystics', 'Sparks', 'Lynx', 'Storm', 'Wings', 'Sky', 'Dream', 'Wings', 'Sky', 'Storm', 'Fever', 'Aces', 'Liberty', 'Sparks', 'Mystics', 'Liberty', 'Aces', 'Fever', 'Mercury', 'Mercury', 'Dream', 'Sky', 'Sparks'],-13.500,,0,1,87,[14, 22, 28, 23],39,2,2020,away,-2,,10,2,Sun,19,8,,162.500,12,12
19,2.500,,,8,Western,20200922,Tuesday,23,-2.500,0.000,65,31,18,28,21,24,-5.500,5,8,1,2,,9,7,,['Sky', 'Dream', 'Mercury', 'Wings', 'Mystics', 'Sparks', 'Liberty', 'Fever', 'Lynx', 'Mystics', 'Sky', 'Sun', 'Storm', 'Wings', 'Liberty', 'Mercury', 'Sun', 'Dream', 'Fever', 'Lynx', 'Sparks', 'Storm', 'Sun'],-2.500,,0,1,83,,30,1,2020,home,1,,6,-1,Aces,4,0,,160.500,12,18
15,-2.500,,,7,Eastern,20200922,Tuesday,22,0.000,-2.500,69,31,22,7,7,26,5.500,12,-8,2,1,,9,9,,['Lynx', 'Mystics', 'Sparks', 'Lynx', 'Storm', 'Wings', 'Sky', 'Dream', 'Wings', 'Sky', 'Storm', 'Fever', 'Aces', 'Liberty', 'Sparks', 'Mystics', 'Liberty', 'Aces', 'Fever', 'Mercury', 'Mercury', 'Dream', 'Sky', 'Sparks', 'Aces'],-2.500,,0,1,75,,31,1,2020,away,-3,,6,3,Sun,20,6,,160.500,17,13
24,-6.500,,,5,Western,20200922,Tuesday,28,9.000,2.500,70,31,18,14,13,23,-8.500,4,2,0,2,,9,8,,['Liberty', 'Lynx', 'Mystics', 'Sparks', 'Sun', 'Dream', 'Mercury', 'Sky', 'Dream', 'Wings', 'Sun', 'Liberty', 'Fever', 'Aces', 'Fever', 'Sky', 'Mystics', 'Sparks', 'Lynx', 'Wings', 'Mercury', 'Aces'],11.500,,0,1,88,,36,8,2020,home,1,,4,-1,Storm,26,13,,162.500,16,18
21,6.500,,,7,Western,20200922,Tuesday,24,2.500,9.000,72,31,17,12,10,24,8.500,8,-2,2,0,,9,5,,['Sun', 'Storm', 'Sky', 'Sun', 'Liberty', 'Fever', 'Sparks', 'Mystics', 'Aces', 'Liberty', 'Wings', 'Mercury', 'Dream', 'Dream', 'Mercury', 'Sparks', 'Sky', 'Wings', 'Storm', 'Mystics', 'Aces', 'Fever', 'Mercury'],11.500,,0,1,86,,29,4,2020,away,1,,8,2,Lynx,31,14,,162.500,9,15
17,15.500,,,1,Eastern,20200924,Thursday,28,-15.500,0.000,82,32,14,15,12,27,6.500,13,9,3,1,,9,14,,['Lynx', 'Mystics', 'Sparks', 'Lynx', 'Storm', 'Wings', 'Sky', 'Dream', 'Wings', 'Sky', 'Storm', 'Fever', 'Aces', 'Liberty', 'Sparks', 'Mystics', 'Liberty', 'Aces', 'Fever', 'Mercury', 'Mercury', 'Dream', 'Sky', 'Sparks', 'Aces', 'Aces'],-15.500,,0,1,77,,42,1,2020,home,-4,,11,-1,Sun,11,1,,160.500,4,13
23,-15.500,,,5,Western,20200924,Thursday,34,0.000,-15.500,67,26,19,11,11,25,-6.500,5,-9,1,3,,9,8,,['Sky', 'Dream', 'Mercury', 'Wings', 'Mystics', 'Sparks', 'Liberty', 'Fever', 'Lynx', 'Mystics', 'Sky', 'Sun', 'Storm', 'Wings', 'Liberty', 'Mercury', 'Sun', 'Dream', 'Fever', 'Lynx', 'Sparks', 'Storm', 'Sun', 'Sun'],-15.500,,0,1,68,,42,1,2020,away,2,,3,1,Aces,14,5,,160.500,15,19
23,2.000,,,3,Western,20200924,Thursday,32,1.250,3.250,61,31,19,18,17,24,-8.000,4,10,0,3,,9,5,,['Liberty', 'Lynx', 'Mystics', 'Sparks', 'Sun', 'Dream', 'Mercury', 'Sky', 'Dream', 'Wings', 'Sun', 'Liberty', 'Fever', 'Aces', 'Fever', 'Sky', 'Mystics', 'Sparks', 'Lynx', 'Wings', 'Mercury', 'Aces', 'Lynx'],4.500,,0,1,89,,37,1,2020,home,2,,7,1,Storm,31,10,,163.500,13,19
20,-2.000,,,1,Western,20200924,Thursday,21,3.250,1.250,65,26,17,18,14,25,8.000,9,-10,3,0,,9,7,,['Sun', 'Storm', 'Sky', 'Sun', 'Liberty', 'Fever', 'Sparks', 'Mystics', 'Aces', 'Liberty', 'Wings', 'Mercury', 'Dream', 'Dream', 'Mercury', 'Sparks', 'Sky', 'Wings', 'Storm', 'Mystics', 'Aces', 'Fever', 'Mercury', 'Storm'],4.500,,0,1,79,,28,1,2020,away,-1,,5,-1,Lynx,28,13,,163.500,9,15
19,-6.000,,,3,Eastern,20200927,Sunday,27,3.750,-2.250,63,26,14,20,14,28,3.000,13,-9,3,2,,9,6,,['Lynx', 'Mystics', 'Sparks', 'Lynx', 'Storm', 'Wings', 'Sky', 'Dream', 'Wings', 'Sky', 'Storm', 'Fever', 'Aces', 'Liberty', 'Sparks', 'Mystics', 'Liberty', 'Aces', 'Fever', 'Mercury', 'Mercury', 'Dream', 'Sky', 'Sparks', 'Aces', 'Aces', 'Aces'],1.500,,0,1,75,[24, 14, 16, 21],33,2,2020,home,1,,4,1,Sun,24,9,,157.500,12,14
19,6.000,,,3,Western,20200927,Sunday,27,-2.250,3.750,71,34,15,17,15,26,-3.000,6,9,2,3,,9,5,,['Sky', 'Dream', 'Mercury', 'Wings', 'Mystics', 'Sparks', 'Liberty', 'Fever', 'Lynx', 'Mystics', 'Sky', 'Sun', 'Storm', 'Wings', 'Liberty', 'Mercury', 'Sun', 'Dream', 'Fever', 'Lynx', 'Sparks', 'Storm', 'Sun', 'Sun', 'Sun'],1.500,,0,1,84,[22, 15, 28, 19],32,2,2020,away,-1,,7,-1,Aces,9,1,,157.500,7,19
17,-12.500,,,4,Western,20200927,Sunday,29,5.250,-7.250,68,26,17,14,12,26,8.500,10,-21,4,0,,9,11,,['Sun', 'Storm', 'Sky', 'Sun', 'Liberty', 'Fever', 'Sparks', 'Mystics', 'Aces', 'Liberty', 'Wings', 'Mercury', 'Dream', 'Dream', 'Mercury', 'Sparks', 'Sky', 'Wings', 'Storm', 'Mystics', 'Aces', 'Fever', 'Mercury', 'Storm', 'Storm'],-2.000,,0,1,71,[12, 19, 20, 20],40,2,2020,home,-2,,3,-2,Lynx,22,7,,165.000,19,15
31,12.500,,,2,Western,20200927,Sunday,27,-7.250,5.250,78,37,18,13,11,25,-8.500,4,21,0,4,,9,7,,['Liberty', 'Lynx', 'Mystics', 'Sparks', 'Sun', 'Dream', 'Mercury', 'Sky', 'Dream', 'Wings', 'Sun', 'Liberty', 'Fever', 'Aces', 'Fever', 'Sky', 'Mystics', 'Sparks', 'Lynx', 'Wings', 'Mercury', 'Aces', 'Lynx', 'Lynx'],-2.000,,0,1,92,[24, 22, 18, 28],34,2,2020,away,3,,10,2,Storm,26,7,,165.000,5,20
16,-0.500,,,4,Western,20200929,Tuesday,30,-13.750,-14.250,62,22,15,22,19,27,-3.500,6,3,2,4,,9,11,,['Sky', 'Dream', 'Mercury', 'Wings', 'Mystics', 'Sparks', 'Liberty', 'Fever', 'Lynx', 'Mystics', 'Sky', 'Sun', 'Storm', 'Wings', 'Liberty', 'Mercury', 'Sun', 'Dream', 'Fever', 'Lynx', 'Sparks', 'Storm', 'Sun', 'Sun', 'Sun', 'Sun'],-28.000,,0,1,66,,41,1,2020,home,-2,,8,1,Aces,9,3,,157.000,18,20
19,0.500,,,4,Eastern,20200929,Tuesday,26,-14.250,-13.750,71,26,21,9,8,29,3.500,14,-3,4,2,,9,10,,['Lynx', 'Mystics', 'Sparks', 'Lynx', 'Storm', 'Wings', 'Sky', 'Dream', 'Wings', 'Sky', 'Storm', 'Fever', 'Aces', 'Liberty', 'Sparks', 'Mystics', 'Liberty', 'Aces', 'Fever', 'Mercury', 'Mercury', 'Dream', 'Sky', 'Sparks', 'Aces', 'Aces', 'Aces', 'Aces'],-28.000,,0,1,63,,36,1,2020,away,2,,14,-1,Sun,19,3,,157.000,15,14
17,-7.500,,,2,Western,20201002,Friday,28,8.250,0.750,77,27,14,20,16,28,5.500,6,-13,0,2,,10,11,,['Sky', 'Dream', 'Mercury', 'Wings', 'Mystics', 'Sparks', 'Liberty', 'Fever', 'Lynx', 'Mystics', 'Sky', 'Sun', 'Storm', 'Wings', 'Liberty', 'Mercury', 'Sun', 'Dream', 'Fever', 'Lynx', 'Sparks', 'Storm', 'Sun', 'Sun', 'Sun', 'Sun', 'Sun'],9.000,,0,1,80,,39,2,2020,home,1,,3,2,Aces,21,10,,164.000,8,21
27,7.500,,,9,Western,20201002,Friday,34,0.750,8.250,72,36,19,14,12,26,-5.500,4,13,2,0,,10,3,,['Liberty', 'Lynx', 'Mystics', 'Sparks', 'Sun', 'Dream', 'Mercury', 'Sky', 'Dream', 'Wings', 'Sun', 'Liberty', 'Fever', 'Aces', 'Fever', 'Sky', 'Mystics', 'Sparks', 'Lynx', 'Wings', 'Mercury', 'Aces', 'Lynx', 'Lynx', 'Lynx'],9.000,,0,1,93,,37,4,2020,away,-1,,6,3,Storm,25,9,,164.000,8,21
29,-6.000,,,2,Western,20201004,Sunday,21,17.000,11.000,75,39,19,5,5,29,7.000,7,-13,1,2,,10,13,,['Sky', 'Dream', 'Mercury', 'Wings', 'Mystics', 'Sparks', 'Liberty', 'Fever', 'Lynx', 'Mystics', 'Sky', 'Sun', 'Storm', 'Wings', 'Liberty', 'Mercury', 'Sun', 'Dream', 'Fever', 'Lynx', 'Sparks', 'Storm', 'Sun', 'Sun', 'Sun', 'Sun', 'Sun', 'Storm'],28.000,,0,1,91,[24, 18, 26, 23],34,1,2020,home,2,,6,-1,Aces,19,8,,167.000,15,21
33,6.000,,,5,Western,20201004,Sunday,19,11.000,17.000,70,40,11,15,12,27,-7.000,4,13,2,1,,10,7,,['Liberty', 'Lynx', 'Mystics', 'Sparks', 'Sun', 'Dream', 'Mercury', 'Sky', 'Dream', 'Wings', 'Sun', 'Liberty', 'Fever', 'Aces', 'Fever', 'Sky', 'Mystics', 'Sparks', 'Lynx', 'Wings', 'Mercury', 'Aces', 'Lynx', 'Lynx', 'Lynx', 'Aces'],28.000,,0,1,104,[31, 17, 27, 29],26,1,2020,away,-2,,10,4,Storm,26,12,,167.000,10,22
26,25.500,,,2,Western,20201006,Tuesday,31,-23.000,2.500,80,38,18,12,9,28,-7.500,4,33,2,2,,10,11,,['Liberty', 'Lynx', 'Mystics', 'Sparks', 'Sun', 'Dream', 'Mercury', 'Sky', 'Dream', 'Wings', 'Sun', 'Liberty', 'Fever', 'Aces', 'Fever', 'Sky', 'Mystics', 'Sparks', 'Lynx', 'Wings', 'Mercury', 'Aces', 'Lynx', 'Lynx', 'Lynx', 'Aces', 'Aces'],-20.500,,0,1,92,,42,1,2020,home,-3,,8,5,Storm,26,7,,171.500,6,23
14,-25.500,,,2,Western,20201006,Tuesday,26,2.500,-23.000,64,22,21,18,13,30,7.500,8,-33,2,2,,10,7,,['Sky', 'Dream', 'Mercury', 'Wings', 'Mystics', 'Sparks', 'Liberty', 'Fever', 'Lynx', 'Mystics', 'Sky', 'Sun', 'Storm', 'Wings', 'Liberty', 'Mercury', 'Sun', 'Dream', 'Fever', 'Lynx', 'Sparks', 'Storm', 'Sun', 'Sun', 'Sun', 'Sun', 'Sun', 'Storm', 'Storm'],-20.500,,0,1,59,,33,1,2020,away,3,,5,-2,Aces,5,2,,171.500,18,21